1	1575841308336	-1.192	-10.173	1.286	Falling Higher Freq
2	1575841308337	-1.192	-10.173	1.286	Falling Higher Freq
3	1575841308338	-1.245	-10.038	1.374	Falling Higher Freq
4	1575841308339	-1.24	-10.017	1.386	Falling Higher Freq
5	1575841308340	-1.235	-9.993	1.393	Falling Higher Freq
6	1575841308362	-1.226	-9.95	1.398	Falling Higher Freq
7	1575841308363	-1.209	-9.916	1.401	Falling Higher Freq
8	1575841308364	-1.209	-9.912	1.386	Falling Higher Freq
9	1575841308365	-1.195	-9.902	1.379	Falling Higher Freq
10	1575841308366	-1.178	-9.89	1.369	Falling Higher Freq
11	1575841308367	-1.168	-9.883	1.362	Falling Higher Freq
12	1575841308368	-1.147	-9.895	1.362	Falling Higher Freq
13	1575841308369	-1.118	-9.914	1.348	Falling Higher Freq
14	1575841308370	-1.099	-9.921	1.334	Falling Higher Freq
15	1575841308371	-1.08	-9.928	1.334	Falling Higher Freq
16	1575841308372	-1.056	-9.921	1.343	Falling Higher Freq
17	1575841308373	-1.056	-9.921	1.343	Falling Higher Freq
18	1575841308387	-1.02	-9.916	1.341	Falling Higher Freq
19	1575841308388	-0.996	-9.916	1.336	Falling Higher Freq
20	1575841308389	-0.984	-9.888	1.336	Falling Higher Freq
21	1575841308390	-0.97	-9.871	1.324	Falling Higher Freq
22	1575841308391	-0.938	-9.876	1.322	Falling Higher Freq
23	1575841308392	-0.891	-9.873	1.326	Falling Higher Freq
24	1575841308393	-0.85	-9.868	1.324	Falling Higher Freq
25	1575841308394	-0.819	-9.876	1.319	Falling Higher Freq
26	1575841308395	-0.788	-9.878	1.345	Falling Higher Freq
27	1575841308403	-0.745	-9.868	1.35	Falling Higher Freq
28	1575841308404	-0.733	-9.84	1.357	Falling Higher Freq
29	1575841308405	-0.721	-9.84	1.362	Falling Higher Freq
30	1575841308406	-0.697	-9.833	1.377	Falling Higher Freq
31	1575841308407	-0.685	-9.828	1.396	Falling Higher Freq
32	1575841308408	-0.675	-9.83	1.396	Falling Higher Freq
33	1575841308409	-0.646	-9.825	1.398	Falling Higher Freq
34	1575841308410	-0.62	-9.821	1.408	Falling Higher Freq
35	1575841308411	-0.606	-9.813	1.413	Falling Higher Freq
36	1575841308412	-0.599	-9.811	1.42	Falling Higher Freq
37	1575841308413	-0.599	-9.821	1.439	Falling Higher Freq
38	1575841308443	-0.594	-9.816	1.451	Falling Higher Freq
39	1575841308444	-0.579	-9.801	1.46	Falling Higher Freq
40	1575841308445	-0.589	-9.797	1.472	Falling Higher Freq
41	1575841308446	-0.596	-9.813	1.47	Falling Higher Freq
42	1575841308447	-0.603	-9.83	1.463	Falling Higher Freq
43	1575841308449	-0.61	-9.842	1.472	Falling Higher Freq
44	1575841308450	-0.606	-9.857	1.48	Falling Higher Freq
45	1575841308451	-0.599	-9.861	1.472	Falling Higher Freq
46	1575841308452	-0.599	-9.876	1.48	Falling Higher Freq
47	1575841308453	-0.587	-9.878	1.48	Falling Higher Freq
48	1575841308454	-0.575	-9.871	1.468	Falling Higher Freq
49	1575841308455	-0.572	-9.866	1.458	Falling Higher Freq
50	1575841308456	-0.563	-9.866	1.453	Falling Higher Freq
51	1575841308457	-0.567	-9.859	1.463	Falling Higher Freq
52	1575841308458	-0.584	-9.847	1.475	Falling Higher Freq
53	1575841308459	-0.587	-9.847	1.482	Falling Higher Freq
54	1575841308460	-0.579	-9.837	1.468	Falling Higher Freq
55	1575841308461	-0.582	-9.821	1.436	Falling Higher Freq
56	1575841308462	-0.579	-9.818	1.439	Falling Higher Freq
57	1575841308463	-0.577	-9.816	1.453	Falling Higher Freq
58	1575841308464	-0.563	-9.792	1.453	Falling Higher Freq
59	1575841308465	-0.534	-9.775	1.448	Falling Higher Freq
60	1575841308467	-0.512	-9.756	1.458	Falling Higher Freq
61	1575841308470	-0.484	-9.742	1.475	Falling Higher Freq
62	1575841308472	-0.46	-9.742	1.468	Falling Higher Freq
63	1575841308474	-0.431	-9.73	1.472	Falling Higher Freq
64	1575841308477	-0.395	-9.71	1.477	Falling Higher Freq
65	1575841308480	-0.359	-9.696	1.48	Falling Higher Freq
66	1575841308482	-0.333	-9.684	1.499	Falling Higher Freq
67	1575841308485	-0.323	-9.672	1.52	Falling Higher Freq
68	1575841308487	-0.318	-9.641	1.518	Falling Higher Freq
69	1575841308489	-0.323	-9.612	1.518	Falling Higher Freq
70	1575841308492	-0.33	-9.588	1.537	Falling Higher Freq
71	1575841308495	-0.326	-9.562	1.556	Falling Higher Freq
72	1575841308497	-0.309	-9.538	1.551	Falling Higher Freq
73	1575841308500	-0.285	-9.502	1.556	Falling Higher Freq
74	1575841308502	-0.271	-9.469	1.578	Falling Higher Freq
75	1575841308504	-0.263	-9.44	1.587	Falling Higher Freq
76	1575841308507	-0.249	-9.418	1.582	Falling Higher Freq
77	1575841308509	-0.23	-9.399	1.578	Falling Higher Freq
78	1575841308511	-0.223	-9.378	1.594	Falling Higher Freq
79	1575841308515	-0.213	-9.361	1.609	Falling Higher Freq
80	1575841308517	-0.208	-9.349	1.604	Falling Higher Freq
81	1575841308519	-0.211	-9.332	1.606	Falling Higher Freq
82	1575841308522	-0.208	-9.311	1.606	Falling Higher Freq
83	1575841308523	-0.199	-9.296	1.611	Falling Higher Freq
84	1575841308526	-0.192	-9.284	1.623	Falling Higher Freq
85	1575841308528	-0.18	-9.26	1.623	Falling Higher Freq
86	1575841308532	-0.175	-9.248	1.628	Falling Higher Freq
87	1575841308534	-0.165	-9.241	1.64	Falling Higher Freq
88	1575841308537	-0.148	-9.224	1.659	Falling Higher Freq
89	1575841308538	-0.139	-9.203	1.659	Falling Higher Freq
90	1575841308540	-0.124	-9.193	1.652	Falling Higher Freq
91	1575841308544	-0.122	-9.191	1.65	Falling Higher Freq
92	1575841308547	-0.113	-9.177	1.647	Falling Higher Freq
93	1575841308549	-0.098	-9.153	1.647	Falling Higher Freq
94	1575841308552	-0.089	-9.138	1.652	Falling Higher Freq
95	1575841308554	-0.072	-9.124	1.657	Falling Higher Freq
96	1575841308556	-0.065	-9.107	1.65	Falling Higher Freq
97	1575841308558	-0.053	-9.11	1.647	Falling Higher Freq
98	1575841308560	-0.019	-9.112	1.64	Falling Higher Freq
99	1575841308563	0.01	-9.09	1.645	Falling Higher Freq
100	1575841308567	0.026	-9.071	1.659	Falling Higher Freq
101	1575841308568	0.034	-9.059	1.664	Falling Higher Freq
102	1575841308571	0.048	-9.038	1.666	Falling Higher Freq
103	1575841308573	0.074	-9.035	1.673	Falling Higher Freq
104	1575841308575	0.086	-9.043	1.683	Falling Higher Freq
105	1575841308579	0.091	-9.04	1.695	Falling Higher Freq
106	1575841308583	0.11	-9.047	1.702	Falling Higher Freq
107	1575841308584	0.117	-9.045	1.695	Falling Higher Freq
108	1575841308585	0.124	-9.04	1.671	Falling Higher Freq
109	1575841308587	0.141	-9.033	1.664	Falling Higher Freq
110	1575841308590	0.148	-9.028	1.678	Falling Higher Freq
111	1575841308591	0.146	-9.023	1.7	Falling Higher Freq
112	1575841308594	0.134	-8.997	1.714	Falling Higher Freq
113	1575841308597	0.124	-8.985	1.721	Falling Higher Freq
114	1575841308599	0.132	-8.99	1.726	Falling Higher Freq
115	1575841308602	0.148	-8.992	1.736	Falling Higher Freq
116	1575841308604	0.165	-8.985	1.752	Falling Higher Freq
117	1575841308606	0.17	-8.98	1.75	Falling Higher Freq
118	1575841308610	0.175	-8.978	1.743	Falling Higher Freq
119	1575841308612	0.187	-8.964	1.752	Falling Higher Freq
120	1575841308614	0.175	-8.947	1.752	Falling Higher Freq
121	1575841308617	0.172	-8.961	1.767	Falling Higher Freq
122	1575841308620	0.163	-8.964	1.784	Falling Higher Freq
123	1575841308622	0.16	-8.935	1.781	Falling Higher Freq
124	1575841308624	0.158	-8.928	1.786	Falling Higher Freq
125	1575841308626	0.163	-8.932	1.803	Falling Higher Freq
126	1575841308629	0.189	-8.92	1.796	Falling Higher Freq
127	1575841308631	0.203	-8.925	1.796	Falling Higher Freq
128	1575841308634	0.211	-8.932	1.803	Falling Higher Freq
129	1575841308636	0.208	-8.94	1.803	Falling Higher Freq
130	1575841308638	0.215	-8.944	1.812	Falling Higher Freq
131	1575841308641	0.201	-8.949	1.817	Falling Higher Freq
132	1575841308643	0.194	-8.961	1.817	Falling Higher Freq
133	1575841308646	0.211	-8.971	1.82	Falling Higher Freq
134	1575841308649	0.227	-8.992	1.82	Falling Higher Freq
135	1575841308651	0.249	-9.009	1.824	Falling Higher Freq
136	1575841308654	0.256	-9.026	1.824	Falling Higher Freq
137	1575841308655	0.259	-9.054	1.829	Falling Higher Freq
138	1575841308659	0.247	-9.069	1.822	Falling Higher Freq
139	1575841308661	0.232	-9.081	1.81	Falling Higher Freq
140	1575841308664	0.208	-9.1	1.81	Falling Higher Freq
141	1575841308666	0.177	-9.119	1.812	Falling Higher Freq
142	1575841308670	0.158	-9.131	1.822	Falling Higher Freq
143	1575841308671	0.144	-9.138	1.82	Falling Higher Freq
144	1575841308673	0.136	-9.145	1.803	Falling Higher Freq
145	1575841308675	0.141	-9.138	1.812	Falling Higher Freq
146	1575841308678	0.16	-9.141	1.82	Falling Higher Freq
147	1575841308680	0.17	-9.133	1.815	Falling Higher Freq
148	1575841308683	0.16	-9.133	1.793	Falling Higher Freq
149	1575841308685	0.163	-9.143	1.779	Falling Higher Freq
150	1575841308687	0.17	-9.143	1.786	Falling Higher Freq
151	1575841308690	0.175	-9.157	1.779	Falling Higher Freq
152	1575841308692	0.184	-9.16	1.776	Falling Higher Freq
153	1575841308695	0.184	-9.153	1.788	Falling Higher Freq
154	1575841308697	0.184	-9.165	1.798	Falling Higher Freq
155	1575841308700	0.187	-9.16	1.781	Falling Higher Freq
156	1575841308702	0.196	-9.155	1.762	Falling Higher Freq
157	1575841308705	0.199	-9.169	1.755	Falling Higher Freq
158	1575841308707	0.194	-9.169	1.743	Falling Higher Freq
159	1575841308711	0.211	-9.174	1.741	Falling Higher Freq
160	1575841308713	0.227	-9.198	1.736	Falling Higher Freq
161	1575841308715	0.22	-9.198	1.726	Falling Higher Freq
162	1575841308719	0.232	-9.196	1.712	Falling Higher Freq
163	1575841308721	0.237	-9.217	1.7	Falling Higher Freq
164	1575841308723	0.239	-9.246	1.693	Falling Higher Freq
165	1575841308727	0.256	-9.26	1.685	Falling Higher Freq
166	1575841308728	0.256	-9.268	1.683	Falling Higher Freq
167	1575841308729	0.259	-9.289	1.685	Falling Higher Freq
168	1575841308732	0.261	-9.301	1.7	Falling Higher Freq
169	1575841308734	0.251	-9.299	1.721	Falling Higher Freq
170	1575841308736	0.251	-9.318	1.7	Falling Higher Freq
171	1575841308739	0.247	-9.335	1.681	Falling Higher Freq
172	1575841308742	0.235	-9.335	1.678	Falling Higher Freq
173	1575841308744	0.227	-9.344	1.669	Falling Higher Freq
174	1575841308748	0.211	-9.368	1.662	Falling Higher Freq
175	1575841308749	0.203	-9.394	1.659	Falling Higher Freq
176	1575841308752	0.211	-9.402	1.657	Falling Higher Freq
177	1575841308754	0.194	-9.409	1.652	Falling Higher Freq
178	1575841308756	0.165	-9.406	1.654	Falling Higher Freq
179	1575841308759	0.153	-9.394	1.664	Falling Higher Freq
180	1575841308761	0.158	-9.399	1.664	Falling Higher Freq
181	1575841308764	0.141	-9.406	1.664	Falling Higher Freq
182	1575841308766	0.127	-9.406	1.662	Falling Higher Freq
183	1575841308769	0.12	-9.385	1.654	Falling Higher Freq
184	1575841308771	0.113	-9.366	1.664	Falling Higher Freq
185	1575841308774	0.124	-9.366	1.676	Falling Higher Freq
186	1575841308776	0.132	-9.349	1.683	Falling Higher Freq
187	1575841308778	0.141	-9.33	1.681	Falling Higher Freq
188	1575841308781	0.153	-9.313	1.681	Falling Higher Freq
189	1575841308783	0.146	-9.308	1.678	Falling Higher Freq
190	1575841308786	0.134	-9.299	1.688	Falling Higher Freq
191	1575841308787	0.141	-9.289	1.695	Falling Higher Freq
192	1575841308790	0.146	-9.268	1.693	Falling Higher Freq
193	1575841308792	0.146	-9.256	1.695	Falling Higher Freq
194	1575841308796	0.156	-9.258	1.693	Falling Higher Freq
195	1575841308798	0.17	-9.251	1.69	Falling Higher Freq
196	1575841308800	0.18	-9.241	1.693	Falling Higher Freq
197	1575841308803	0.196	-9.222	1.683	Falling Higher Freq
198	1575841308805	0.211	-9.22	1.671	Falling Higher Freq
199	1575841308808	0.213	-9.215	1.673	Falling Higher Freq
200	1575841308811	0.232	-9.205	1.671	Falling Higher Freq
201	1575841308813	0.247	-9.193	1.671	Falling Higher Freq
202	1575841308815	0.23	-9.189	1.678	Falling Higher Freq
203	1575841308818	0.232	-9.208	1.688	Falling Higher Freq
204	1575841308820	0.242	-9.212	1.685	Falling Higher Freq
205	1575841308824	0.244	-9.21	1.673	Falling Higher Freq
206	1575841308826	0.261	-9.217	1.673	Falling Higher Freq
207	1575841308827	0.263	-9.232	1.669	Falling Higher Freq
208	1575841308833	0.268	-9.236	1.666	Falling Higher Freq
209	1575841308834	0.29	-9.239	1.662	Falling Higher Freq
210	1575841308835	0.311	-9.236	1.642	Falling Higher Freq
211	1575841308838	0.316	-9.232	1.628	Falling Higher Freq
212	1575841308840	0.321	-9.229	1.609	Falling Higher Freq
213	1575841308842	0.338	-9.229	1.58	Falling Higher Freq
214	1575841308845	0.34	-9.232	1.542	Falling Higher Freq
215	1575841308847	0.338	-9.224	1.52	Falling Higher Freq
216	1575841308850	0.357	-9.244	1.506	Falling Higher Freq
217	1575841308853	0.378	-9.265	1.499	Falling Higher Freq
218	1575841308855	0.388	-9.277	1.511	Falling Higher Freq
219	1575841308857	0.369	-9.272	1.508	Falling Higher Freq
220	1575841308860	0.362	-9.256	1.472	Falling Higher Freq
221	1575841308863	0.388	-9.256	1.46	Falling Higher Freq
222	1575841308866	0.402	-9.275	1.46	Falling Higher Freq
223	1575841308869	0.412	-9.301	1.434	Falling Higher Freq
224	1575841308870	0.424	-9.308	1.424	Falling Higher Freq
225	1575841308871	0.438	-9.323	1.417	Falling Higher Freq
226	1575841308875	0.448	-9.351	1.398	Falling Higher Freq
227	1575841308877	0.445	-9.361	1.393	Falling Higher Freq
228	1575841308879	0.441	-9.368	1.393	Falling Higher Freq
229	1575841308882	0.443	-9.375	1.384	Falling Higher Freq
230	1575841308884	0.436	-9.385	1.384	Falling Higher Freq
231	1575841308886	0.431	-9.402	1.384	Falling Higher Freq
232	1575841308888	0.45	-9.418	1.369	Falling Higher Freq
233	1575841308890	0.469	-9.423	1.345	Falling Higher Freq
234	1575841308893	0.462	-9.421	1.331	Falling Higher Freq
235	1575841308896	0.45	-9.43	1.305	Falling Higher Freq
236	1575841308899	0.448	-9.461	1.293	Falling Higher Freq
237	1575841308901	0.438	-9.488	1.302	Falling Higher Freq
238	1575841308904	0.421	-9.5	1.295	Falling Higher Freq
239	1575841308906	0.417	-9.519	1.283	Falling Higher Freq
240	1575841308908	0.426	-9.545	1.266	Falling Higher Freq
241	1575841308911	0.414	-9.562	1.259	Falling Higher Freq
242	1575841308913	0.4	-9.591	1.25	Falling Higher Freq
243	1575841308916	0.407	-9.617	1.235	Falling Higher Freq
244	1575841308918	0.409	-9.629	1.209	Falling Higher Freq
245	1575841308920	0.4	-9.634	1.19	Falling Higher Freq
246	1575841308923	0.383	-9.646	1.199	Falling Higher Freq
247	1575841308925	0.383	-9.665	1.199	Falling Higher Freq
248	1575841308928	0.381	-9.672	1.187	Falling Higher Freq
249	1575841308930	0.376	-9.682	1.171	Falling Higher Freq
250	1575841308932	0.364	-9.703	1.156	Falling Higher Freq
251	1575841308935	0.345	-9.72	1.142	Falling Higher Freq
252	1575841308938	0.323	-9.734	1.128	Falling Higher Freq
253	1575841308941	0.297	-9.749	1.123	Falling Higher Freq
254	1575841308943	0.28	-9.756	1.104	Falling Higher Freq
255	1575841308946	0.28	-9.766	1.082	Falling Higher Freq
256	1575841308947	0.283	-9.78	1.073	Falling Higher Freq
257	1575841308950	0.261	-9.787	1.061	Falling Higher Freq
258	1575841308953	0.244	-9.801	1.051	Falling Higher Freq
259	1575841308955	0.251	-9.818	1.041	Falling Higher Freq
260	1575841308958	0.259	-9.823	1.039	Falling Higher Freq
261	1575841308960	0.254	-9.825	1.027	Falling Higher Freq
262	1575841308963	0.247	-9.83	1.017	Falling Higher Freq
263	1575841308965	0.239	-9.833	1.022	Falling Higher Freq
264	1575841308968	0.235	-9.833	1.01	Falling Higher Freq
265	1575841308970	0.242	-9.837	0.994	Falling Higher Freq
266	1575841308972	0.256	-9.847	0.984	Falling Higher Freq
267	1575841308975	0.256	-9.84	0.991	Falling Higher Freq
268	1575841308977	0.259	-9.828	1.013	Falling Higher Freq
269	1575841308980	0.268	-9.83	1.017	Falling Higher Freq
270	1575841308982	0.242	-9.83	1.022	Falling Higher Freq
271	1575841308984	0.218	-9.823	1.034	Falling Higher Freq
272	1575841308986	0.208	-9.816	1.032	Falling Higher Freq
273	1575841308989	0.201	-9.821	1.027	Falling Higher Freq
274	1575841308991	0.218	-9.821	1.041	Falling Higher Freq
275	1575841308993	0.239	-9.818	1.051	Falling Higher Freq
276	1575841308996	0.256	-9.813	1.056	Falling Higher Freq
277	1575841308999	0.251	-9.813	1.068	Falling Higher Freq
278	1575841309002	0.242	-9.816	1.085	Falling Higher Freq
279	1575841309004	0.244	-9.813	1.101	Falling Higher Freq
280	1575841309006	0.242	-9.823	1.104	Falling Higher Freq
281	1575841309009	0.237	-9.825	1.118	Falling Higher Freq
282	1575841309012	0.223	-9.813	1.135	Falling Higher Freq
283	1575841309014	0.208	-9.799	1.137	Falling Higher Freq
284	1575841309016	0.208	-9.789	1.135	Falling Higher Freq
285	1575841309019	0.211	-9.782	1.142	Falling Higher Freq
286	1575841309022	0.215	-9.766	1.164	Falling Higher Freq
287	1575841309024	0.22	-9.761	1.171	Falling Higher Freq
288	1575841309027	0.22	-9.763	1.173	Falling Higher Freq
289	1575841309029	0.244	-9.758	1.183	Falling Higher Freq
290	1575841309032	0.271	-9.751	1.18	Falling Higher Freq
291	1575841309033	0.254	-9.751	1.171	Falling Higher Freq
292	1575841309035	0.249	-9.754	1.176	Falling Higher Freq
293	1575841309038	0.268	-9.746	1.19	Falling Higher Freq
294	1575841309041	0.263	-9.739	1.192	Falling Higher Freq
295	1575841309043	0.249	-9.744	1.19	Falling Higher Freq
296	1575841309045	0.259	-9.739	1.195	Falling Higher Freq
297	1575841309048	0.271	-9.725	1.195	Falling Higher Freq
298	1575841309050	0.273	-9.725	1.204	Falling Higher Freq
299	1575841309053	0.268	-9.73	1.211	Falling Higher Freq
300	1575841309055	0.271	-9.727	1.207	Falling Higher Freq
301	1575841309058	0.292	-9.713	1.214	Falling Higher Freq
302	1575841309060	0.299	-9.71	1.211	Falling Higher Freq
303	1575841309063	0.316	-9.72	1.202	Falling Higher Freq
304	1575841309065	0.321	-9.715	1.199	Falling Higher Freq
305	1575841309067	0.318	-9.708	1.197	Falling Higher Freq
306	1575841309070	0.323	-9.718	1.214	Falling Higher Freq
307	1575841309073	0.328	-9.715	1.226	Falling Higher Freq
308	1575841309075	0.347	-9.718	1.228	Falling Higher Freq
309	1575841309078	0.357	-9.715	1.231	Falling Higher Freq
310	1575841309080	0.354	-9.696	1.221	Falling Higher Freq
311	1575841309083	0.347	-9.682	1.219	Falling Higher Freq
312	1575841309085	0.34	-9.679	1.238	Falling Higher Freq
313	1575841309087	0.345	-9.665	1.255	Falling Higher Freq
314	1575841309089	0.342	-9.672	1.257	Falling Higher Freq
315	1575841309091	0.335	-9.706	1.255	Falling Higher Freq
316	1575841309094	0.345	-9.713	1.264	Falling Higher Freq
317	1575841309097	0.345	-9.715	1.286	Falling Higher Freq
318	1575841309101	0.347	-9.713	1.3	Falling Higher Freq
319	1575841309102	0.357	-9.703	1.298	Falling Higher Freq
320	1575841309105	0.35	-9.698	1.283	Falling Higher Freq
321	1575841309107	0.342	-9.684	1.293	Falling Higher Freq
322	1575841309110	0.35	-9.672	1.317	Falling Higher Freq
323	1575841309113	0.35	-9.67	1.326	Falling Higher Freq
324	1575841309114	0.345	-9.66	1.341	Falling Higher Freq
325	1575841309117	0.347	-9.639	1.345	Falling Higher Freq
326	1575841309119	0.359	-9.624	1.341	Falling Higher Freq
327	1575841309123	0.362	-9.624	1.331	Falling Higher Freq
328	1575841309124	0.357	-9.629	1.334	Falling Higher Freq
329	1575841309127	0.362	-9.639	1.336	Falling Higher Freq
330	1575841309129	0.371	-9.655	1.336	Falling Higher Freq
331	1575841309132	0.366	-9.658	1.334	Falling Higher Freq
332	1575841309134	0.354	-9.665	1.336	Falling Higher Freq
333	1575841309136	0.357	-9.679	1.345	Falling Higher Freq
334	1575841309139	0.362	-9.67	1.353	Falling Higher Freq
335	1575841309142	0.364	-9.665	1.36	Falling Higher Freq
336	1575841309144	0.354	-9.675	1.353	Falling Higher Freq
337	1575841309147	0.354	-9.672	1.336	Falling Higher Freq
338	1575841309150	0.364	-9.663	1.331	Falling Higher Freq
339	1575841309152	0.357	-9.66	1.336	Falling Higher Freq
340	1575841309154	0.354	-9.667	1.329	Falling Higher Freq
341	1575841309157	0.359	-9.687	1.317	Falling Higher Freq
342	1575841309159	0.369	-9.703	1.302	Falling Higher Freq
343	1575841309162	0.373	-9.706	1.295	Falling Higher Freq
344	1575841309166	0.369	-9.708	1.3	Falling Higher Freq
345	1575841309167	0.364	-9.71	1.3	Falling Higher Freq
346	1575841309170	0.347	-9.718	1.295	Falling Higher Freq
347	1575841309173	0.328	-9.725	1.288	Falling Higher Freq
348	1575841309174	0.304	-9.722	1.286	Falling Higher Freq
349	1575841309177	0.283	-9.725	1.29	Falling Higher Freq
350	1575841309178	0.273	-9.734	1.281	Falling Higher Freq
351	1575841309182	0.266	-9.751	1.276	Falling Higher Freq
352	1575841309183	0.28	-9.754	1.276	Falling Higher Freq
353	1575841309187	0.299	-9.749	1.266	Falling Higher Freq
354	1575841309188	0.297	-9.763	1.266	Falling Higher Freq
355	1575841309190	0.294	-9.777	1.266	Falling Higher Freq
356	1575841309194	0.285	-9.78	1.264	Falling Higher Freq
357	1575841309196	0.271	-9.782	1.276	Falling Higher Freq
358	1575841309199	0.273	-9.777	1.283	Falling Higher Freq
359	1575841309202	0.268	-9.777	1.278	Falling Higher Freq
360	1575841309203	0.266	-9.775	1.283	Falling Higher Freq
361	1575841309208	0.266	-9.78	1.281	Falling Higher Freq
362	1575841309210	0.251	-9.78	1.29	Falling Higher Freq
363	1575841309211	0.251	-9.77	1.31	Falling Higher Freq
364	1575841309215	0.263	-9.761	1.302	Falling Higher Freq
365	1575841309216	0.278	-9.744	1.3	Falling Higher Freq
366	1575841309217	0.299	-9.725	1.31	Falling Higher Freq
367	1575841309222	0.304	-9.701	1.312	Falling Higher Freq
368	1575841309223	0.304	-9.689	1.31	Falling Higher Freq
369	1575841309226	0.311	-9.689	1.302	Falling Higher Freq
370	1575841309230	0.316	-9.684	1.286	Falling Higher Freq
371	1575841309231	0.335	-9.679	1.281	Falling Higher Freq
372	1575841309233	0.369	-9.684	1.278	Falling Higher Freq
373	1575841309237	0.393	-9.687	1.278	Falling Higher Freq
374	1575841309238	0.417	-9.684	1.281	Falling Higher Freq
375	1575841309244	0.426	-9.667	1.266	Falling Higher Freq
376	1575841309245	0.445	-9.643	1.257	Falling Higher Freq
377	1575841309246	0.476	-9.636	1.247	Falling Higher Freq
378	1575841309247	0.488	-9.636	1.231	Falling Higher Freq
379	1575841309250	0.498	-9.634	1.228	Falling Higher Freq
380	1575841309253	0.51	-9.639	1.226	Falling Higher Freq
381	1575841309254	0.515	-9.634	1.231	Falling Higher Freq
382	1575841309257	0.52	-9.622	1.233	Falling Higher Freq
383	1575841309259	0.517	-9.605	1.238	Falling Higher Freq
384	1575841309261	0.524	-9.579	1.247	Falling Higher Freq
385	1575841309264	0.548	-9.555	1.238	Falling Higher Freq
386	1575841309266	0.572	-9.545	1.231	Falling Higher Freq
387	1575841309269	0.599	-9.538	1.223	Falling Higher Freq
388	1575841309271	0.618	-9.536	1.238	Falling Higher Freq
389	1575841309274	0.649	-9.536	1.252	Falling Higher Freq
390	1575841309277	0.678	-9.529	1.257	Falling Higher Freq
391	1575841309280	0.694	-9.497	1.262	Falling Higher Freq
392	1575841309282	0.721	-9.481	1.286	Falling Higher Freq
393	1575841309284	0.733	-9.476	1.314	Falling Higher Freq
394	1575841309287	0.747	-9.466	1.329	Falling Higher Freq
395	1575841309288	0.778	-9.447	1.341	Falling Higher Freq
396	1575841309291	0.807	-9.44	1.35	Falling Higher Freq
397	1575841309294	0.836	-9.445	1.365	Falling Higher Freq
398	1575841309297	0.869	-9.445	1.377	Falling Higher Freq
399	1575841309299	0.893	-9.454	1.391	Falling Higher Freq
400	1575841309301	0.917	-9.469	1.422	Falling Higher Freq
401	1575841309304	0.938	-9.473	1.468	Falling Higher Freq
402	1575841309306	0.958	-9.502	1.537	Falling Higher Freq
403	1575841309309	0.982	-9.552	1.587	Falling Higher Freq
404	1575841309311	1.029	-9.552	1.563	Falling Higher Freq
405	1575841309313	1.106	-9.505	1.518	Falling Higher Freq
406	1575841309316	1.166	-9.423	1.48	Falling Higher Freq
407	1575841309318	1.216	-9.359	1.453	Falling Higher Freq
408	1575841309321	1.264	-9.325	1.453	Falling Higher Freq
409	1575841309323	1.326	-9.311	1.475	Falling Higher Freq
410	1575841309325	1.386	-9.323	1.492	Falling Higher Freq
411	1575841309329	1.415	-9.339	1.506	Falling Higher Freq
412	1575841309331	1.439	-9.347	1.513	Falling Higher Freq
413	1575841309333	1.465	-9.354	1.508	Falling Higher Freq
414	1575841309335	1.513	-9.356	1.513	Falling Higher Freq
415	1575841309338	1.573	-9.344	1.518	Falling Higher Freq
416	1575841309340	1.614	-9.32	1.53	Falling Higher Freq
417	1575841309343	1.642	-9.299	1.535	Falling Higher Freq
418	1575841309345	1.662	-9.282	1.532	Falling Higher Freq
419	1575841309348	1.676	-9.239	1.537	Falling Higher Freq
420	1575841309350	1.693	-9.186	1.566	Falling Higher Freq
421	1575841309353	1.709	-9.145	1.59	Falling Higher Freq
422	1575841309355	1.736	-9.126	1.609	Falling Higher Freq
423	1575841309358	1.772	-9.105	1.638	Falling Higher Freq
424	1575841309360	1.793	-9.086	1.666	Falling Higher Freq
425	1575841309362	1.81	-9.081	1.697	Falling Higher Freq
426	1575841309365	1.836	-9.074	1.721	Falling Higher Freq
427	1575841309367	1.858	-9.064	1.724	Falling Higher Freq
428	1575841309370	1.896	-9.05	1.736	Falling Higher Freq
429	1575841309373	1.937	-9.043	1.75	Falling Higher Freq
430	1575841309375	1.978	-9.047	1.767	Falling Higher Freq
431	1575841309378	2.028	-9.043	1.798	Falling Higher Freq
432	1575841309380	2.071	-9.016	1.831	Falling Higher Freq
433	1575841309382	2.092	-8.975	1.872	Falling Higher Freq
434	1575841309385	2.121	-8.928	1.925	Falling Higher Freq
435	1575841309386	2.152	-8.894	1.973	Falling Higher Freq
436	1575841309388	2.159	-8.865	1.997	Falling Higher Freq
437	1575841309391	2.174	-8.839	2.011	Falling Higher Freq
438	1575841309394	2.188	-8.82	2.033	Falling Higher Freq
439	1575841309397	2.195	-8.815	2.028	Falling Higher Freq
440	1575841309400	2.195	-8.808	2.035	Falling Higher Freq
441	1575841309402	2.188	-8.786	2.076	Falling Higher Freq
442	1575841309404	2.191	-8.774	2.1	Falling Higher Freq
443	1575841309406	2.198	-8.758	2.112	Falling Higher Freq
444	1575841309409	2.21	-8.724	2.126	Falling Higher Freq
445	1575841309412	2.222	-8.683	2.14	Falling Higher Freq
446	1575841309414	2.231	-8.645	2.162	Falling Higher Freq
447	1575841309416	2.238	-8.612	2.174	Falling Higher Freq
448	1575841309419	2.265	-8.571	2.186	Falling Higher Freq
449	1575841309421	2.296	-8.53	2.198	Falling Higher Freq
450	1575841309423	2.315	-8.489	2.215	Falling Higher Freq
451	1575841309427	2.327	-8.422	2.248	Falling Higher Freq
452	1575841309429	2.339	-8.353	2.282	Falling Higher Freq
453	1575841309431	2.344	-8.288	2.294	Falling Higher Freq
454	1575841309434	2.341	-8.229	2.289	Falling Higher Freq
455	1575841309436	2.358	-8.197	2.286	Falling Higher Freq
456	1575841309439	2.385	-8.159	2.291	Falling Higher Freq
457	1575841309441	2.406	-8.099	2.301	Falling Higher Freq
458	1575841309447	2.437	-8.035	2.296	Falling Higher Freq
459	1575841309448	2.466	-7.965	2.286	Falling Higher Freq
460	1575841309449	2.485	-7.896	2.303	Falling Higher Freq
461	1575841309451	2.504	-7.817	2.334	Falling Higher Freq
462	1575841309453	2.523	-7.731	2.375	Falling Higher Freq
463	1575841309456	2.552	-7.632	2.423	Falling Higher Freq
464	1575841309458	2.576	-7.525	2.471	Falling Higher Freq
465	1575841309460	2.578	-7.429	2.487	Falling Higher Freq
466	1575841309464	2.569	-7.352	2.499	Falling Higher Freq
467	1575841309465	2.576	-7.268	2.533	Falling Higher Freq
468	1575841309468	2.569	-7.17	2.588	Falling Higher Freq
469	1575841309471	2.559	-7.063	2.665	Falling Higher Freq
470	1575841309473	2.557	-6.933	2.746	Falling Higher Freq
471	1575841309476	2.55	-6.809	2.792	Falling Higher Freq
472	1575841309478	2.545	-6.713	2.782	Falling Higher Freq
473	1575841309481	2.54	-6.613	2.801	Falling Higher Freq
474	1575841309483	2.564	-6.514	2.839	Falling Higher Freq
475	1575841309485	2.576	-6.368	2.863	Falling Higher Freq
476	1575841309487	2.581	-6.21	2.892	Falling Higher Freq
477	1575841309489	2.583	-6.074	2.926	Falling Higher Freq
478	1575841309492	2.562	-5.942	2.976	Falling Higher Freq
479	1575841309495	2.55	-5.827	3.019	Falling Higher Freq
480	1575841309497	2.557	-5.751	3.041	Falling Higher Freq
481	1575841309500	2.552	-5.71	3.041	Falling Higher Freq
482	1575841309502	2.559	-5.672	3.026	Falling Higher Freq
483	1575841309504	2.571	-5.607	3.021	Falling Higher Freq
484	1575841309507	2.564	-5.526	3.002	Falling Higher Freq
485	1575841309510	2.545	-5.444	2.981	Falling Higher Freq
486	1575841309512	2.509	-5.38	2.978	Falling Higher Freq
487	1575841309515	2.456	-5.346	2.995	Falling Higher Freq
488	1575841309517	2.428	-5.322	3.029	Falling Higher Freq
489	1575841309519	2.406	-5.257	3.045	Falling Higher Freq
490	1575841309522	2.375	-5.147	3.06	Falling Higher Freq
491	1575841309525	2.344	-5.02	3.045	Falling Higher Freq
492	1575841309526	2.291	-4.91	3.012	Falling Higher Freq
493	1575841309529	2.227	-4.834	2.962	Falling Higher Freq
494	1575841309532	2.15	-4.757	2.873	Falling Higher Freq
495	1575841309535	2.064	-4.712	2.787	Falling Higher Freq
496	1575841309537	1.98	-4.676	2.715	Falling Higher Freq
497	1575841309539	1.889	-4.64	2.66	Falling Higher Freq
498	1575841309541	1.793	-4.621	2.59	Falling Higher Freq
499	1575841309544	1.7	-4.597	2.531	Falling Higher Freq
500	1575841309546	1.626	-4.563	2.509	Falling Higher Freq
501	1575841309549	1.559	-4.52	2.514	Falling Higher Freq
502	1575841309551	1.482	-4.453	2.521	Falling Higher Freq
503	1575841309554	1.401	-4.355	2.521	Falling Higher Freq
504	1575841309556	1.324	-4.259	2.526	Falling Higher Freq
505	1575841309559	1.245	-4.175	2.526	Falling Higher Freq
506	1575841309561	1.161	-4.089	2.526	Falling Higher Freq
507	1575841309563	1.063	-4.029	2.528	Falling Higher Freq
508	1575841309566	0.96	-4.01	2.499	Falling Higher Freq
509	1575841309568	0.852	-3.981	2.464	Falling Higher Freq
510	1575841309571	0.745	-3.95	2.437	Falling Higher Freq
511	1575841309573	0.644	-3.936	2.411	Falling Higher Freq
512	1575841309576	0.546	-3.922	2.382	Falling Higher Freq
513	1575841309578	0.474	-3.893	2.358	Falling Higher Freq
514	1575841309580	0.409	-3.828	2.346	Falling Higher Freq
515	1575841309583	0.354	-3.723	2.349	Falling Higher Freq
516	1575841309585	0.316	-3.622	2.373	Falling Higher Freq
517	1575841309587	0.28	-3.522	2.408	Falling Higher Freq
518	1575841309590	0.273	-3.412	2.449	Falling Higher Freq
519	1575841309592	0.244	-3.306	2.487	Falling Higher Freq
520	1575841309595	0.194	-3.199	2.523	Falling Higher Freq
521	1575841309598	0.148	-3.091	2.578	Falling Higher Freq
522	1575841309601	0.117	-2.976	2.631	Falling Higher Freq
523	1575841309603	0.084	-2.847	2.701	Falling Higher Freq
524	1575841309605	0.043	-2.72	2.772	Falling Higher Freq
525	1575841309608	0.014	-2.624	2.777	Falling Higher Freq
526	1575841309610	-0.014	-2.55	2.758	Falling Higher Freq
527	1575841309613	-0.053	-2.48	2.734	Falling Higher Freq
528	1575841309615	-0.101	-2.447	2.705	Falling Higher Freq
529	1575841309617	-0.141	-2.411	2.657	Falling Higher Freq
530	1575841309620	-0.177	-2.327	2.555	Falling Higher Freq
531	1575841309622	-0.22	-2.205	2.418	Falling Higher Freq
532	1575841309625	-0.283	-2.061	2.238	Falling Higher Freq
533	1575841309627	-0.371	-1.92	2.049	Falling Higher Freq
534	1575841309630	-0.503	-1.798	1.879	Falling Higher Freq
535	1575841309632	-0.687	-1.671	1.769	Falling Higher Freq
536	1575841309635	-0.917	-1.542	1.853	Falling Higher Freq
537	1575841309637	-1.152	-1.434	2.021	Falling Higher Freq
538	1575841309640	-1.36	-1.381	2.119	Falling Higher Freq
539	1575841309642	-1.578	-1.367	2.425	Falling Higher Freq
540	1575841309645	-1.788	-1.384	2.758	Falling Higher Freq
541	1575841309647	-1.937	-1.422	2.77	Falling Higher Freq
542	1575841309649	-1.98	-1.432	2.624	Falling Higher Freq
543	1575841309652	-1.93	-1.381	2.444	Falling Higher Freq
544	1575841309655	-1.834	-1.264	2.291	Falling Higher Freq
545	1575841309656	-1.65	-1.087	1.91	Falling Higher Freq
546	1575841309659	-1.396	-0.869	1.305	Falling Higher Freq
547	1575841309661	-1.178	-0.675	0.8	Falling Higher Freq
548	1575841309664	-1.032	-0.541	0.393	Falling Higher Freq
549	1575841309666	-0.955	-0.486	-0.01	Falling Higher Freq
550	1575841309669	-0.984	-0.491	-0.357	Falling Higher Freq
551	1575841309671	-1.068	-0.522	-0.632	Falling Higher Freq
552	1575841309674	-1.185	-0.579	-0.881	Falling Higher Freq
553	1575841309677	-1.326	-0.615	-1.096	Falling Higher Freq
554	1575841309679	-1.432	-0.584	-1.288	Falling Higher Freq
555	1575841309681	-1.518	-0.515	-1.501	Falling Higher Freq
556	1575841309684	-1.59	-0.436	-1.726	Falling Higher Freq
557	1575841309686	-1.635	-0.338	-1.896	Falling Higher Freq
558	1575841309688	-1.65	-0.208	-2.028	Falling Higher Freq
559	1575841309690	-1.671	-0.067	-2.167	Falling Higher Freq
560	1575841309693	-1.695	0.065	-2.339	Falling Higher Freq
561	1575841309696	-1.743	0.259	-2.526	Falling Higher Freq
562	1575841309698	-1.831	0.496	-2.653	Falling Higher Freq
563	1575841309701	-1.848	0.613	-2.787	Falling Higher Freq
564	1575841309703	-1.817	0.613	-2.892	Falling Higher Freq
565	1575841309705	-1.831	0.613	-2.935	Falling Higher Freq
566	1575841309708	-1.86	0.646	-2.95	Falling Higher Freq
567	1575841309711	-1.934	0.673	-2.906	Falling Higher Freq
568	1575841309713	-2.025	0.699	-2.94	Falling Higher Freq
569	1575841309715	-2.097	0.761	-3.11	Falling Higher Freq
570	1575841309718	-2.15	0.838	-3.316	Falling Higher Freq
571	1575841309721	-2.234	0.869	-3.445	Falling Higher Freq
572	1575841309723	-2.329	0.9	-3.558	Falling Higher Freq
573	1575841309725	-2.377	1.029	-3.692	Falling Higher Freq
574	1575841309728	-2.444	1.226	-3.775	Falling Higher Freq
575	1575841309731	-2.514	1.396	-3.862	Falling Higher Freq
576	1575841309733	-2.571	1.439	-3.929	Falling Higher Freq
577	1575841309735	-2.638	1.353	-3.9	Falling Higher Freq
578	1575841309738	-2.701	1.283	-3.866	Falling Higher Freq
579	1575841309740	-2.758	1.338	-3.869	Falling Higher Freq
580	1575841309742	-2.803	1.422	-3.871	Falling Higher Freq
581	1575841309745	-2.808	1.47	-3.957	Falling Higher Freq
582	1575841309747	-2.799	1.496	-4.092	Falling Higher Freq
583	1575841309750	-2.842	1.475	-4.204	Falling Higher Freq
584	1575841309752	-2.894	1.408	-4.302	Falling Higher Freq
585	1575841309755	-2.95	1.3	-4.412	Falling Higher Freq
586	1575841309757	-3.043	1.185	-4.501	Falling Higher Freq
587	1575841309760	-3.112	1.132	-4.575	Falling Higher Freq
588	1575841309762	-3.124	1.144	-4.657	Falling Higher Freq
589	1575841309765	-3.108	1.18	-4.793	Falling Higher Freq
590	1575841309767	-3.067	1.305	-5.071	Falling Higher Freq
591	1575841309770	-3.052	1.441	-5.291	Falling Higher Freq
592	1575841309772	-3.098	1.496	-5.399	Falling Higher Freq
593	1575841309775	-3.148	1.571	-5.521	Falling Higher Freq
594	1575841309777	-3.17	1.712	-5.681	Falling Higher Freq
595	1575841309779	-3.179	1.906	-5.889	Falling Higher Freq
596	1575841309782	-3.237	2.104	-6.1	Falling Higher Freq
597	1575841309784	-3.376	2.236	-6.249	Falling Higher Freq
598	1575841309786	-3.579	2.298	-6.33	Falling Higher Freq
599	1575841309788	-3.78	2.325	-6.404	Falling Higher Freq
600	1575841309791	-3.955	2.344	-6.519	Falling Higher Freq
601	1575841309794	-4.084	2.363	-6.646	Falling Higher Freq
602	1575841309796	-4.163	2.389	-6.775	Falling Higher Freq
603	1575841309799	-4.24	2.478	-6.955	Falling Higher Freq
604	1575841309801	-4.305	2.595	-7.154	Falling Higher Freq
605	1575841309804	-4.379	2.744	-7.321	Falling Higher Freq
606	1575841309806	-4.506	2.93	-7.441	Falling Higher Freq
607	1575841309809	-4.666	3.088	-7.532	Falling Higher Freq
608	1575841309811	-4.87	3.199	-7.625	Falling Higher Freq
609	1575841309813	-5.111	3.263	-7.695	Falling Higher Freq
610	1575841309816	-5.341	3.263	-7.752	Falling Higher Freq
611	1575841309820	-5.533	3.213	-7.822	Falling Higher Freq
612	1575841309821	-5.7	3.187	-7.905	Falling Higher Freq
613	1575841309824	-5.837	3.191	-8.011	Falling Higher Freq
614	1575841309826	-5.94	3.203	-8.154	Falling Higher Freq
615	1575841309829	-6.004	3.237	-8.329	Falling Higher Freq
616	1575841309831	-6.055	3.27	-8.509	Falling Higher Freq
617	1575841309834	-6.095	3.289	-8.669	Falling Higher Freq
618	1575841309835	-6.134	3.304	-8.765	Falling Higher Freq
619	1575841309838	-6.186	3.323	-8.777	Falling Higher Freq
620	1575841309840	-6.213	3.368	-8.715	Falling Higher Freq
621	1575841309843	-6.206	3.44	-8.592	Falling Higher Freq
622	1575841309845	-6.196	3.55	-8.456	Falling Higher Freq
623	1575841309848	-6.189	3.685	-8.351	Falling Higher Freq
624	1575841309851	-6.182	3.845	-8.255	Falling Higher Freq
625	1575841309853	-6.174	4.041	-8.171	Falling Higher Freq
626	1575841309855	-6.194	4.254	-8.147	Falling Higher Freq
627	1575841309857	-6.21	4.472	-8.173	Falling Higher Freq
628	1575841309860	-6.232	4.668	-8.209	Falling Higher Freq
629	1575841309863	-6.289	4.838	-8.262	Falling Higher Freq
630	1575841309865	-6.342	5.008	-8.334	Falling Higher Freq
631	1575841309868	-6.407	5.183	-8.382	Falling Higher Freq
632	1575841309870	-6.514	5.358	-8.442	Falling Higher Freq
633	1575841309872	-6.644	5.514	-8.533	Falling Higher Freq
634	1575841309875	-6.792	5.633	-8.645	Falling Higher Freq
635	1575841309877	-6.96	5.748	-8.794	Falling Higher Freq
636	1575841309880	-7.149	5.892	-8.971	Falling Higher Freq
637	1575841309882	-7.345	6.019	-9.177	Falling Higher Freq
638	1575841309884	-7.556	6.115	-9.392	Falling Higher Freq
639	1575841309887	-7.814	6.198	-9.615	Falling Higher Freq
640	1575841309888	-8.147	6.246	-9.845	Falling Higher Freq
641	1575841309891	-8.506	6.289	-10.115	Falling Higher Freq
642	1575841309894	-8.82	6.342	-10.41	Falling Higher Freq
643	1575841309897	-9.095	6.39	-10.716	Falling Higher Freq
644	1575841309899	-9.32	6.44	-11.056	Falling Higher Freq
645	1575841309901	-9.473	6.476	-11.432	Falling Higher Freq
646	1575841309904	-9.548	6.488	-11.86	Falling Higher Freq
647	1575841309906	-9.531	6.49	-12.308	Falling Higher Freq
648	1575841309909	-9.469	6.502	-12.746	Falling Higher Freq
649	1575841309911	-9.402	6.526	-13.141	Falling Higher Freq
650	1575841309914	-9.385	6.567	-13.481	Falling Higher Freq
651	1575841309917	-9.421	6.644	-13.754	Falling Higher Freq
652	1575841309919	-9.45	6.756	-13.962	Falling Higher Freq
653	1575841309921	-9.495	6.893	-14.135	Falling Higher Freq
654	1575841309924	-9.56	7.072	-14.283	Falling Higher Freq
655	1575841309926	-9.627	7.309	-14.403	Falling Higher Freq
656	1575841309929	-9.701	7.604	-14.484	Falling Higher Freq
657	1575841309931	-9.775	7.965	-14.539	Falling Higher Freq
658	1575841309934	-9.847	8.367	-14.611	Falling Higher Freq
659	1575841309936	-9.924	8.753	-14.719	Falling Higher Freq
660	1575841309938	-10	9.119	-14.889	Falling Higher Freq
661	1575841309941	-10.062	9.457	-15.14	Falling Higher Freq
662	1575841309944	-10.117	9.727	-15.466	Falling Higher Freq
663	1575841309946	-10.149	9.94	-15.856	Falling Higher Freq
664	1575841309948	-10.146	10.079	-16.313	Falling Higher Freq
665	1575841309950	-10.12	10.153	-16.881	Falling Higher Freq
666	1575841309954	-10.077	10.196	-17.556	Falling Higher Freq
667	1575841309955	-10.043	10.22	-18.31	Falling Higher Freq
668	1575841309958	-10.003	10.24	-19.141	Falling Higher Freq
669	1575841309960	-9.981	10.232	-20.048	Falling Higher Freq
670	1575841309964	-10.034	10.18	-21.042	Falling Higher Freq
671	1575841309966	-10.165	10.053	-22.066	Falling Higher Freq
672	1575841309968	-10.381	9.84	-23.077	Falling Higher Freq
673	1575841309971	-10.642	9.524	-24.065	Falling Higher Freq
674	1575841309973	-10.939	9.074	-24.954	Falling Higher Freq
675	1575841309976	-11.233	8.523	-25.777	Falling Higher Freq
676	1575841309978	-11.504	7.948	-26.622	Falling Higher Freq
677	1575841309980	-11.781	7.407	-27.451	Falling Higher Freq
678	1575841309983	-12.088	6.859	-28.169	Falling Higher Freq
679	1575841309985	-12.456	6.198	-28.681	Falling Higher Freq
680	1575841309987	-12.899	5.423	-28.964	Falling Higher Freq
681	1575841309990	-13.412	4.692	-29.285	Falling Higher Freq
682	1575841309992	-13.991	4.005	-29.613	Falling Higher Freq
683	1575841309994	-14.693	3.242	-29.663	Falling Higher Freq
684	1575841309998	-15.509	2.452	-29.558	Falling Higher Freq
685	1575841310000	-16.371	1.717	-29.33	Falling Higher Freq
686	1575841310003	-17.221	1.027	-28.928	Falling Higher Freq
687	1575841310005	-18.059	0.381	-28.408	Falling Higher Freq
688	1575841310007	-18.834	-0.206	-27.795	Falling Higher Freq
689	1575841310009	-19.514	-0.759	-27.056	Falling Higher Freq
690	1575841310012	-20.091	-1.276	-26.175	Falling Higher Freq
691	1575841310015	-20.522	-1.7	-25.234	Falling Higher Freq
692	1575841310017	-20.735	-1.992	-24.245	Falling Higher Freq
693	1575841310020	-20.709	-2.128	-23.182	Falling Higher Freq
694	1575841310022	-20.489	-2.131	-22.076	Falling Higher Freq
695	1575841310025	-20.101	-2.021	-20.922	Falling Higher Freq
696	1575841310028	-19.565	-1.757	-19.775	Falling Higher Freq
697	1575841310029	-18.901	-1.372	-18.724	Falling Higher Freq
698	1575841310032	-18.123	-0.91	-17.836	Falling Higher Freq
699	1575841310034	-17.218	-0.445	-17.163	Falling Higher Freq
700	1575841310037	-16.237	0.01	-16.706	Falling Higher Freq
701	1575841310039	-15.222	0.498	-16.412	Falling Higher Freq
702	1575841310042	-14.185	1.022	-16.261	Falling Higher Freq
703	1575841310044	-13.132	1.587	-16.218	Falling Higher Freq
704	1575841310046	-12.078	2.198	-16.23	Falling Higher Freq
705	1575841310049	-11.066	2.83	-16.309	Falling Higher Freq
706	1575841310051	-10.113	3.438	-16.5	Falling Higher Freq
707	1575841310055	-9.268	4.02	-16.759	Falling Higher Freq
708	1575841310057	-8.499	4.575	-17.048	Falling Higher Freq
709	1575841310059	-7.798	5.08	-17.396	Falling Higher Freq
710	1575841310064	-7.161	5.561	-17.74	Falling Higher Freq
711	1575841310065	-6.567	6.021	-18.028	Falling Higher Freq
712	1575841310066	-6.047	6.419	-18.248	Falling Higher Freq
713	1575841310069	-5.607	6.744	-18.375	Falling Higher Freq
714	1575841310071	-5.248	6.981	-18.403	Falling Higher Freq
715	1575841310073	-4.965	7.115	-18.339	Falling Higher Freq
716	1575841310076	-4.779	7.163	-18.198	Falling Higher Freq
717	1575841310078	-4.671	7.161	-18.018	Falling Higher Freq
718	1575841310081	-4.657	7.149	-17.759	Falling Higher Freq
719	1575841310083	-4.776	7.091	-17.419	Falling Higher Freq
720	1575841310085	-5.008	6.972	-17.029	Falling Higher Freq
721	1575841310087	-5.313	6.766	-16.615	Falling Higher Freq
722	1575841310090	-5.775	6.519	-15.77	Falling Higher Freq
723	1575841310092	-6.981	6.464	-14.233	Falling Higher Freq
724	1575841310096	-7.86	6.332	-13.366	Falling Higher Freq
725	1575841310098	-7.297	5.803	-13.383	Falling Higher Freq
726	1575841310101	-6.366	5.25	-13.838	Falling Higher Freq
727	1575841310103	-5.6	4.812	-14.887	Falling Higher Freq
728	1575841310106	-5.14	4.25	-15.471	Falling Higher Freq
729	1575841310108	-5.26	3.491	-15.54	Falling Higher Freq
730	1575841310110	-5.674	2.631	-15.693	Falling Higher Freq
731	1575841310113	-6.009	1.877	-15.677	Falling Higher Freq
732	1575841310115	-6.428	1.496	-15.504	Falling Higher Freq
733	1575841310117	-6.988	1.448	-15.48	Falling Higher Freq
734	1575841310120	-7.364	1.487	-15.621	Falling Higher Freq
735	1575841310122	-7.561	1.549	-15.516	Falling Higher Freq
736	1575841310125	-7.812	1.635	-14.92	Falling Higher Freq
737	1575841310127	-8.063	1.702	-14.171	Falling Higher Freq
738	1575841310130	-8.159	1.822	-13.479	Falling Higher Freq
739	1575841310133	-8.082	2.033	-12.763	Falling Higher Freq
740	1575841310135	-7.884	2.284	-12.03	Falling Higher Freq
741	1575841310137	-7.573	2.521	-11.417	Falling Higher Freq
742	1575841310140	-7.201	2.705	-10.955	Falling Higher Freq
743	1575841310143	-6.842	2.847	-10.467	Falling Higher Freq
744	1575841310145	-6.526	2.93	-9.945	Falling Higher Freq
745	1575841310147	-6.275	2.969	-9.435	Falling Higher Freq
746	1575841310150	-6.117	2.978	-8.983	Falling Higher Freq
747	1575841310152	-6.067	2.942	-8.638	Falling Higher Freq
748	1575841310154	-6.052	2.906	-8.389	Falling Higher Freq
749	1575841310157	-6.052	2.899	-8.164	Falling Higher Freq
750	1575841310160	-6.059	2.914	-7.934	Falling Higher Freq
751	1575841310162	-6.062	2.95	-7.685	Falling Higher Freq
752	1575841310165	-6.028	2.99	-7.393	Falling Higher Freq
753	1575841310167	-5.933	2.973	-7.163	Falling Higher Freq
754	1575841310169	-5.806	2.868	-7.048	Falling Higher Freq
755	1575841310172	-5.66	2.71	-7.019	Falling Higher Freq
756	1575841310174	-5.494	2.516	-7.029	Falling Higher Freq
757	1575841310177	-5.36	2.31	-7.051	Falling Higher Freq
758	1575841310179	-5.21	2.069	-7.144	Falling Higher Freq
759	1575841310181	-5.154	1.822	-7.268	Falling Higher Freq
760	1575841310184	-5.229	1.599	-7.546	Falling Higher Freq
761	1575841310186	-5.313	1.379	-7.917	Falling Higher Freq
762	1575841310188	-5.475	1.19	-8.236	Falling Higher Freq
763	1575841310191	-5.676	1.027	-8.549	Falling Higher Freq
764	1575841310193	-5.894	0.91	-8.772	Falling Higher Freq
765	1575841310196	-6.148	0.838	-8.873	Falling Higher Freq
766	1575841310199	-6.416	0.79	-8.92	Falling Higher Freq
767	1575841310201	-6.651	0.761	-8.971	Falling Higher Freq
768	1575841310203	-6.859	0.764	-8.947	Falling Higher Freq
769	1575841310205	-7.034	0.795	-8.925	Falling Higher Freq
770	1575841310208	-7.242	0.931	-8.782	Falling Higher Freq
771	1575841310211	-7.477	1.168	-8.47	Falling Higher Freq
772	1575841310213	-7.723	1.42	-8.171	Falling Higher Freq
773	1575841310214	-8.03	1.626	-7.819	Falling Higher Freq
774	1575841310218	-8.291	1.707	-7.379	Falling Higher Freq
775	1575841310221	-8.418	1.731	-6.921	Falling Higher Freq
776	1575841310224	-8.446	1.752	-6.483	Falling Higher Freq
777	1575841310225	-8.401	1.8	-6.064	Falling Higher Freq
778	1575841310227	-8.262	1.903	-5.667	Falling Higher Freq
779	1575841310231	-8.039	2.1	-5.269	Falling Higher Freq
780	1575841310232	-7.747	2.358	-4.886	Falling Higher Freq
781	1575841310235	-7.455	2.569	-4.551	Falling Higher Freq
782	1575841310238	-7.173	2.638	-4.247	Falling Higher Freq
783	1575841310240	-6.909	2.547	-3.967	Falling Higher Freq
784	1575841310243	-6.723	2.392	-3.699	Falling Higher Freq
785	1575841310245	-6.613	2.272	-3.414	Falling Higher Freq
786	1575841310247	-6.555	2.231	-3.1	Falling Higher Freq
787	1575841310250	-6.562	2.241	-2.748	Falling Higher Freq
788	1575841310253	-6.62	2.27	-2.425	Falling Higher Freq
789	1575841310255	-6.723	2.32	-2.143	Falling Higher Freq
790	1575841310257	-6.895	2.351	-1.86	Falling Higher Freq
791	1575841310260	-7.094	2.394	-1.563	Falling Higher Freq
792	1575841310262	-7.28	2.435	-1.25	Falling Higher Freq
793	1575841310265	-7.426	2.497	-0.895	Falling Higher Freq
794	1575841310267	-7.482	2.595	-0.565	Falling Higher Freq
795	1575841310270	-7.477	2.696	-0.338	Falling Higher Freq
796	1575841310272	-7.412	2.758	-0.254	Falling Higher Freq
797	1575841310275	-7.254	2.789	-0.254	Falling Higher Freq
798	1575841310277	-7.101	2.782	-0.309	Falling Higher Freq
799	1575841310280	-6.976	2.765	-0.448	Falling Higher Freq
800	1575841310282	-6.873	2.789	-0.601	Falling Higher Freq
801	1575841310284	-6.799	2.844	-0.809	Falling Higher Freq
802	1575841310287	-6.739	2.954	-1.092	Falling Higher Freq
803	1575841310288	-6.682	3.139	-1.353	Falling Higher Freq
804	1575841310291	-6.668	3.342	-1.544	Falling Higher Freq
805	1575841310294	-6.677	3.474	-1.685	Falling Higher Freq
806	1575841310297	-6.711	3.522	-1.867	Falling Higher Freq
807	1575841310300	-6.804	3.546	-2.033	Falling Higher Freq
808	1575841310302	-6.888	3.596	-2.095	Falling Higher Freq
809	1575841310304	-6.893	3.589	-2.143	Falling Higher Freq
810	1575841310307	-6.998	3.498	-2.076	Falling Higher Freq
811	1575841310309	-7.23	3.38	-2.052	Falling Higher Freq
812	1575841310311	-7.455	3.316	-2.066	Falling Higher Freq
813	1575841310313	-7.642	3.412	-1.877	Falling Higher Freq
814	1575841310316	-7.812	3.574	-1.681	Falling Higher Freq
815	1575841310319	-7.996	3.663	-1.571	Falling Higher Freq
816	1575841310321	-8.094	3.699	-1.539	Falling Higher Freq
817	1575841310323	-8.071	3.732	-1.561	Falling Higher Freq
818	1575841310327	-7.984	3.716	-1.532	Falling Higher Freq
819	1575841310329	-7.963	3.665	-1.458	Falling Higher Freq
820	1575841310331	-8.035	3.644	-1.496	Falling Higher Freq
821	1575841310334	-8.114	3.694	-1.606	Falling Higher Freq
822	1575841310336	-8.154	3.831	-1.714	Falling Higher Freq
823	1575841310339	-8.126	3.938	-1.831	Falling Higher Freq
824	1575841310341	-8.037	3.986	-1.896	Falling Higher Freq
825	1575841310344	-8.011	3.984	-1.858	Falling Higher Freq
826	1575841310346	-8.061	3.934	-1.762	Falling Higher Freq
827	1575841310348	-8.09	3.823	-1.745	Falling Higher Freq
828	1575841310350	-8.097	3.67	-1.731	Falling Higher Freq
829	1575841310353	-8.082	3.596	-1.587	Falling Higher Freq
830	1575841310355	-8.044	3.586	-1.381	Falling Higher Freq
831	1575841310358	-7.987	3.656	-1.401	Falling Higher Freq
832	1575841310360	-7.857	3.579	-1.537	Falling Higher Freq
833	1575841310362	-7.668	3.153	-1.274	Falling Higher Freq
834	1575841310365	-7.568	2.677	-0.718	Falling Higher Freq
835	1575841310369	-7.707	2.26	-0.28	Falling Higher Freq
836	1575841310370	-7.96	1.86	0.306	Falling Higher Freq
837	1575841310373	-8.159	1.549	2.459	Falling Higher Freq
838	1575841310375	-8.329	1.319	6.644	Falling Higher Freq
839	1575841310378	-8.554	1.247	11.784	Falling Higher Freq
840	1575841310380	-8.861	1.444	16.72	Falling Higher Freq
841	1575841310383	-9.141	1.843	20.173	Falling Higher Freq
842	1575841310385	-9.284	2.286	21.547	Falling Higher Freq
843	1575841310387	-9.224	2.775	20.541	Falling Higher Freq
844	1575841310389	-8.851	3.093	17.163	Falling Higher Freq
845	1575841310392	-8.432	2.954	12.725	Falling Higher Freq
846	1575841310395	-8.391	2.543	8.731	Falling Higher Freq
847	1575841310397	-8.688	2.095	5.696	Falling Higher Freq
848	1575841310399	-9.337	1.714	3.481	Falling Higher Freq
849	1575841310403	-10.218	1.415	1.894	Falling Higher Freq
850	1575841310405	-10.843	1.24	0.867	Falling Higher Freq
851	1575841310407	-11.013	1.259	0.393	Falling Higher Freq
852	1575841310410	-10.73	1.52	0.278	Falling Higher Freq
853	1575841310412	-10.335	1.839	0.304	Falling Higher Freq
854	1575841310414	-10.165	2.037	0.385	Falling Higher Freq
855	1575841310417	-10.125	2.157	0.563	Falling Higher Freq
856	1575841310420	-10.206	2.255	0.802	Falling Higher Freq
857	1575841310421	-10.345	2.339	1.152	Falling Higher Freq
858	1575841310424	-10.453	2.396	1.58	Falling Higher Freq
859	1575841310426	-10.481	2.442	2.028	Falling Higher Freq
860	1575841310429	-10.412	2.504	2.504	Falling Higher Freq
861	1575841310431	-10.278	2.595	2.921	Falling Higher Freq
862	1575841310434	-10.079	2.71	3.258	Falling Higher Freq
863	1575841310437	-9.842	2.851	3.488	Falling Higher Freq
864	1575841310439	-9.572	2.978	3.634	Falling Higher Freq
865	1575841310441	-9.294	3.131	3.658	Falling Higher Freq
866	1575841310444	-9.014	3.299	3.589	Falling Higher Freq
867	1575841310446	-8.664	3.426	3.529	Falling Higher Freq
868	1575841310449	-8.298	3.531	3.486	Falling Higher Freq
869	1575841310451	-8.047	3.606	3.419	Falling Higher Freq
870	1575841310454	-7.946	3.646	3.306	Falling Higher Freq
871	1575841310456	-7.91	3.668	3.143	Falling Higher Freq
872	1575841310458	-7.912	3.656	2.926	Falling Higher Freq
873	1575841310462	-8.059	3.577	2.923	Falling Higher Freq
874	1575841310463	-8.296	3.424	3.278	Falling Higher Freq
875	1575841310466	-8.554	3.266	3.912	Falling Higher Freq
876	1575841310468	-8.832	3.146	4.81	Falling Higher Freq
877	1575841310470	-9.045	3.072	5.758	Falling Higher Freq
878	1575841310474	-9.114	3.057	6.443	Falling Higher Freq
879	1575841310475	-9.076	3.069	6.689	Falling Higher Freq
880	1575841310478	-8.956	3.105	6.553	Falling Higher Freq
881	1575841310481	-8.77	3.167	6.134	Falling Higher Freq
882	1575841310483	-8.681	3.189	5.724	Falling Higher Freq
883	1575841310486	-8.693	3.177	5.394	Falling Higher Freq
884	1575841310487	-8.619	3.153	4.941	Falling Higher Freq
885	1575841310490	-8.427	3.122	4.408	Falling Higher Freq
886	1575841310492	-8.25	3.091	3.974	Falling Higher Freq
887	1575841310495	-8.152	3.062	3.718	Falling Higher Freq
888	1575841310498	-8.075	3.05	3.558	Falling Higher Freq
889	1575841310500	-7.987	3.048	3.476	Falling Higher Freq
890	1575841310503	-7.896	3.041	3.519	Falling Higher Freq
891	1575841310506	-7.81	3.038	3.661	Falling Higher Freq
892	1575841310507	-7.69	3.048	3.828	Falling Higher Freq
893	1575841310511	-7.568	3.084	4.036	Falling Higher Freq
894	1575841310513	-7.462	3.134	4.25	Falling Higher Freq
895	1575841310515	-7.352	3.194	4.376	Falling Higher Freq
896	1575841310518	-7.261	3.342	4.391	Falling Higher Freq
897	1575841310520	-7.209	3.562	4.376	Falling Higher Freq
898	1575841310523	-7.127	3.725	4.408	Falling Higher Freq
899	1575841310525	-6.996	3.752	4.482	Falling Higher Freq
900	1575841310527	-6.902	3.653	4.544	Falling Higher Freq
901	1575841310530	-6.952	3.459	4.652	Falling Higher Freq
902	1575841310532	-7.18	3.266	4.846	Falling Higher Freq
903	1575841310534	-7.486	3.124	5.056	Falling Higher Freq
904	1575841310537	-7.757	3.045	5.289	Falling Higher Freq
905	1575841310539	-7.999	3.024	5.514	Falling Higher Freq
906	1575841310542	-8.217	3.021	5.698	Falling Higher Freq
907	1575841310544	-8.403	3.052	5.861	Falling Higher Freq
908	1575841310546	-8.535	3.115	6.007	Falling Higher Freq
909	1575841310550	-8.592	3.196	6.124	Falling Higher Freq
910	1575841310552	-8.573	3.273	6.198	Falling Higher Freq
911	1575841310555	-8.456	3.333	6.229	Falling Higher Freq
912	1575841310557	-8.248	3.39	6.222	Falling Higher Freq
913	1575841310559	-8.003	3.416	6.174	Falling Higher Freq
914	1575841310561	-7.79	3.409	6.093	Falling Higher Freq
915	1575841310564	-7.601	3.388	5.992	Falling Higher Freq
916	1575841310567	-7.446	3.323	5.928	Falling Higher Freq
917	1575841310569	-7.359	3.246	5.894	Falling Higher Freq
918	1575841310571	-7.292	3.151	5.866	Falling Higher Freq
919	1575841310574	-7.237	3.043	5.81	Falling Higher Freq
920	1575841310576	-7.228	2.94	5.731	Falling Higher Freq
921	1575841310579	-7.233	2.844	5.667	Falling Higher Freq
922	1575841310581	-7.23	2.746	5.59	Falling Higher Freq
923	1575841310584	-7.201	2.645	5.485	Falling Higher Freq
924	1575841310586	-7.142	2.576	5.384	Falling Higher Freq
925	1575841310587	-7.118	2.516	5.329	Falling Higher Freq
926	1575841310590	-7.17	2.473	5.322	Falling Higher Freq
927	1575841310593	-7.221	2.442	5.303	Falling Higher Freq
928	1575841310596	-7.218	2.42	5.217	Falling Higher Freq
929	1575841310599	-7.197	2.396	5.19	Falling Higher Freq
930	1575841310601	-7.163	2.399	5.269	Falling Higher Freq
931	1575841310604	-7.094	2.404	5.291	Falling Higher Freq
932	1575841310606	-7.031	2.396	5.293	Falling Higher Freq
933	1575841310608	-7.046	2.461	5.363	Falling Higher Freq
934	1575841310611	-7.101	2.569	5.502	Falling Higher Freq
935	1575841310613	-7.122	2.696	5.715	Falling Higher Freq
936	1575841310616	-7.151	2.861	5.99	Falling Higher Freq
937	1575841310618	-7.178	3.026	6.16	Falling Higher Freq
938	1575841310621	-7.201	3.158	6.165	Falling Higher Freq
939	1575841310623	-7.268	3.244	6.158	Falling Higher Freq
940	1575841310626	-7.326	3.273	6.201	Falling Higher Freq
941	1575841310628	-7.379	3.275	6.28	Falling Higher Freq
942	1575841310630	-7.364	3.244	6.349	Falling Higher Freq
943	1575841310633	-7.216	3.155	6.419	Falling Higher Freq
944	1575841310635	-6.979	3.024	6.443	Falling Higher Freq
945	1575841310637	-6.73	2.868	6.443	Falling Higher Freq
946	1575841310640	-6.648	2.758	6.572	Falling Higher Freq
947	1575841310642	-6.684	2.669	6.744	Falling Higher Freq
948	1575841310645	-6.653	2.569	6.782	Falling Higher Freq
949	1575841310647	-6.639	2.516	6.78	Falling Higher Freq
950	1575841310650	-6.67	2.538	6.835	Falling Higher Freq
951	1575841310652	-6.67	2.607	6.986	Falling Higher Freq
952	1575841310654	-6.694	2.708	7.185	Falling Higher Freq
953	1575841310657	-6.751	2.835	7.314	Falling Higher Freq
954	1575841310659	-6.761	2.969	7.379	Falling Higher Freq
955	1575841310662	-6.629	3.043	7.328	Falling Higher Freq
956	1575841310664	-6.536	3.055	7.225	Falling Higher Freq
957	1575841310667	-6.641	3.057	7.166	Falling Higher Freq
958	1575841310669	-6.806	3.05	7.082	Falling Higher Freq
959	1575841310672	-6.917	3.024	7.031	Falling Higher Freq
960	1575841310674	-6.89	2.964	7.012	Falling Higher Freq
961	1575841310677	-6.703	2.904	7	Falling Higher Freq
962	1575841310679	-6.505	2.849	7.024	Falling Higher Freq
963	1575841310682	-6.435	2.818	7.063	Falling Higher Freq
964	1575841310684	-6.395	2.854	7.082	Falling Higher Freq
965	1575841310687	-6.296	2.914	7.012	Falling Higher Freq
966	1575841310688	-6.186	2.983	6.847	Falling Higher Freq
967	1575841310691	-6.134	3.05	6.684	Falling Higher Freq
968	1575841310694	-6.126	3.081	6.653	Falling Higher Freq
969	1575841310697	-6.138	3.084	6.792	Falling Higher Freq
970	1575841310699	-6.126	3.108	7.012	Falling Higher Freq
971	1575841310701	-6.033	3.134	7.192	Falling Higher Freq
972	1575841310704	-5.899	3.12	7.247	Falling Higher Freq
973	1575841310706	-5.784	3.062	7.192	Falling Higher Freq
974	1575841310709	-5.755	2.983	7.122	Falling Higher Freq
975	1575841310711	-5.782	2.902	7.096	Falling Higher Freq
976	1575841310714	-5.82	2.827	7.127	Falling Higher Freq
977	1575841310716	-5.878	2.818	7.254	Falling Higher Freq
978	1575841310719	-5.882	2.863	7.383	Falling Higher Freq
979	1575841310721	-5.832	2.954	7.41	Falling Higher Freq
980	1575841310723	-5.772	3.06	7.374	Falling Higher Freq
981	1575841310726	-5.717	3.131	7.324	Falling Higher Freq
982	1575841310728	-5.7	3.177	7.326	Falling Higher Freq
983	1575841310731	-5.72	3.206	7.383	Falling Higher Freq
984	1575841310733	-5.729	3.225	7.465	Falling Higher Freq
985	1575841310735	-5.712	3.232	7.561	Falling Higher Freq
986	1575841310738	-5.693	3.215	7.623	Falling Higher Freq
987	1575841310741	-5.655	3.194	7.637	Falling Higher Freq
988	1575841310743	-5.605	3.17	7.632	Falling Higher Freq
989	1575841310745	-5.561	3.155	7.618	Falling Higher Freq
990	1575841310748	-5.535	3.163	7.596	Falling Higher Freq
991	1575841310751	-5.516	3.165	7.577	Falling Higher Freq
992	1575841310753	-5.502	3.184	7.558	Falling Higher Freq
993	1575841310755	-5.494	3.215	7.529	Falling Higher Freq
994	1575841310758	-5.485	3.218	7.505	Falling Higher Freq
995	1575841310760	-5.475	3.203	7.477	Falling Higher Freq
996	1575841310763	-5.471	3.203	7.45	Falling Higher Freq
997	1575841310765	-5.468	3.208	7.438	Falling Higher Freq
998	1575841310768	-5.456	3.199	7.422	Falling Higher Freq
999	1575841310770	-5.418	3.191	7.381	Falling Higher Freq
1000	1575841310772	-5.36	3.201	7.338	Falling Higher Freq
1001	1575841310775	-5.298	3.208	7.338	Falling Higher Freq
1002	1575841310777	-5.245	3.21	7.352	Falling Higher Freq
1003	1575841310780	-5.202	3.208	7.338	Falling Higher Freq
1004	1575841310782	-5.176	3.196	7.336	Falling Higher Freq
1005	1575841310785	-5.174	3.189	7.352	Falling Higher Freq
1006	1575841310787	-5.178	3.184	7.359	Falling Higher Freq
1007	1575841310788	-5.2	3.189	7.359	Falling Higher Freq
1008	1575841310790	-5.222	3.175	7.386	Falling Higher Freq
1009	1575841310794	-5.234	3.151	7.415	Falling Higher Freq
1010	1575841310796	-5.255	3.143	7.434	Falling Higher Freq
1011	1575841310799	-5.257	3.134	7.46	Falling Higher Freq
1012	1575841310801	-5.229	3.122	7.479	Falling Higher Freq
1013	1575841310804	-5.169	3.12	7.489	Falling Higher Freq
1014	1575841310807	-5.099	3.117	7.522	Falling Higher Freq
1015	1575841310810	-5.054	3.096	7.549	Falling Higher Freq
1016	1575841310812	-5.03	3.086	7.563	Falling Higher Freq
1017	1575841310814	-5.016	3.074	7.585	Falling Higher Freq
1018	1575841310816	-5.013	3.038	7.613	Falling Higher Freq
1019	1575841310819	-5.016	2.99	7.659	Falling Higher Freq
1020	1575841310821	-4.996	2.942	7.721	Falling Higher Freq
1021	1575841310824	-4.965	2.887	7.776	Falling Higher Freq
1022	1575841310826	-4.937	2.818	7.783	Falling Higher Freq
1023	1575841310829	-4.937	2.758	7.745	Falling Higher Freq
1024	1575841310831	-4.956	2.724	7.687	Falling Higher Freq
1025	1575841310834	-4.953	2.713	7.642	Falling Higher Freq
1026	1575841310836	-4.915	2.713	7.635	Falling Higher Freq
1027	1575841310838	-4.846	2.736	7.661	Falling Higher Freq
1028	1575841310841	-4.762	2.78	7.714	Falling Higher Freq
1029	1575841310844	-4.697	2.842	7.774	Falling Higher Freq
1030	1575841310846	-4.657	2.882	7.812	Falling Higher Freq
1031	1575841310849	-4.64	2.878	7.812	Falling Higher Freq
1032	1575841310851	-4.673	2.885	7.786	Falling Higher Freq
1033	1575841310854	-4.74	2.885	7.74	Falling Higher Freq
1034	1575841310856	-4.783	2.808	7.561	Falling Higher Freq
1035	1575841310858	-4.846	2.667	7.328	Falling Higher Freq
1036	1575841310861	-4.961	2.631	7.333	Falling Higher Freq
1037	1575841310863	-5.09	2.677	7.525	Falling Higher Freq
1038	1575841310865	-5.202	2.703	7.656	Falling Higher Freq
1039	1575841310869	-5.301	2.739	7.683	Falling Higher Freq
1040	1575841310870	-5.38	2.813	7.654	Falling Higher Freq
1041	1575841310873	-5.459	2.906	7.618	Falling Higher Freq
1042	1575841310877	-5.547	2.962	7.575	Falling Higher Freq
1043	1575841310878	-5.499	3.048	7.371	Falling Higher Freq
1044	1575841310880	-4.92	3.438	6.419	Falling Higher Freq
1045	1575841310882	-4.295	3.823	5.382	Falling Higher Freq
1046	1575841310886	-4.094	3.792	5.131	Falling Higher Freq
1047	1575841310887	-4.027	3.649	5.21	Falling Higher Freq
1048	1575841310889	-4.072	3.608	5.341	Falling Higher Freq
1049	1575841310891	-4.144	3.608	5.545	Falling Higher Freq
1050	1575841310895	-4.211	3.572	5.796	Falling Higher Freq
1051	1575841310898	-4.252	3.515	6.052	Falling Higher Freq
1052	1575841310900	-4.261	3.407	6.292	Falling Higher Freq
1053	1575841310903	-4.242	3.254	6.419	Falling Higher Freq
1054	1575841310905	-4.242	3.067	6.443	Falling Higher Freq
1055	1575841310908	-4.135	2.811	6.311	Falling Higher Freq
1056	1575841310910	-4.001	2.55	6.002	Falling Higher Freq
1057	1575841310913	-4.068	2.365	5.708	Falling Higher Freq
1058	1575841310914	-4.178	2.224	5.494	Falling Higher Freq
1059	1575841310917	-4.271	2.085	5.324	Falling Higher Freq
1060	1575841310919	-4.384	1.961	5.169	Falling Higher Freq
1061	1575841310922	-4.51	1.882	5.013	Falling Higher Freq
1062	1575841310924	-4.683	1.863	4.915	Falling Higher Freq
1063	1575841310926	-4.937	1.851	4.949	Falling Higher Freq
1064	1575841310929	-5.25	1.834	5.085	Falling Higher Freq
1065	1575841310932	-5.664	1.846	5.305	Falling Higher Freq
1066	1575841310934	-6.177	1.858	5.578	Falling Higher Freq
1067	1575841310936	-6.701	1.841	5.875	Falling Higher Freq
1068	1575841310939	-7.125	1.834	6.122	Falling Higher Freq
1069	1575841310941	-7.453	1.834	6.308	Falling Higher Freq
1070	1575841310944	-7.754	1.851	6.476	Falling Higher Freq
1071	1575841310946	-8.035	1.903	6.634	Falling Higher Freq
1072	1575841310949	-8.264	1.989	6.761	Falling Higher Freq
1073	1575841310952	-8.463	2.08	6.936	Falling Higher Freq
1074	1575841310954	-8.693	2.14	7.259	Falling Higher Freq
1075	1575841310957	-8.949	2.227	7.675	Falling Higher Freq
1076	1575841310959	-9.198	2.317	8.128	Falling Higher Freq
1077	1575841310961	-9.409	2.339	8.619	Falling Higher Freq
1078	1575841310964	-9.61	2.339	9.189	Falling Higher Freq
1079	1575841310966	-9.751	2.332	9.789	Falling Higher Freq
1080	1575841310968	-9.842	2.325	10.453	Falling Higher Freq
1081	1575841310971	-9.916	2.296	11.066	Falling Higher Freq
1082	1575841310973	-9.926	2.234	11.583	Falling Higher Freq
1083	1575841310976	-9.873	2.155	12.085	Falling Higher Freq
1084	1575841310978	-9.737	2.047	12.55	Falling Higher Freq
1085	1575841310981	-9.505	1.889	12.969	Falling Higher Freq
1086	1575841310986	-9.201	1.65	13.297	Falling Higher Freq
1087	1575841310987	-8.861	1.357	13.493	Falling Higher Freq
1088	1575841310988	-8.504	1.017	13.433	Falling Higher Freq
1089	1575841310990	-8.042	0.733	12.885	Falling Higher Freq
1090	1575841310992	-7.448	0.596	11.88	Falling Higher Freq
1091	1575841310995	-6.833	0.567	10.776	Falling Higher Freq
1092	1575841310998	-6.294	0.599	9.864	Falling Higher Freq
1093	1575841311000	-5.856	0.649	9.236	Falling Higher Freq
1094	1575841311003	-5.497	0.685	8.911	Falling Higher Freq
1095	1575841311006	-5.214	0.69	8.87	Falling Higher Freq
1096	1575841311008	-5.049	0.656	9.002	Falling Higher Freq
1097	1575841311010	-4.98	0.582	9.181	Falling Higher Freq
1098	1575841311013	-4.977	0.5	9.303	Falling Higher Freq
1099	1575841311016	-5.018	0.429	9.313	Falling Higher Freq
1100	1575841311018	-5.011	0.306	9.143	Falling Higher Freq
1101	1575841311020	-4.994	0.172	8.767	Falling Higher Freq
1102	1575841311022	-4.822	0.136	8.308	Falling Higher Freq
1103	1575841311025	-4.817	0.189	8.011	Falling Higher Freq
1104	1575841311027	-5.157	0.318	7.975	Falling Higher Freq
1105	1575841311030	-5.437	0.491	7.994	Falling Higher Freq
1106	1575841311032	-5.652	0.675	7.951	Falling Higher Freq
1107	1575841311035	-5.83	0.91	7.912	Falling Higher Freq
1108	1575841311037	-5.684	1.156	7.817	Falling Higher Freq
1109	1575841311039	-5.291	1.348	7.68	Falling Higher Freq
1110	1575841311043	-5.245	1.429	7.628	Falling Higher Freq
1111	1575841311044	-5.518	1.451	7.649	Falling Higher Freq
1112	1575841311047	-5.71	1.444	7.659	Falling Higher Freq
1113	1575841311050	-5.743	1.41	7.62	Falling Higher Freq
1114	1575841311052	-5.691	1.396	7.611	Falling Higher Freq
1115	1575841311055	-5.652	1.403	7.68	Falling Higher Freq
1116	1575841311057	-5.595	1.439	7.826	Falling Higher Freq
1117	1575841311060	-5.535	1.501	8.071	Falling Higher Freq
1118	1575841311062	-5.435	1.559	8.317	Falling Higher Freq
1119	1575841311065	-5.214	1.592	8.466	Falling Higher Freq
1120	1575841311067	-4.865	1.638	8.54	Falling Higher Freq
1121	1575841311069	-4.46	1.659	8.602	Falling Higher Freq
1122	1575841311072	-4.18	1.623	8.645	Falling Higher Freq
1123	1575841311074	-4.046	1.573	8.609	Falling Higher Freq
1124	1575841311076	-4.065	1.525	8.561	Falling Higher Freq
1125	1575841311082	-4.111	1.494	8.487	Falling Higher Freq
1126	1575841311083	-4.07	1.496	8.391	Falling Higher Freq
1127	1575841311084	-4.041	1.511	8.367	Falling Higher Freq
1128	1575841311086	-4.07	1.518	8.408	Falling Higher Freq
1129	1575841311087	-4.044	1.53	8.434	Falling Higher Freq
1130	1575841311091	-3.95	1.549	8.456	Falling Higher Freq
1131	1575841311093	-3.823	1.561	8.516	Falling Higher Freq
1132	1575841311096	-3.649	1.559	8.576	Falling Higher Freq
1133	1575841311099	-3.546	1.537	8.602	Falling Higher Freq
1134	1575841311101	-3.548	1.487	8.595	Falling Higher Freq
1135	1575841311104	-3.567	1.436	8.547	Falling Higher Freq
1136	1575841311106	-3.606	1.444	8.504	Falling Higher Freq
1137	1575841311108	-3.627	1.48	8.499	Falling Higher Freq
1138	1575841311111	-3.637	1.506	8.533	Falling Higher Freq
1139	1575841311113	-3.641	1.539	8.595	Falling Higher Freq
1140	1575841311115	-3.661	1.582	8.647	Falling Higher Freq
1141	1575841311118	-3.72	1.537	8.023	Falling Higher Freq
1142	1575841311121	-3.692	1.266	7.223	Falling Higher Freq
1143	1575841311123	-3.462	0.979	7.637	Falling Higher Freq
1144	1575841311125	-3.172	0.958	9.371	Falling Higher Freq
1145	1575841311128	-3.1	1.111	11.365	Falling Higher Freq
1146	1575841311130	-3.354	1.245	12.138	Falling Higher Freq
1147	1575841311134	-3.515	1.295	11.41	Falling Higher Freq
1148	1575841311135	-3.258	1.302	10.007	Falling Higher Freq
1149	1575841311139	-2.839	1.286	8.841	Falling Higher Freq
1150	1575841311141	-2.552	1.269	8.288	Falling Higher Freq
1151	1575841311142	-2.418	1.255	8.145	Falling Higher Freq
1152	1575841311145	-2.373	1.199	8.138	Falling Higher Freq
1153	1575841311147	-2.411	1.152	8.188	Falling Higher Freq
1154	1575841311150	-2.471	1.135	8.25	Falling Higher Freq
1155	1575841311152	-2.516	1.116	8.284	Falling Higher Freq
1156	1575841311154	-2.559	1.094	8.324	Falling Higher Freq
1157	1575841311157	-2.555	1.077	8.42	Falling Higher Freq
1158	1575841311159	-2.487	1.058	8.578	Falling Higher Freq
1159	1575841311162	-2.396	1.058	8.784	Falling Higher Freq
1160	1575841311164	-2.358	1.056	8.956	Falling Higher Freq
1161	1575841311167	-2.473	1.044	9.074	Falling Higher Freq
1162	1575841311169	-2.65	1.07	9.193	Falling Higher Freq
1163	1575841311172	-2.729	1.147	9.306	Falling Higher Freq
1164	1575841311174	-2.717	1.245	9.349	Falling Higher Freq
1165	1575841311176	-2.686	1.35	9.325	Falling Higher Freq
1166	1575841311179	-2.641	1.422	9.239	Falling Higher Freq
1167	1575841311181	-2.547	1.453	9.102	Falling Higher Freq
1168	1575841311184	-2.432	1.472	8.971	Falling Higher Freq
1169	1575841311186	-2.351	1.47	8.877	Falling Higher Freq
1170	1575841311188	-2.329	1.424	8.825	Falling Higher Freq
1171	1575841311190	-2.298	1.381	8.801	Falling Higher Freq
1172	1575841311193	-2.282	1.348	8.817	Falling Higher Freq
1173	1575841311196	-2.284	1.29	8.851	Falling Higher Freq
1174	1575841311199	-2.296	1.235	8.863	Falling Higher Freq
1175	1575841311201	-2.313	1.173	8.858	Falling Higher Freq
1176	1575841311204	-2.337	1.116	8.856	Falling Higher Freq
1177	1575841311206	-2.382	1.089	8.875	Falling Higher Freq
1178	1575841311208	-2.406	1.094	8.947	Falling Higher Freq
1179	1575841311211	-2.44	1.089	9.033	Falling Higher Freq
1180	1575841311213	-2.48	1.041	9.059	Falling Higher Freq
1181	1575841311215	-2.528	0.96	9.057	Falling Higher Freq
1182	1575841311217	-2.562	0.862	9.054	Falling Higher Freq
1183	1575841311221	-2.557	0.764	9.023	Falling Higher Freq
1184	1575841311223	-2.557	0.699	8.975	Falling Higher Freq
1185	1575841311225	-2.586	0.685	8.975	Falling Higher Freq
1186	1575841311228	-2.612	0.74	9.021	Falling Higher Freq
1187	1575841311231	-2.61	0.831	9.047	Falling Higher Freq
