1	1575843042418	0.364	-0.443	9.715	FastStand
2	1575843042419	0.373	-0.448	9.696	FastStand
3	1575843042421	0.393	-0.445	9.689	FastStand
4	1575843042423	0.412	-0.452	9.679	FastStand
5	1575843042426	0.417	-0.455	9.66	FastStand
6	1575843042429	0.417	-0.443	9.667	FastStand
7	1575843042433	0.414	-0.419	9.658	FastStand
8	1575843042434	0.424	-0.409	9.653	FastStand
9	1575843042436	0.436	-0.409	9.675	FastStand
10	1575843042438	0.419	-0.397	9.677	FastStand
11	1575843042440	0.412	-0.383	9.667	FastStand
12	1575843042442	0.424	-0.378	9.663	FastStand
13	1575843042445	0.438	-0.369	9.658	FastStand
14	1575843042448	0.443	-0.359	9.677	FastStand
15	1575843042451	0.452	-0.352	9.691	FastStand
16	1575843042452	0.46	-0.34	9.687	FastStand
17	1575843042455	0.46	-0.345	9.71	FastStand
18	1575843042457	0.457	-0.352	9.737	FastStand
19	1575843042462	0.464	-0.357	9.761	FastStand
20	1575843042463	0.467	-0.362	9.801	FastStand
21	1575843042497	0.445	-0.362	9.835	FastStand
22	1575843042498	0.421	-0.376	9.852	FastStand
23	1575843042499	0.4	-0.385	9.878	FastStand
24	1575843042500	0.393	-0.373	9.912	FastStand
25	1575843042501	0.385	-0.364	9.947	FastStand
26	1575843042502	0.388	-0.354	9.981	FastStand
27	1575843042503	0.417	-0.35	10	FastStand
28	1575843042504	0.45	-0.345	10.01	FastStand
29	1575843042505	0.474	-0.335	10.01	FastStand
30	1575843042506	0.498	-0.359	9.998	FastStand
31	1575843042507	0.508	-0.402	9.959	FastStand
32	1575843042508	0.5	-0.429	9.926	FastStand
33	1575843042509	0.505	-0.424	9.9	FastStand
34	1575843042510	0.505	-0.419	9.868	FastStand
35	1575843042511	0.503	-0.417	9.835	FastStand
36	1575843042512	0.491	-0.4	9.792	FastStand
37	1575843042513	0.455	-0.407	9.758	FastStand
38	1575843042514	0.405	-0.429	9.727	FastStand
39	1575843042515	0.364	-0.45	9.708	FastStand
40	1575843042516	0.359	-0.472	9.689	FastStand
41	1575843042517	0.357	-0.5	9.679	FastStand
42	1575843042518	0.359	-0.524	9.677	FastStand
43	1575843042519	0.364	-0.531	9.672	FastStand
44	1575843042520	0.357	-0.543	9.684	FastStand
45	1575843042524	0.357	-0.551	9.706	FastStand
46	1575843042525	0.35	-0.555	9.713	FastStand
47	1575843042528	0.347	-0.548	9.72	FastStand
48	1575843042530	0.345	-0.543	9.732	FastStand
49	1575843042533	0.338	-0.541	9.72	FastStand
50	1575843042536	0.352	-0.531	9.71	FastStand
51	1575843042538	0.373	-0.5	9.706	FastStand
52	1575843042540	0.39	-0.474	9.689	FastStand
53	1575843042543	0.395	-0.464	9.684	FastStand
54	1575843042545	0.409	-0.429	9.682	FastStand
55	1575843042548	0.433	-0.393	9.655	FastStand
56	1575843042551	0.431	-0.371	9.648	FastStand
57	1575843042553	0.419	-0.369	9.667	FastStand
58	1575843042555	0.405	-0.378	9.667	FastStand
59	1575843042557	0.405	-0.39	9.663	FastStand
60	1575843042560	0.424	-0.395	9.67	FastStand
61	1575843042563	0.431	-0.409	9.691	FastStand
62	1575843042566	0.417	-0.433	9.73	FastStand
63	1575843042567	0.424	-0.438	9.787	FastStand
64	1575843042569	0.46	-0.417	9.818	FastStand
65	1575843042575	0.457	-0.385	9.825	FastStand
66	1575843042576	0.395	-0.373	9.854	FastStand
67	1575843042577	0.352	-0.378	9.883	FastStand
68	1575843042579	0.352	-0.4	9.89	FastStand
69	1575843042582	0.378	-0.4	9.904	FastStand
70	1575843042584	0.429	-0.385	9.902	FastStand
71	1575843042587	0.472	-0.395	9.9	FastStand
72	1575843042589	0.493	-0.419	9.907	FastStand
73	1575843042591	0.498	-0.431	9.916	FastStand
74	1575843042594	0.488	-0.429	9.904	FastStand
75	1575843042596	0.452	-0.45	9.876	FastStand
76	1575843042599	0.421	-0.464	9.857	FastStand
77	1575843042601	0.433	-0.426	9.833	FastStand
78	1575843042604	0.421	-0.414	9.792	FastStand
79	1575843042607	0.402	-0.441	9.742	FastStand
80	1575843042609	0.388	-0.426	9.689	FastStand
81	1575843042611	0.354	-0.417	9.646	FastStand
82	1575843042614	0.326	-0.445	9.622	FastStand
83	1575843042615	0.304	-0.467	9.612	FastStand
84	1575843042619	0.263	-0.515	9.624	FastStand
85	1575843042624	0.215	-0.546	9.655	FastStand
86	1575843042625	0.215	-0.529	9.703	FastStand
87	1575843042626	0.237	-0.498	9.77	FastStand
88	1575843042628	0.244	-0.45	9.816	FastStand
89	1575843042631	0.271	-0.414	9.845	FastStand
90	1575843042632	0.283	-0.445	9.852	FastStand
91	1575843042635	0.271	-0.5	9.857	FastStand
92	1575843042640	0.247	-0.531	9.9	FastStand
93	1575843042641	0.223	-0.512	9.959	FastStand
94	1575843042642	0.232	-0.438	10.017	FastStand
95	1575843042644	0.263	-0.397	10.048	FastStand
96	1575843042647	0.261	-0.397	10.036	FastStand
97	1575843042649	0.254	-0.4	10.007	FastStand
98	1575843042651	0.275	-0.414	9.974	FastStand
99	1575843042653	0.273	-0.433	9.936	FastStand
100	1575843042656	0.263	-0.414	9.907	FastStand
101	1575843042658	0.268	-0.397	9.878	FastStand
102	1575843042661	0.259	-0.424	9.845	FastStand
103	1575843042663	0.237	-0.438	9.823	FastStand
104	1575843042666	0.23	-0.441	9.801	FastStand
105	1575843042668	0.225	-0.438	9.775	FastStand
106	1575843042671	0.218	-0.412	9.756	FastStand
107	1575843042673	0.239	-0.39	9.756	FastStand
108	1575843042675	0.261	-0.39	9.754	FastStand
109	1575843042678	0.271	-0.393	9.725	FastStand
110	1575843042680	0.273	-0.385	9.725	FastStand
111	1575843042683	0.256	-0.376	9.734	FastStand
112	1575843042685	0.261	-0.376	9.718	FastStand
113	1575843042688	0.283	-0.381	9.718	FastStand
114	1575843042690	0.28	-0.393	9.73	FastStand
115	1575843042693	0.28	-0.397	9.73	FastStand
116	1575843042695	0.294	-0.402	9.73	FastStand
117	1575843042697	0.321	-0.397	9.725	FastStand
118	1575843042700	0.333	-0.407	9.722	FastStand
119	1575843042702	0.316	-0.409	9.744	FastStand
120	1575843042704	0.283	-0.39	9.746	FastStand
121	1575843042707	0.273	-0.373	9.746	FastStand
122	1575843042709	0.259	-0.366	9.758	FastStand
123	1575843042712	0.242	-0.354	9.77	FastStand
124	1575843042714	0.263	-0.34	9.782	FastStand
125	1575843042717	0.273	-0.333	9.792	FastStand
126	1575843042719	0.287	-0.299	9.811	FastStand
127	1575843042722	0.33	-0.273	9.811	FastStand
128	1575843042724	0.362	-0.256	9.794	FastStand
129	1575843042727	0.373	-0.232	9.799	FastStand
130	1575843042729	0.393	-0.22	9.825	FastStand
131	1575843042732	0.421	-0.208	9.837	FastStand
132	1575843042734	0.431	-0.203	9.816	FastStand
133	1575843042737	0.421	-0.215	9.77	FastStand
134	1575843042739	0.407	-0.235	9.722	FastStand
135	1575843042742	0.381	-0.254	9.665	FastStand
136	1575843042744	0.362	-0.283	9.622	FastStand
137	1575843042746	0.34	-0.299	9.605	FastStand
138	1575843042748	0.311	-0.299	9.576	FastStand
139	1575843042751	0.314	-0.299	9.555	FastStand
140	1575843042754	0.321	-0.29	9.548	FastStand
141	1575843042757	0.316	-0.292	9.576	FastStand
142	1575843042758	0.309	-0.311	9.617	FastStand
143	1575843042761	0.304	-0.318	9.622	FastStand
144	1575843042763	0.302	-0.323	9.631	FastStand
145	1575843042766	0.285	-0.33	9.653	FastStand
146	1575843042768	0.263	-0.335	9.672	FastStand
147	1575843042770	0.247	-0.35	9.691	FastStand
148	1575843042773	0.232	-0.373	9.698	FastStand
149	1575843042776	0.223	-0.383	9.713	FastStand
150	1575843042778	0.227	-0.402	9.737	FastStand
151	1575843042780	0.227	-0.419	9.746	FastStand
152	1575843042783	0.215	-0.417	9.761	FastStand
153	1575843042785	0.215	-0.431	9.789	FastStand
154	1575843042787	0.232	-0.443	9.816	FastStand
155	1575843042790	0.239	-0.438	9.833	FastStand
156	1575843042793	0.237	-0.441	9.857	FastStand
157	1575843042796	0.244	-0.445	9.878	FastStand
158	1575843042797	0.249	-0.421	9.89	FastStand
159	1575843042800	0.244	-0.407	9.895	FastStand
160	1575843042802	0.239	-0.436	9.907	FastStand
161	1575843042806	0.254	-0.438	9.933	FastStand
162	1575843042807	0.259	-0.4	9.952	FastStand
163	1575843042812	0.242	-0.364	9.947	FastStand
164	1575843042813	0.225	-0.364	9.94	FastStand
165	1575843042815	0.211	-0.359	9.914	FastStand
166	1575843042817	0.218	-0.333	9.876	FastStand
167	1575843042819	0.225	-0.328	9.835	FastStand
168	1575843042822	0.211	-0.33	9.789	FastStand
169	1575843042824	0.192	-0.333	9.766	FastStand
170	1575843042828	0.194	-0.33	9.739	FastStand
171	1575843042829	0.201	-0.335	9.715	FastStand
172	1575843042831	0.184	-0.366	9.694	FastStand
173	1575843042835	0.16	-0.412	9.672	FastStand
174	1575843042836	0.168	-0.441	9.655	FastStand
175	1575843042840	0.168	-0.436	9.648	FastStand
176	1575843042841	0.148	-0.421	9.675	FastStand
177	1575843042843	0.146	-0.429	9.703	FastStand
178	1575843042846	0.153	-0.436	9.727	FastStand
179	1575843042848	0.158	-0.45	9.737	FastStand
180	1575843042851	0.153	-0.474	9.749	FastStand
181	1575843042853	0.156	-0.476	9.754	FastStand
182	1575843042856	0.18	-0.474	9.751	FastStand
183	1575843042858	0.184	-0.476	9.756	FastStand
184	1575843042860	0.163	-0.452	9.756	FastStand
185	1575843042863	0.168	-0.424	9.749	FastStand
186	1575843042865	0.177	-0.417	9.744	FastStand
187	1575843042868	0.129	-0.378	9.754	FastStand
188	1575843042870	0.079	-0.357	9.763	FastStand
189	1575843042872	0.077	-0.407	9.744	FastStand
190	1575843042877	0.124	-0.441	9.698	FastStand
191	1575843042878	0.177	-0.417	9.663	FastStand
192	1575843042880	0.203	-0.39	9.641	FastStand
193	1575843042882	0.211	-0.395	9.639	FastStand
194	1575843042885	0.192	-0.388	9.648	FastStand
195	1575843042887	0.175	-0.383	9.672	FastStand
196	1575843042891	0.141	-0.409	9.708	FastStand
197	1575843042894	0.101	-0.433	9.749	FastStand
198	1575843042895	0.101	-0.443	9.799	FastStand
199	1575843042898	0.093	-0.443	9.847	FastStand
200	1575843042899	0.086	-0.448	9.878	FastStand
201	1575843042904	0.11	-0.445	9.912	FastStand
202	1575843042905	0.144	-0.424	9.931	FastStand
203	1575843042907	0.165	-0.409	9.919	FastStand
204	1575843042910	0.187	-0.39	9.907	FastStand
205	1575843042914	0.187	-0.366	9.919	FastStand
206	1575843042915	0.182	-0.34	9.933	FastStand
207	1575843042918	0.168	-0.347	9.938	FastStand
208	1575843042919	0.156	-0.366	9.947	FastStand
209	1575843042922	0.151	-0.369	9.947	FastStand
210	1575843042924	0.146	-0.371	9.931	FastStand
211	1575843042926	0.141	-0.342	9.907	FastStand
212	1575843042931	0.148	-0.311	9.88	FastStand
213	1575843042935	0.153	-0.294	9.845	FastStand
214	1575843042936	0.141	-0.292	9.804	FastStand
215	1575843042937	0.124	-0.306	9.749	FastStand
216	1575843042938	0.127	-0.302	9.689	FastStand
217	1575843042941	0.146	-0.29	9.634	FastStand
218	1575843042943	0.141	-0.28	9.569	FastStand
219	1575843042947	0.124	-0.273	9.531	FastStand
220	1575843042948	0.12	-0.256	9.533	FastStand
221	1575843042951	0.144	-0.223	9.517	FastStand
222	1575843042953	0.168	-0.203	9.481	FastStand
223	1575843042956	0.148	-0.22	9.461	FastStand
224	1575843042958	0.127	-0.244	9.478	FastStand
225	1575843042962	0.136	-0.271	9.507	FastStand
226	1575843042963	0.153	-0.299	9.533	FastStand
227	1575843042965	0.196	-0.294	9.572	FastStand
228	1575843042967	0.244	-0.321	9.596	FastStand
229	1575843042970	0.227	-0.385	9.627	FastStand
230	1575843042973	0.22	-0.405	9.691	FastStand
231	1575843042975	0.285	-0.352	9.744	FastStand
232	1575843042977	0.352	-0.314	9.768	FastStand
233	1575843042979	0.397	-0.323	9.782	FastStand
234	1575843042982	0.412	-0.328	9.794	FastStand
235	1575843042985	0.424	-0.302	9.787	FastStand
236	1575843042988	0.433	-0.306	9.756	FastStand
237	1575843042990	0.414	-0.335	9.734	FastStand
238	1575843042992	0.421	-0.326	9.715	FastStand
239	1575843042994	0.438	-0.29	9.689	FastStand
240	1575843042997	0.443	-0.259	9.658	FastStand
241	1575843042999	0.436	-0.261	9.655	FastStand
242	1575843043002	0.424	-0.283	9.667	FastStand
243	1575843043004	0.441	-0.323	9.648	FastStand
244	1575843043007	0.474	-0.376	9.631	FastStand
245	1575843043010	0.491	-0.366	9.646	FastStand
246	1575843043012	0.515	-0.318	9.663	FastStand
247	1575843043015	0.51	-0.297	9.675	FastStand
248	1575843043016	0.472	-0.285	9.687	FastStand
249	1575843043021	0.467	-0.249	9.701	FastStand
250	1575843043022	0.479	-0.237	9.689	FastStand
251	1575843043023	0.476	-0.259	9.658	FastStand
252	1575843043026	0.46	-0.297	9.648	FastStand
253	1575843043030	0.433	-0.33	9.663	FastStand
254	1575843043031	0.443	-0.309	9.706	FastStand
255	1575843043034	0.496	-0.261	9.727	FastStand
256	1575843043036	0.529	-0.223	9.725	FastStand
257	1575843043039	0.558	-0.22	9.71	FastStand
258	1575843043041	0.51	-0.266	9.725	FastStand
259	1575843043043	0.426	-0.314	9.761	FastStand
260	1575843043045	0.421	-0.316	9.782	FastStand
261	1575843043048	0.445	-0.28	9.811	FastStand
262	1575843043050	0.452	-0.244	9.83	FastStand
263	1575843043053	0.436	-0.249	9.818	FastStand
264	1575843043056	0.393	-0.294	9.818	FastStand
265	1575843043057	0.357	-0.338	9.837	FastStand
266	1575843043061	0.369	-0.34	9.833	FastStand
267	1575843043063	0.421	-0.302	9.825	FastStand
268	1575843043068	0.476	-0.314	9.809	FastStand
269	1575843043069	0.498	-0.402	9.792	FastStand
270	1575843043070	0.496	-0.441	9.806	FastStand
271	1575843043073	0.488	-0.369	9.847	FastStand
272	1575843043075	0.5	-0.316	9.868	FastStand
273	1575843043077	0.522	-0.29	9.873	FastStand
274	1575843043082	0.524	-0.311	9.88	FastStand
275	1575843043083	0.484	-0.371	9.873	FastStand
276	1575843043084	0.464	-0.405	9.852	FastStand
277	1575843043087	0.472	-0.417	9.818	FastStand
278	1575843043089	0.464	-0.364	9.801	FastStand
279	1575843043092	0.443	-0.304	9.782	FastStand
280	1575843043094	0.409	-0.28	9.77	FastStand
281	1575843043099	0.371	-0.278	9.766	FastStand
282	1575843043100	0.352	-0.266	9.734	FastStand
283	1575843043102	0.359	-0.261	9.72	FastStand
284	1575843043103	0.354	-0.266	9.734	FastStand
285	1575843043106	0.376	-0.251	9.751	FastStand
286	1575843043108	0.409	-0.242	9.749	FastStand
287	1575843043111	0.419	-0.249	9.751	FastStand
288	1575843043114	0.443	-0.225	9.77	FastStand
289	1575843043116	0.491	-0.192	9.794	FastStand
290	1575843043119	0.534	-0.218	9.801	FastStand
291	1575843043123	0.551	-0.261	9.809	FastStand
292	1575843043124	0.551	-0.273	9.847	FastStand
293	1575843043125	0.565	-0.268	9.904	FastStand
294	1575843043129	0.622	-0.268	9.914	FastStand
295	1575843043130	0.663	-0.283	9.888	FastStand
296	1575843043135	0.68	-0.299	9.873	FastStand
297	1575843043136	0.697	-0.321	9.847	FastStand
298	1575843043138	0.725	-0.309	9.804	FastStand
299	1575843043140	0.747	-0.311	9.763	FastStand
300	1575843043142	0.737	-0.338	9.73	FastStand
301	1575843043145	0.723	-0.333	9.713	FastStand
302	1575843043147	0.713	-0.314	9.715	FastStand
303	1575843043149	0.713	-0.302	9.715	FastStand
304	1575843043152	0.706	-0.304	9.708	FastStand
305	1575843043154	0.67	-0.302	9.715	FastStand
306	1575843043157	0.634	-0.297	9.727	FastStand
307	1575843043159	0.613	-0.304	9.742	FastStand
308	1575843043162	0.589	-0.306	9.768	FastStand
309	1575843043170	0.565	-0.316	9.799	FastStand
310	1575843043171	0.548	-0.335	9.837	FastStand
311	1575843043172	0.529	-0.333	9.888	FastStand
312	1575843043173	0.505	-0.326	9.926	FastStand
313	1575843043175	0.481	-0.33	9.943	FastStand
314	1575843043176	0.455	-0.326	9.955	FastStand
315	1575843043179	0.431	-0.328	9.962	FastStand
316	1575843043181	0.397	-0.333	9.967	FastStand
317	1575843043185	0.362	-0.335	9.969	FastStand
318	1575843043186	0.338	-0.333	9.959	FastStand
319	1575843043189	0.347	-0.33	9.947	FastStand
320	1575843043191	0.347	-0.34	9.957	FastStand
321	1575843043194	0.323	-0.35	9.955	FastStand
322	1575843043196	0.309	-0.35	9.95	FastStand
323	1575843043199	0.306	-0.335	9.952	FastStand
324	1575843043202	0.285	-0.306	9.947	FastStand
325	1575843043203	0.237	-0.278	9.926	FastStand
326	1575843043206	0.225	-0.28	9.868	FastStand
327	1575843043208	0.215	-0.271	9.816	FastStand
328	1575843043210	0.201	-0.251	9.768	FastStand
329	1575843043215	0.206	-0.237	9.713	FastStand
330	1575843043216	0.227	-0.239	9.655	FastStand
331	1575843043218	0.268	-0.259	9.593	FastStand
332	1575843043221	0.285	-0.251	9.56	FastStand
333	1575843043223	0.285	-0.249	9.562	FastStand
334	1575843043225	0.299	-0.254	9.564	FastStand
335	1575843043227	0.302	-0.247	9.576	FastStand
336	1575843043230	0.285	-0.249	9.61	FastStand
337	1575843043233	0.268	-0.242	9.646	FastStand
338	1575843043234	0.251	-0.225	9.684	FastStand
339	1575843043237	0.23	-0.227	9.701	FastStand
340	1575843043239	0.223	-0.223	9.725	FastStand
341	1575843043245	0.225	-0.194	9.754	FastStand
342	1575843043246	0.211	-0.17	9.754	FastStand
343	1575843043248	0.182	-0.156	9.749	FastStand
344	1575843043249	0.156	-0.151	9.746	FastStand
345	1575843043253	0.141	-0.148	9.737	FastStand
346	1575843043254	0.139	-0.144	9.722	FastStand
347	1575843043259	0.127	-0.146	9.701	FastStand
348	1575843043260	0.101	-0.153	9.667	FastStand
349	1575843043262	0.072	-0.158	9.663	FastStand
350	1575843043267	0.053	-0.172	9.667	FastStand
351	1575843043268	0.036	-0.18	9.658	FastStand
352	1575843043269	0.029	-0.182	9.67	FastStand
353	1575843043272	0.031	-0.189	9.694	FastStand
354	1575843043275	0.031	-0.199	9.713	FastStand
355	1575843043277	0.043	-0.194	9.739	FastStand
356	1575843043278	0.048	-0.189	9.754	FastStand
357	1575843043282	0.038	-0.203	9.77	FastStand
358	1575843043284	0.048	-0.208	9.794	FastStand
359	1575843043286	0.06	-0.201	9.821	FastStand
360	1575843043288	0.043	-0.18	9.849	FastStand
361	1575843043292	0.024	-0.153	9.876	FastStand
362	1575843043294	0.022	-0.141	9.885	FastStand
363	1575843043296	0.036	-0.134	9.871	FastStand
364	1575843043298	0.055	-0.148	9.845	FastStand
365	1575843043303	0.062	-0.168	9.813	FastStand
366	1575843043304	0.077	-0.175	9.794	FastStand
367	1575843043306	0.093	-0.184	9.78	FastStand
368	1575843043307	0.086	-0.189	9.763	FastStand
369	1575843043310	0.053	-0.203	9.823	FastStand
370	1575843043313	0.022	-0.232	9.952	FastStand
371	1575843043315	0.024	-0.215	10.041	FastStand
372	1575843043319	0.053	-0.165	10.055	FastStand
373	1575843043321	0.165	-0.096	10.015	FastStand
374	1575843043322	0.237	-0.06	9.988	FastStand
375	1575843043325	0.153	-0.136	9.995	FastStand
376	1575843043327	0.06	-0.261	9.962	FastStand
377	1575843043330	0.038	-0.369	9.868	FastStand
378	1575843043336	0.045	-0.436	9.777	FastStand
379	1575843043337	0.036	-0.438	9.746	FastStand
380	1575843043338	0.017	-0.362	9.763	FastStand
381	1575843043340	0.019	-0.271	9.789	FastStand
382	1575843043342	0.036	-0.22	9.804	FastStand
383	1575843043345	0.045	-0.206	9.799	FastStand
384	1575843043347	0.05	-0.218	9.775	FastStand
385	1575843043350	0.045	-0.213	9.751	FastStand
386	1575843043351	0.029	-0.192	9.746	FastStand
387	1575843043355	0.026	-0.182	9.706	FastStand
388	1575843043356	0.045	-0.148	9.605	FastStand
389	1575843043359	0.074	-0.113	9.533	FastStand
390	1575843043362	0.086	-0.096	9.509	FastStand
391	1575843043363	0.089	-0.077	9.524	FastStand
392	1575843043366	0.072	-0.089	9.586	FastStand
393	1575843043369	0.036	-0.12	9.631	FastStand
394	1575843043371	0.012	-0.148	9.653	FastStand
395	1575843043373	0.017	-0.17	9.634	FastStand
396	1575843043376	0.045	-0.196	9.533	FastStand
397	1575843043378	0.074	-0.242	9.445	FastStand
398	1575843043380	0.108	-0.287	9.406	FastStand
399	1575843043383	0.151	-0.333	9.354	FastStand
400	1575843043385	0.163	-0.366	9.323	FastStand
401	1575843043388	0.153	-0.39	9.337	FastStand
402	1575843043390	0.163	-0.373	9.392	FastStand
403	1575843043392	0.18	-0.345	9.454	FastStand
404	1575843043395	0.22	-0.321	9.471	FastStand
405	1575843043397	0.242	-0.297	9.471	FastStand
406	1575843043400	0.237	-0.29	9.517	FastStand
407	1575843043403	0.208	-0.297	9.596	FastStand
408	1575843043405	0.182	-0.338	9.672	FastStand
409	1575843043407	0.184	-0.376	9.737	FastStand
410	1575843043410	0.187	-0.381	9.78	FastStand
411	1575843043413	0.156	-0.345	9.84	FastStand
412	1575843043416	0.089	-0.323	9.878	FastStand
413	1575843043417	0.043	-0.326	9.89	FastStand
414	1575843043420	0.019	-0.33	9.914	FastStand
415	1575843043422	-0.01	-0.335	9.974	FastStand
416	1575843043425	-0.036	-0.338	10.031	FastStand
417	1575843043427	-0.048	-0.333	10.031	FastStand
418	1575843043429	-0.081	-0.323	9.991	FastStand
419	1575843043432	-0.139	-0.321	9.902	FastStand
420	1575843043434	-0.206	-0.357	9.794	FastStand
421	1575843043437	-0.297	-0.383	9.718	FastStand
422	1575843043439	-0.362	-0.393	9.675	FastStand
423	1575843043442	-0.393	-0.395	9.608	FastStand
424	1575843043443	-0.421	-0.371	9.512	FastStand
425	1575843043446	-0.455	-0.362	9.416	FastStand
426	1575843043449	-0.455	-0.35	9.339	FastStand
427	1575843043451	-0.448	-0.323	9.291	FastStand
428	1575843043453	-0.424	-0.323	9.258	FastStand
429	1575843043456	-0.373	-0.338	9.26	FastStand
430	1575843043458	-0.326	-0.347	9.299	FastStand
431	1575843043460	-0.266	-0.359	9.342	FastStand
432	1575843043463	-0.194	-0.378	9.363	FastStand
433	1575843043465	-0.12	-0.381	9.361	FastStand
434	1575843043467	-0.06	-0.352	9.38	FastStand
435	1575843043470	-0.029	-0.33	9.435	FastStand
436	1575843043473	0.014	-0.309	9.476	FastStand
437	1575843043477	0.093	-0.299	9.519	FastStand
438	1575843043478	0.163	-0.285	9.598	FastStand
439	1575843043480	0.232	-0.287	9.689	FastStand
440	1575843043482	0.302	-0.304	9.789	FastStand
441	1575843043485	0.35	-0.318	9.897	FastStand
442	1575843043487	0.385	-0.352	9.993	FastStand
443	1575843043490	0.417	-0.362	10.07	FastStand
444	1575843043492	0.431	-0.345	10.12	FastStand
445	1575843043494	0.412	-0.333	10.103	FastStand
446	1575843043497	0.357	-0.328	10.036	FastStand
447	1575843043499	0.271	-0.342	9.991	FastStand
448	1575843043502	0.16	-0.362	9.995	FastStand
449	1575843043505	0.069	-0.34	10.036	FastStand
450	1575843043507	0.034	-0.28	10.096	FastStand
451	1575843043509	0.034	-0.223	10.117	FastStand
452	1575843043513	0.048	-0.168	10.096	FastStand
453	1575843043514	0.065	-0.108	10.062	FastStand
454	1575843043517	0.055	-0.086	10.046	FastStand
455	1575843043519	0.038	-0.086	10.077	FastStand
456	1575843043522	0.019	-0.06	10.122	FastStand
457	1575843043525	0.012	-0.017	10.11	FastStand
458	1575843043527	0.029	0.034	10.048	FastStand
459	1575843043533	0.069	0.06	9.986	FastStand
460	1575843043534	0.072	0.048	9.995	FastStand
461	1575843043535	0.05	0.034	10.072	FastStand
462	1575843043537	0.055	0.026	10.146	FastStand
463	1575843043539	0.079	-0.005	10.213	FastStand
464	1575843043541	0.089	-0.034	10.271	FastStand
465	1575843043545	0.074	-0.06	10.357	FastStand
466	1575843043546	0.069	-0.069	10.469	FastStand
467	1575843043550	0.072	-0.072	10.594	FastStand
468	1575843043551	0.057	-0.093	10.735	FastStand
469	1575843043553	0.065	-0.113	10.845	FastStand
470	1575843043557	0.084	-0.113	10.946	FastStand
471	1575843043558	0.067	-0.124	11.075	FastStand
472	1575843043562	0.038	-0.151	11.224	FastStand
473	1575843043563	-0.01	-0.146	11.386	FastStand
474	1575843043568	-0.043	-0.132	11.511	FastStand
475	1575843043569	-0.01	-0.127	11.614	FastStand
476	1575843043570	0.038	-0.144	11.726	FastStand
477	1575843043573	0.072	-0.168	11.836	FastStand
478	1575843043575	0.096	-0.199	11.889	FastStand
479	1575843043578	0.117	-0.22	11.88	FastStand
480	1575843043580	0.194	-0.187	11.86	FastStand
481	1575843043582	0.304	-0.122	11.824	FastStand
482	1575843043586	0.333	-0.036	11.65	FastStand
483	1575843043587	0.285	0.031	11.468	FastStand
484	1575843043590	0.23	0.031	11.331	FastStand
485	1575843043592	0.163	-0.014	11.085	FastStand
486	1575843043596	0.043	-0.089	10.872	FastStand
487	1575843043597	-0.105	-0.189	10.771	FastStand
488	1575843043600	-0.249	-0.287	10.742	FastStand
489	1575843043602	-0.409	-0.354	10.723	FastStand
490	1575843043606	-0.534	-0.407	10.687	FastStand
491	1575843043607	-0.668	-0.452	10.584	FastStand
492	1575843043610	-0.836	-0.469	10.426	FastStand
493	1575843043612	-0.977	-0.46	10.287	FastStand
494	1575843043614	-1.029	-0.443	10.194	FastStand
495	1575843043616	-0.986	-0.371	10.144	FastStand
496	1575843043621	-0.953	-0.271	10.175	FastStand
497	1575843043623	-1.003	-0.237	10.302	FastStand
498	1575843043624	-1.073	-0.251	10.462	FastStand
499	1575843043628	-1.087	-0.275	10.613	FastStand
500	1575843043629	-1.034	-0.251	10.752	FastStand
501	1575843043631	-0.982	-0.235	10.802	FastStand
502	1575843043635	-0.989	-0.283	10.718	FastStand
503	1575843043636	-1.051	-0.323	10.591	FastStand
504	1575843043640	-1.154	-0.335	10.465	FastStand
505	1575843043642	-1.322	-0.316	10.326	FastStand
506	1575843043644	-1.492	-0.275	10.216	FastStand
507	1575843043649	-1.582	-0.223	10.144	FastStand
508	1575843043650	-1.654	-0.16	10.108	FastStand
509	1575843043652	-1.7	-0.086	10.108	FastStand
510	1575843043653	-1.712	-0.031	10.134	FastStand
511	1575843043655	-1.733	-0.01	10.194	FastStand
512	1575843043660	-1.774	-0.007	10.228	FastStand
513	1575843043661	-1.812	-0.002	10.23	FastStand
514	1575843043663	-1.815	0.024	10.237	FastStand
515	1575843043667	-1.827	0.077	10.232	FastStand
516	1575843043668	-1.863	0.136	10.211	FastStand
517	1575843043672	-1.908	0.192	10.218	FastStand
518	1575843043673	-1.954	0.232	10.235	FastStand
519	1575843043675	-2.021	0.213	10.242	FastStand
520	1575843043677	-2.109	0.172	10.24	FastStand
521	1575843043682	-2.217	0.12	10.211	FastStand
522	1575843043683	-2.351	0.029	10.11	FastStand
523	1575843043685	-2.473	-0.067	9.962	FastStand
524	1575843043687	-2.564	-0.156	9.792	FastStand
525	1575843043690	-2.626	-0.268	9.679	FastStand
526	1575843043692	-2.66	-0.431	9.706	FastStand
527	1575843043694	-2.655	-0.575	9.811	FastStand
528	1575843043699	-2.61	-0.706	9.931	FastStand
529	1575843043700	-2.576	-0.874	10.019	FastStand
530	1575843043702	-2.559	-1.02	10.062	FastStand
531	1575843043704	-2.538	-1.132	10.053	FastStand
532	1575843043706	-2.511	-1.216	9.974	FastStand
533	1575843043709	-2.48	-1.255	9.9	FastStand
534	1575843043711	-2.418	-1.271	9.864	FastStand
535	1575843043714	-2.296	-1.365	9.868	FastStand
536	1575843043717	-2.258	-1.362	9.936	FastStand
537	1575843043718	-2.353	-1.24	9.979	FastStand
538	1575843043721	-2.432	-1.187	9.95	FastStand
539	1575843043723	-2.456	-1.142	9.919	FastStand
540	1575843043728	-2.428	-1.092	9.897	FastStand
541	1575843043729	-2.358	-1.049	9.902	FastStand
542	1575843043732	-2.255	-1.027	9.962	FastStand
543	1575843043733	-2.14	-1.015	10.038	FastStand
544	1575843043736	-2.064	-1.006	10.022	FastStand
545	1575843043739	-2.033	-1.01	9.909	FastStand
546	1575843043740	-1.999	-0.994	9.823	FastStand
547	1575843043743	-1.968	-0.984	9.868	FastStand
548	1575843043746	-1.958	-0.989	9.986	FastStand
549	1575843043748	-1.946	-0.989	10.005	FastStand
550	1575843043750	-1.91	-0.996	9.957	FastStand
551	1575843043752	-1.839	-0.979	9.921	FastStand
552	1575843043755	-1.796	-0.965	9.914	FastStand
553	1575843043757	-1.738	-0.998	9.94	FastStand
554	1575843043760	-1.659	-1.044	9.983	FastStand
555	1575843043762	-1.571	-1.073	9.962	FastStand
556	1575843043766	-1.475	-1.128	9.818	FastStand
557	1575843043768	-1.41	-1.197	9.639	FastStand
558	1575843043769	-1.355	-1.293	9.54	FastStand
559	1575843043774	-1.31	-1.389	9.507	FastStand
560	1575843043775	-1.264	-1.448	9.49	FastStand
561	1575843043778	-1.223	-1.511	9.495	FastStand
562	1575843043780	-1.185	-1.602	9.536	FastStand
563	1575843043782	-1.13	-1.693	9.617	FastStand
564	1575843043785	-1.089	-1.767	9.72	FastStand
565	1575843043787	-1.077	-1.87	9.792	FastStand
566	1575843043789	-1.096	-1.978	9.813	FastStand
567	1575843043792	-1.118	-2.08	9.78	FastStand
568	1575843043794	-1.116	-2.183	9.72	FastStand
569	1575843043796	-1.116	-2.274	9.703	FastStand
570	1575843043799	-1.111	-2.356	9.737	FastStand
571	1575843043802	-1.099	-2.425	9.787	FastStand
572	1575843043803	-1.096	-2.492	9.816	FastStand
573	1575843043806	-1.089	-2.557	9.792	FastStand
574	1575843043809	-1.089	-2.612	9.703	FastStand
575	1575843043812	-1.099	-2.662	9.579	FastStand
576	1575843043814	-1.144	-2.703	9.493	FastStand
577	1575843043817	-1.214	-2.756	9.471	FastStand
578	1575843043819	-1.257	-2.844	9.485	FastStand
579	1575843043822	-1.295	-2.923	9.533	FastStand
580	1575843043823	-1.345	-2.985	9.588	FastStand
581	1575843043828	-1.396	-3.091	9.6	FastStand
582	1575843043829	-1.47	-3.208	9.579	FastStand
583	1575843043830	-1.561	-3.242	9.567	FastStand
584	1575843043833	-1.666	-3.215	9.572	FastStand
585	1575843043835	-1.745	-3.172	9.569	FastStand
586	1575843043838	-1.767	-3.129	9.533	FastStand
587	1575843043841	-1.827	-3.103	9.478	FastStand
588	1575843043843	-1.934	-3.081	9.483	FastStand
589	1575843043846	-2.006	-3.074	9.5	FastStand
590	1575843043848	-2.064	-3.057	9.529	FastStand
591	1575843043850	-2.121	-3.029	9.605	FastStand
592	1575843043854	-2.15	-3.014	9.66	FastStand
593	1575843043855	-2.155	-3.005	9.725	FastStand
594	1575843043857	-2.167	-3.002	9.777	FastStand
595	1575843043860	-2.186	-3.026	9.804	FastStand
596	1575843043862	-2.207	-3.064	9.816	FastStand
597	1575843043864	-2.243	-3.122	9.818	FastStand
598	1575843043867	-2.301	-3.175	9.818	FastStand
599	1575843043869	-2.344	-3.237	9.801	FastStand
600	1575843043872	-2.351	-3.318	9.777	FastStand
601	1575843043874	-2.322	-3.38	9.758	FastStand
602	1575843043878	-2.255	-3.414	9.713	FastStand
603	1575843043879	-2.193	-3.476	9.612	FastStand
604	1575843043882	-2.167	-3.574	9.493	FastStand
605	1575843043885	-2.148	-3.661	9.397	FastStand
606	1575843043886	-2.133	-3.756	9.337	FastStand
607	1575843043889	-2.126	-3.854	9.332	FastStand
608	1575843043892	-2.107	-3.922	9.351	FastStand
609	1575843043894	-2.092	-3.943	9.382	FastStand
610	1575843043896	-2.066	-3.941	9.39	FastStand
611	1575843043899	-2.042	-3.953	9.347	FastStand
612	1575843043901	-2.03	-3.965	9.287	FastStand
613	1575843043903	-2.011	-3.991	9.22	FastStand
614	1575843043907	-2.004	-4.005	9.157	FastStand
615	1575843043909	-2.025	-4.003	9.074	FastStand
616	1575843043911	-2.037	-4.01	8.99	FastStand
617	1575843043914	-2.013	-4.022	8.928	FastStand
618	1575843043915	-2.004	-4.053	8.868	FastStand
619	1575843043918	-1.982	-4.087	8.817	FastStand
620	1575843043920	-1.942	-4.106	8.782	FastStand
621	1575843043923	-1.944	-4.125	8.789	FastStand
622	1575843043927	-1.932	-4.156	8.832	FastStand
623	1575843043928	-1.891	-4.197	8.873	FastStand
624	1575843043931	-1.86	-4.23	8.928	FastStand
625	1575843043932	-1.793	-4.259	8.978	FastStand
626	1575843043937	-1.721	-4.324	9.019	FastStand
627	1575843043938	-1.719	-4.388	9.062	FastStand
628	1575843043940	-1.757	-4.451	9.057	FastStand
629	1575843043943	-1.781	-4.525	9.038	FastStand
630	1575843043945	-1.774	-4.604	9.057	FastStand
631	1575843043947	-1.717	-4.671	9.107	FastStand
632	1575843043950	-1.642	-4.724	9.184	FastStand
633	1575843043952	-1.582	-4.764	9.232	FastStand
634	1575843043957	-1.539	-4.8	9.246	FastStand
635	1575843043958	-1.503	-4.812	9.21	FastStand
636	1575843043960	-1.46	-4.798	9.119	FastStand
637	1575843043963	-1.453	-4.798	9.054	FastStand
638	1575843043965	-1.446	-4.798	9.028	FastStand
639	1575843043966	-1.415	-4.793	9.002	FastStand
640	1575843043970	-1.408	-4.817	8.971	FastStand
641	1575843043972	-1.41	-4.846	8.937	FastStand
642	1575843043976	-1.393	-4.855	8.894	FastStand
643	1575843043978	-1.367	-4.838	8.834	FastStand
644	1575843043979	-1.319	-4.786	8.717	FastStand
645	1575843043984	-1.298	-4.736	8.597	FastStand
646	1575843043985	-1.314	-4.702	8.485	FastStand
647	1575843043987	-1.326	-4.671	8.384	FastStand
648	1575843043988	-1.31	-4.63	8.281	FastStand
649	1575843043991	-1.264	-4.563	8.118	FastStand
650	1575843043994	-1.233	-4.51	7.953	FastStand
651	1575843043996	-1.228	-4.51	7.857	FastStand
652	1575843043998	-1.226	-4.53	7.862	FastStand
653	1575843044001	-1.226	-4.546	7.96	FastStand
654	1575843044003	-1.278	-4.587	8.094	FastStand
655	1575843044005	-1.345	-4.661	8.217	FastStand
656	1575843044008	-1.348	-4.747	8.296	FastStand
657	1575843044010	-1.343	-4.822	8.315	FastStand
658	1575843044013	-1.367	-4.862	8.319	FastStand
659	1575843044015	-1.405	-4.891	8.312	FastStand
660	1575843044018	-1.432	-4.939	8.286	FastStand
661	1575843044020	-1.398	-4.989	8.284	FastStand
662	1575843044023	-1.341	-5.044	8.322	FastStand
663	1575843044026	-1.312	-5.099	8.336	FastStand
664	1575843044028	-1.305	-5.183	8.276	FastStand
665	1575843044031	-1.295	-5.267	8.272	FastStand
666	1575843044032	-1.288	-5.315	8.324	FastStand
667	1575843044035	-1.278	-5.339	8.363	FastStand
668	1575843044037	-1.281	-5.32	8.434	FastStand
669	1575843044045	-1.295	-5.272	8.518	FastStand
670	1575843044046	-1.262	-5.243	8.552	FastStand
671	1575843044047	-1.192	-5.229	8.568	FastStand
672	1575843044048	-1.123	-5.19	8.602	FastStand
673	1575843044051	-1.015	-5.135	8.583	FastStand
674	1575843044052	-0.919	-5.097	8.487	FastStand
675	1575843044054	-0.876	-5.085	8.375	FastStand
676	1575843044056	-0.848	-5.078	8.26	FastStand
677	1575843044059	-0.836	-5.075	8.145	FastStand
678	1575843044062	-0.838	-5.078	8.068	FastStand
679	1575843044064	-0.843	-5.08	8.001	FastStand
680	1575843044066	-0.838	-5.068	7.96	FastStand
681	1575843044069	-0.819	-5.064	7.951	FastStand
682	1575843044071	-0.795	-5.066	7.917	FastStand
683	1575843044073	-0.754	-5.059	7.862	FastStand
684	1575843044076	-0.733	-5.047	7.85	FastStand
685	1575843044078	-0.728	-5.064	7.845	FastStand
686	1575843044081	-0.733	-5.111	7.802	FastStand
687	1575843044084	-0.737	-5.154	7.747	FastStand
688	1575843044085	-0.721	-5.202	7.707	FastStand
689	1575843044088	-0.713	-5.255	7.702	FastStand
690	1575843044090	-0.706	-5.301	7.738	FastStand
691	1575843044093	-0.701	-5.339	7.764	FastStand
692	1575843044095	-0.692	-5.37	7.74	FastStand
693	1575843044098	-0.666	-5.365	7.692	FastStand
694	1575843044100	-0.656	-5.353	7.618	FastStand
695	1575843044102	-0.656	-5.351	7.486	FastStand
696	1575843044105	-0.675	-5.351	7.333	FastStand
697	1575843044107	-0.692	-5.346	7.221	FastStand
698	1575843044109	-0.706	-5.332	7.18	FastStand
699	1575843044112	-0.699	-5.336	7.168	FastStand
700	1575843044115	-0.697	-5.322	7.206	FastStand
701	1575843044118	-0.728	-5.272	7.257	FastStand
702	1575843044119	-0.785	-5.193	7.24	FastStand
703	1575843044123	-0.881	-5.059	7.197	FastStand
704	1575843044124	-0.984	-4.929	7.144	FastStand
705	1575843044127	-1.07	-4.882	7.06	FastStand
706	1575843044130	-1.137	-4.87	7	FastStand
707	1575843044132	-1.187	-4.882	7.008	FastStand
708	1575843044135	-1.211	-4.937	7.094	FastStand
709	1575843044137	-1.192	-5.047	7.221	FastStand
710	1575843044139	-1.142	-5.169	7.352	FastStand
711	1575843044142	-1.068	-5.279	7.515	FastStand
712	1575843044144	-0.97	-5.377	7.695	FastStand
713	1575843044147	-0.838	-5.48	7.802	FastStand
714	1575843044148	-0.723	-5.614	7.833	FastStand
715	1575843044151	-0.661	-5.772	7.822	FastStand
716	1575843044153	-0.639	-5.957	7.79	FastStand
717	1575843044156	-0.658	-6.148	7.764	FastStand
718	1575843044158	-0.692	-6.356	7.738	FastStand
719	1575843044160	-0.713	-6.562	7.683	FastStand
720	1575843044163	-0.735	-6.766	7.604	FastStand
721	1575843044166	-0.795	-7	7.484	FastStand
722	1575843044168	-0.903	-7.34	7.3	FastStand
723	1575843044171	-1.01	-7.781	7.029	FastStand
724	1575843044173	-1.092	-7.944	6.768	FastStand
725	1575843044176	-1.147	-7.786	6.596	FastStand
726	1575843044178	-1.178	-7.661	6.469	FastStand
727	1575843044181	-1.199	-7.57	6.375	FastStand
728	1575843044183	-1.192	-7.429	6.258	FastStand
729	1575843044186	-1.161	-7.304	6.038	FastStand
730	1575843044188	-1.125	-7.204	5.789	FastStand
731	1575843044190	-1.101	-7.096	5.585	FastStand
732	1575843044194	-1.111	-7	5.454	FastStand
733	1575843044196	-1.125	-6.929	5.425	FastStand
734	1575843044197	-1.135	-6.866	5.447	FastStand
735	1575843044200	-1.156	-6.787	5.564	FastStand
736	1575843044203	-1.164	-6.703	5.755	FastStand
737	1575843044204	-1.161	-6.636	5.935	FastStand
738	1575843044207	-1.168	-6.574	6.076	FastStand
739	1575843044210	-1.18	-6.529	6.201	FastStand
740	1575843044212	-1.187	-6.49	6.313	FastStand
741	1575843044214	-1.209	-6.481	6.399	FastStand
742	1575843044218	-1.231	-6.498	6.493	FastStand
743	1575843044220	-1.228	-6.5	6.62	FastStand
744	1575843044223	-1.209	-6.469	6.715	FastStand
745	1575843044224	-1.166	-6.459	6.761	FastStand
746	1575843044227	-1.111	-6.502	6.84	FastStand
747	1575843044230	-1.087	-6.562	6.962	FastStand
748	1575843044232	-1.061	-6.613	7.039	FastStand
749	1575843044235	-1.003	-6.67	7.065	FastStand
750	1575843044237	-0.929	-6.73	7.094	FastStand
751	1575843044238	-0.869	-6.782	7.113	FastStand
752	1575843044242	-0.814	-6.828	7.151	FastStand
753	1575843044243	-0.733	-6.866	7.178	FastStand
754	1575843044246	-0.61	-6.89	7.122	FastStand
755	1575843044248	-0.503	-6.909	7.036	FastStand
756	1575843044252	-0.45	-6.938	6.912	FastStand
757	1575843044256	-0.426	-6.981	6.787	FastStand
758	1575843044257	-0.426	-7.019	6.672	FastStand
759	1575843044258	-0.443	-7.065	6.579	FastStand
760	1575843044260	-0.441	-7.094	6.533	FastStand
761	1575843044264	-0.397	-7.101	6.478	FastStand
762	1575843044265	-0.369	-7.113	6.39	FastStand
763	1575843044269	-0.35	-7.118	6.273	FastStand
764	1575843044270	-0.333	-7.091	6.105	FastStand
765	1575843044273	-0.302	-7.015	5.882	FastStand
766	1575843044277	-0.254	-6.936	5.657	FastStand
767	1575843044278	-0.256	-6.866	5.482	FastStand
768	1575843044282	-0.309	-6.823	5.37	FastStand
769	1575843044283	-0.35	-6.838	5.327	FastStand
770	1575843044287	-0.362	-6.866	5.389	FastStand
771	1575843044288	-0.352	-6.9	5.499	FastStand
772	1575843044290	-0.311	-6.964	5.626	FastStand
773	1575843044293	-0.278	-7.065	5.751	FastStand
774	1575843044294	-0.254	-7.163	5.839	FastStand
775	1575843044297	-0.244	-7.259	5.909	FastStand
776	1575843044300	-0.23	-7.357	5.949	FastStand
777	1575843044303	-0.235	-7.436	5.985	FastStand
778	1575843044304	-0.263	-7.489	6.047	FastStand
779	1575843044307	-0.304	-7.513	6.143	FastStand
780	1575843044311	-0.342	-7.539	6.225	FastStand
781	1575843044312	-0.39	-7.541	6.253	FastStand
782	1575843044316	-0.436	-7.537	6.275	FastStand
783	1575843044317	-0.457	-7.594	6.299	FastStand
784	1575843044319	-0.486	-7.675	6.328	FastStand
785	1575843044322	-0.52	-7.738	6.342	FastStand
786	1575843044323	-0.536	-7.781	6.268	FastStand
787	1575843044329	-0.546	-7.802	6.15	FastStand
788	1575843044330	-0.565	-7.793	6.115	FastStand
789	1575843044331	-0.565	-7.764	6.088	FastStand
790	1575843044333	-0.551	-7.707	5.964	FastStand
791	1575843044337	-0.589	-7.644	5.856	FastStand
792	1575843044338	-0.625	-7.62	5.808	FastStand
793	1575843044343	-0.632	-7.628	5.77	FastStand
794	1575843044344	-0.663	-7.666	5.703	FastStand
795	1575843044345	-0.646	-7.666	5.571	FastStand
796	1575843044348	-0.62	-7.664	5.38	FastStand
797	1575843044351	-0.63	-7.707	5.116	FastStand
798	1575843044354	-0.646	-7.716	4.795	FastStand
799	1575843044356	-0.651	-7.692	4.477	FastStand
800	1575843044358	-0.627	-7.704	4.209	FastStand
801	1575843044362	-0.658	-7.79	4.015	FastStand
802	1575843044364	-0.697	-7.845	3.914	FastStand
803	1575843044365	-0.718	-7.91	3.91	FastStand
804	1575843044370	-0.745	-8.02	3.998	FastStand
805	1575843044371	-0.742	-8.08	4.194	FastStand
806	1575843044372	-0.709	-8.13	4.501	FastStand
807	1575843044377	-0.678	-8.224	4.822	FastStand
808	1575843044379	-0.651	-8.312	5.064	FastStand
809	1575843044380	-0.599	-8.341	5.267	FastStand
810	1575843044383	-0.496	-8.384	5.473	FastStand
811	1575843044384	-0.326	-8.43	5.676	FastStand
812	1575843044387	-0.187	-8.389	5.839	FastStand
813	1575843044390	-0.148	-8.331	5.928	FastStand
814	1575843044392	-0.124	-8.291	5.94	FastStand
815	1575843044395	-0.103	-8.248	5.844	FastStand
816	1575843044397	-0.23	-8.233	5.652	FastStand
817	1575843044400	-0.28	-8.116	5.478	FastStand
818	1575843044402	-0.127	-7.922	5.387	FastStand
819	1575843044405	-0.017	-7.956	5.372	FastStand
820	1575843044411	0.014	-8.176	5.408	FastStand
821	1575843044412	0	-8.348	5.449	FastStand
822	1575843044413	-0.005	-8.377	5.468	FastStand
823	1575843044414	-0.01	-8.305	5.482	FastStand
824	1575843044416	-0.029	-8.24	5.473	FastStand
825	1575843044418	-0.031	-8.209	5.411	FastStand
826	1575843044421	-0.017	-8.166	5.332	FastStand
827	1575843044424	0.005	-8.118	5.19	FastStand
828	1575843044427	-0.012	-8.08	5.056	FastStand
829	1575843044431	-0.045	-8.049	4.992	FastStand
830	1575843044432	-0.074	-8.059	4.929	FastStand
831	1575843044433	-0.093	-8.082	4.822	FastStand
832	1575843044438	-0.089	-8.068	4.685	FastStand
833	1575843044439	-0.074	-8.032	4.592	FastStand
834	1575843044442	-0.074	-8.006	4.532	FastStand
835	1575843044443	-0.11	-8.018	4.503	FastStand
836	1575843044446	-0.141	-8.097	4.539	FastStand
837	1575843044448	-0.117	-8.2	4.592	FastStand
838	1575843044451	-0.062	-8.3	4.654	FastStand
839	1575843044452	-0.031	-8.401	4.716	FastStand
840	1575843044456	-0.026	-8.513	4.786	FastStand
841	1575843044457	-0.029	-8.607	4.87	FastStand
842	1575843044460	-0.067	-8.691	4.922	FastStand
843	1575843044462	-0.134	-8.798	4.963	FastStand
844	1575843044465	-0.206	-8.875	4.996	FastStand
845	1575843044469	-0.297	-8.901	5.001	FastStand
846	1575843044470	-0.359	-8.908	4.958	FastStand
847	1575843044473	-0.369	-8.916	4.908	FastStand
848	1575843044475	-0.347	-8.947	4.865	FastStand
849	1575843044477	-0.318	-8.98	4.817	FastStand
850	1575843044480	-0.29	-8.983	4.759	FastStand
851	1575843044482	-0.273	-8.947	4.637	FastStand
852	1575843044484	-0.273	-8.877	4.496	FastStand
853	1575843044487	-0.271	-8.803	4.384	FastStand
854	1575843044490	-0.304	-8.738	4.281	FastStand
855	1575843044492	-0.381	-8.679	4.197	FastStand
856	1575843044494	-0.448	-8.621	4.094	FastStand
857	1575843044496	-0.481	-8.554	3.998	FastStand
858	1575843044499	-0.517	-8.513	3.905	FastStand
859	1575843044501	-0.508	-8.494	3.778	FastStand
860	1575843044504	-0.424	-8.482	3.646	FastStand
861	1575843044507	-0.357	-8.475	3.507	FastStand
862	1575843044508	-0.29	-8.48	3.316	FastStand
863	1575843044512	-0.201	-8.528	3.093	FastStand
864	1575843044514	-0.093	-8.588	2.894	FastStand
865	1575843044516	-0.024	-8.636	2.787	FastStand
866	1575843044518	0.01	-8.664	2.751	FastStand
867	1575843044521	0.086	-8.695	2.705	FastStand
868	1575843044523	0.103	-8.753	2.815	FastStand
869	1575843044529	0.043	-8.801	3.002	FastStand
870	1575843044531	0.007	-8.832	3.041	FastStand
871	1575843044533	0.017	-8.832	3.012	FastStand
872	1575843044535	0.031	-8.805	2.978	FastStand
873	1575843044536	0.022	-8.803	2.969	FastStand
874	1575843044537	-0.022	-8.82	2.966	FastStand
875	1575843044541	-0.074	-8.82	2.966	FastStand
876	1575843044542	-0.122	-8.808	2.995	FastStand
877	1575843044547	-0.151	-8.805	3.014	FastStand
878	1575843044549	-0.189	-8.798	3.029	FastStand
879	1575843044550	-0.242	-8.81	3.062	FastStand
880	1575843044553	-0.29	-8.829	3.064	FastStand
881	1575843044554	-0.321	-8.849	3.048	FastStand
882	1575843044560	-0.34	-8.873	3.048	FastStand
883	1575843044562	-0.369	-8.889	3.029	FastStand
884	1575843044563	-0.362	-8.894	2.993	FastStand
885	1575843044565	-0.304	-8.904	2.988	FastStand
886	1575843044569	-0.263	-8.932	3.031	FastStand
887	1575843044570	-0.249	-8.944	3.108	FastStand
888	1575843044572	-0.213	-8.964	3.163	FastStand
889	1575843044574	-0.177	-9.031	3.187	FastStand
890	1575843044576	-0.117	-9.081	3.215	FastStand
891	1575843044580	-0.053	-9.062	3.208	FastStand
892	1575843044582	-0.007	-9.026	3.17	FastStand
893	1575843044584	0.062	-9.026	3.139	FastStand
894	1575843044586	0.158	-9.014	3.12	FastStand
895	1575843044588	0.235	-8.987	3.093	FastStand
896	1575843044591	0.316	-9.002	3.067	FastStand
897	1575843044593	0.4	-9.045	3.088	FastStand
898	1575843044596	0.45	-9.076	3.112	FastStand
899	1575843044598	0.472	-9.064	3.139	FastStand
900	1575843044601	0.493	-9.009	3.16	FastStand
901	1575843044603	0.52	-8.956	3.16	FastStand
902	1575843044605	0.508	-8.913	3.203	FastStand
903	1575843044608	0.536	-8.875	3.266	FastStand
904	1575843044610	0.618	-8.856	3.237	FastStand
905	1575843044613	0.675	-8.827	3.148	FastStand
906	1575843044615	0.685	-8.774	3.074	FastStand
907	1575843044618	0.682	-8.729	2.976	FastStand
908	1575843044620	0.632	-8.707	2.911	FastStand
909	1575843044623	0.536	-8.698	2.94	FastStand
910	1575843044626	0.438	-8.674	3.031	FastStand
911	1575843044628	0.383	-8.624	3.124	FastStand
912	1575843044630	0.359	-8.561	3.179	FastStand
913	1575843044635	0.328	-8.537	3.278	FastStand
914	1575843044637	0.362	-8.537	3.388	FastStand
915	1575843044638	0.395	-8.535	3.397	FastStand
916	1575843044641	0.292	-8.54	3.476	FastStand
917	1575843044644	0.223	-8.528	3.572	FastStand
918	1575843044645	0.302	-8.487	3.469	FastStand
919	1575843044650	0.352	-8.425	3.342	FastStand
920	1575843044651	0.35	-8.372	3.268	FastStand
921	1575843044655	0.352	-8.353	3.21	FastStand
922	1575843044656	0.373	-8.36	3.172	FastStand
923	1575843044660	0.409	-8.37	3.122	FastStand
924	1575843044661	0.469	-8.382	3.055	FastStand
925	1575843044664	0.56	-8.389	2.976	FastStand
926	1575843044666	0.476	-8.444	2.99	FastStand
927	1575843044669	0.364	-8.542	3.084	FastStand
928	1575843044671	0.371	-8.585	3.014	FastStand
929	1575843044674	0.362	-8.595	2.815	FastStand
930	1575843044675	0.35	-8.624	2.648	FastStand
931	1575843044679	0.335	-8.662	2.507	FastStand
932	1575843044680	0.29	-8.671	2.401	FastStand
933	1575843044685	0.22	-8.659	2.325	FastStand
934	1575843044686	0.144	-8.676	2.238	FastStand
935	1575843044688	0.036	-8.746	2.171	FastStand
936	1575843044691	-0.074	-8.832	2.138	FastStand
937	1575843044692	-0.141	-8.908	2.131	FastStand
938	1575843044696	-0.165	-8.971	2.157	FastStand
939	1575843044699	-0.101	-8.997	2.176	FastStand
940	1575843044700	-0.117	-9.047	2.107	FastStand
941	1575843044704	-0.35	-9.172	2.21	FastStand
942	1575843044705	-0.524	-9.294	2.337	FastStand
943	1575843044711	-0.558	-9.366	2.179	FastStand
944	1575843044712	-0.589	-9.411	2.009	FastStand
945	1575843044713	-0.646	-9.45	1.896	FastStand
946	1575843044715	-0.723	-9.505	1.843	FastStand
947	1575843044717	-0.802	-9.557	1.831	FastStand
948	1575843044721	-0.883	-9.6	1.836	FastStand
949	1575843044722	-0.927	-9.667	1.846	FastStand
950	1575843044724	-0.912	-9.746	1.879	FastStand
951	1575843044727	-0.893	-9.809	1.934	FastStand
952	1575843044728	-0.852	-9.861	1.985	FastStand
953	1575843044730	-0.8	-9.924	2.059	FastStand
954	1575843044732	-0.752	-9.979	2.15	FastStand
955	1575843044735	-0.718	-10.034	2.229	FastStand
956	1575843044736	-0.73	-10.098	2.303	FastStand
957	1575843044741	-0.74	-10.129	2.31	FastStand
958	1575843044744	-0.733	-10.144	2.265	FastStand
959	1575843044745	-0.718	-10.153	2.215	FastStand
960	1575843044747	-0.699	-10.12	2.145	FastStand
961	1575843044749	-0.68	-10.067	2.085	FastStand
962	1575843044752	-0.673	-10.01	2.076	FastStand
963	1575843044755	-0.67	-9.943	2.061	FastStand
964	1575843044756	-0.651	-9.871	2.028	FastStand
965	1575843044759	-0.642	-9.823	2.018	FastStand
966	1575843044764	-0.651	-9.794	2.023	FastStand
967	1575843044765	-0.675	-9.758	2.042	FastStand
968	1575843044766	-0.692	-9.727	2.03	FastStand
969	1575843044769	-0.663	-9.694	1.987	FastStand
970	1575843044772	-0.599	-9.648	1.925	FastStand
971	1575843044774	-0.541	-9.608	1.855	FastStand
972	1575843044776	-0.505	-9.598	1.788	FastStand
973	1575843044779	-0.491	-9.596	1.717	FastStand
974	1575843044781	-0.496	-9.596	1.659	FastStand
975	1575843044783	-0.51	-9.598	1.592	FastStand
976	1575843044786	-0.524	-9.598	1.511	FastStand
977	1575843044789	-0.548	-9.615	1.432	FastStand
978	1575843044790	-0.579	-9.648	1.334	FastStand
979	1575843044794	-0.591	-9.687	1.235	FastStand
980	1575843044796	-0.575	-9.725	1.123	FastStand
981	1575843044798	-0.52	-9.744	0.991	FastStand
982	1575843044800	-0.45	-9.746	0.852	FastStand
983	1575843044802	-0.414	-9.758	0.754	FastStand
984	1575843044805	-0.409	-9.775	0.697	FastStand
985	1575843044807	-0.414	-9.806	0.634	FastStand
986	1575843044810	-0.414	-9.847	0.591	FastStand
987	1575843044815	-0.412	-9.861	0.57	FastStand
988	1575843044816	-0.417	-9.876	0.56	FastStand
989	1575843044817	-0.441	-9.916	0.572	FastStand
990	1575843044820	-0.455	-9.959	0.637	FastStand
991	1575843044822	-0.412	-9.955	0.728	FastStand
992	1575843044824	-0.362	-9.943	0.824	FastStand
993	1575843044828	-0.316	-9.945	0.934	FastStand
994	1575843044829	-0.211	-9.914	1.006	FastStand
995	1575843044832	-0.081	-9.883	1.049	FastStand
996	1575843044834	0.031	-9.857	1.092	FastStand
997	1575843044839	0.113	-9.816	1.094	FastStand
998	1575843044840	0.168	-9.799	1.08	FastStand
999	1575843044844	0.213	-9.766	1.068	FastStand
1000	1575843044845	0.247	-9.737	1.101	FastStand
1001	1575843044846	0.275	-9.73	1.185	FastStand
1002	1575843044851	0.299	-9.718	1.266	FastStand
1003	1575843044852	0.318	-9.715	1.334	FastStand
1004	1575843044856	0.345	-9.706	1.367	FastStand
1005	1575843044857	0.366	-9.658	1.355	FastStand
1006	1575843044859	0.362	-9.634	1.314	FastStand
1007	1575843044861	0.352	-9.629	1.262	FastStand
1008	1575843044863	0.338	-9.615	1.171	FastStand
1009	1575843044867	0.304	-9.593	1.034	FastStand
1010	1575843044868	0.271	-9.562	0.867	FastStand
1011	1575843044871	0.225	-9.562	0.706	FastStand
1012	1575843044873	0.168	-9.555	0.584	FastStand
1013	1575843044877	0.132	-9.524	0.491	FastStand
1014	1575843044878	0.115	-9.483	0.445	FastStand
1015	1575843044882	0.093	-9.469	0.457	FastStand
1016	1575843044883	0.091	-9.483	0.512	FastStand
1017	1575843044886	0.084	-9.507	0.589	FastStand
1018	1575843044888	0.081	-9.55	0.634	FastStand
1019	1575843044891	0.122	-9.598	0.651	FastStand
1020	1575843044893	0.124	-9.646	0.644	FastStand
1021	1575843044896	0.048	-9.687	0.613	FastStand
1022	1575843044897	-0.005	-9.746	0.577	FastStand
1023	1575843044901	-0.022	-9.785	0.565	FastStand
1024	1575843044903	-0.05	-9.801	0.591	FastStand
1025	1575843044905	-0.06	-9.833	0.646	FastStand
1026	1575843044907	-0.038	-9.847	0.716	FastStand
1027	1575843044911	-0.01	-9.852	0.804	FastStand
1028	1575843044912	0.041	-9.854	0.903	FastStand
1029	1575843044916	0.129	-9.859	0.984	FastStand
1030	1575843044917	0.189	-9.849	1.101	FastStand
1031	1575843044920	0.194	-9.828	1.228	FastStand
1032	1575843044923	0.23	-9.804	1.305	FastStand
1033	1575843044924	0.28	-9.794	1.374	FastStand
1034	1575843044928	0.299	-9.792	1.463	FastStand
1035	1575843044929	0.326	-9.78	1.547	FastStand
1036	1575843044933	0.342	-9.761	1.599	FastStand
1037	1575843044934	0.362	-9.71	1.645	FastStand
1038	1575843044936	0.393	-9.698	1.707	FastStand
1039	1575843044939	0.409	-9.718	1.769	FastStand
1040	1575843044943	0.409	-9.708	1.805	FastStand
1041	1575843044947	0.414	-9.703	1.82	FastStand
1042	1575843044948	0.414	-9.746	1.82	FastStand
1043	1575843044949	0.407	-9.78	1.796	FastStand
1044	1575843044952	0.383	-9.799	1.764	FastStand
1045	1575843044953	0.352	-9.816	1.714	FastStand
1046	1575843044955	0.338	-9.792	1.626	FastStand
1047	1575843044959	0.321	-9.761	1.544	FastStand
1048	1575843044960	0.292	-9.718	1.487	FastStand
1049	1575843044964	0.28	-9.672	1.448	FastStand
1050	1575843044967	0.278	-9.641	1.393	FastStand
1051	1575843044968	0.28	-9.612	1.331	FastStand
1052	1575843044970	0.294	-9.624	1.25	FastStand
1053	1575843044973	0.28	-9.627	1.19	FastStand
1054	1575843044975	0.249	-9.61	1.12	FastStand
1055	1575843044978	0.239	-9.605	1.017	FastStand
1056	1575843044980	0.235	-9.619	0.958	FastStand
1057	1575843044983	0.223	-9.605	0.922	FastStand
1058	1575843044986	0.215	-9.543	0.883	FastStand
1059	1575843044987	0.218	-9.533	0.838	FastStand
1060	1575843044991	0.232	-9.557	0.848	FastStand
1061	1575843044993	0.259	-9.579	0.879	FastStand
1062	1575843044994	0.283	-9.596	0.915	FastStand
1063	1575843044997	0.235	-9.627	1.013	FastStand
1064	1575843044999	0.158	-9.665	1.12	FastStand
1065	1575843045002	0.177	-9.715	1.183	FastStand
1066	1575843045004	0.223	-9.768	1.266	FastStand
1067	1575843045008	0.235	-9.801	1.372	FastStand
1068	1575843045009	0.263	-9.823	1.458	FastStand
1069	1575843045012	0.302	-9.83	1.52	FastStand
1070	1575843045014	0.297	-9.828	1.563	FastStand
1071	1575843045019	0.251	-9.835	1.587	FastStand
1072	1575843045020	0.194	-9.773	1.592	FastStand
1073	1575843045021	0.199	-9.77	1.621	FastStand
1074	1575843045023	0.263	-9.892	1.664	FastStand
1075	1575843045026	0.297	-9.897	1.654	FastStand
1076	1575843045028	0.311	-9.813	1.568	FastStand
1077	1575843045031	0.271	-9.775	1.47	FastStand
1078	1575843045033	0.206	-9.775	1.439	FastStand
1079	1575843045035	0.18	-9.768	1.439	FastStand
1080	1575843045038	0.168	-9.734	1.417	FastStand
1081	1575843045045	0.177	-9.713	1.417	FastStand
1082	1575843045046	0.177	-9.715	1.439	FastStand
1083	1575843045047	0.163	-9.682	1.465	FastStand
1084	1575843045048	0.168	-9.627	1.484	FastStand
1085	1575843045051	0.18	-9.569	1.453	FastStand
1086	1575843045053	0.182	-9.495	1.381	FastStand
1087	1575843045055	0.17	-9.457	1.326	FastStand
1088	1575843045057	0.16	-9.433	1.276	FastStand
1089	1575843045060	0.151	-9.409	1.19	FastStand
1090	1575843045063	0.134	-9.418	1.099	FastStand
1091	1575843045065	0.115	-9.452	1.008	FastStand
1092	1575843045067	0.11	-9.514	0.9	FastStand
1093	1575843045070	0.113	-9.524	0.838	FastStand
1094	1575843045072	0.093	-9.512	0.816	FastStand
1095	1575843045075	0.079	-9.55	0.773	FastStand
1096	1575843045077	0.062	-9.579	0.747	FastStand
1097	1575843045080	0.036	-9.61	0.735	FastStand
1098	1575843045083	0.014	-9.655	0.711	FastStand
1099	1575843045084	0.007	-9.718	0.697	FastStand
1100	1575843045088	0.002	-9.775	0.716	FastStand
1101	1575843045089	0.01	-9.809	0.757	FastStand
1102	1575843045092	0.041	-9.849	0.797	FastStand
1103	1575843045095	0.045	-9.864	0.838	FastStand
1104	1575843045096	0.038	-9.849	0.876	FastStand
1105	1575843045101	0.067	-9.821	0.924	FastStand
1106	1575843045102	0.096	-9.77	0.958	FastStand
1107	1575843045104	0.12	-9.722	0.982	FastStand
1108	1575843045106	0.148	-9.684	1.013	FastStand
1109	1575843045109	0.192	-9.653	1.013	FastStand
1110	1575843045112	0.259	-9.646	0.989	FastStand
1111	1575843045114	0.326	-9.648	0.97	FastStand
1112	1575843045116	0.376	-9.648	0.953	FastStand
1113	1575843045118	0.414	-9.648	0.898	FastStand
1114	1575843045121	0.441	-9.634	0.819	FastStand
1115	1575843045126	0.452	-9.596	0.761	FastStand
1116	1575843045127	0.469	-9.55	0.68	FastStand
1117	1575843045128	0.486	-9.507	0.577	FastStand
1118	1575843045131	0.491	-9.452	0.503	FastStand
1119	1575843045133	0.486	-9.382	0.429	FastStand
1120	1575843045141	0.488	-9.332	0.347	FastStand
1121	1575843045142	0.496	-9.299	0.247	FastStand
1122	1575843045143	0.472	-9.287	0.148	FastStand
1123	1575843045145	0.431	-9.303	0.11	FastStand
1124	1575843045146	0.352	-9.303	0.105	FastStand
1125	1575843045148	0.242	-9.299	0.096	FastStand
1126	1575843045150	0.132	-9.323	0.115	FastStand
1127	1575843045152	0.048	-9.332	0.153	FastStand
1128	1575843045155	-0.002	-9.325	0.211	FastStand
1129	1575843045158	-0.036	-9.308	0.285	FastStand
1130	1575843045164	-0.065	-9.291	0.333	FastStand
1131	1575843045165	-0.065	-9.303	0.373	FastStand
1132	1575843045166	-0.069	-9.306	0.431	FastStand
1133	1575843045168	-0.117	-9.308	0.491	FastStand
1134	1575843045169	-0.139	-9.335	0.565	FastStand
1135	1575843045171	-0.072	-9.382	0.622	FastStand
1136	1575843045175	0.045	-9.428	0.651	FastStand
1137	1575843045176	0.163	-9.49	0.704	FastStand
1138	1575843045179	0.247	-9.605	0.735	FastStand
1139	1575843045181	0.249	-9.722	0.73	FastStand
1140	1575843045184	0.206	-9.797	0.711	FastStand
1141	1575843045186	0.199	-9.825	0.668	FastStand
1142	1575843045189	0.18	-9.864	0.615	FastStand
1143	1575843045191	0.091	-9.938	0.553	FastStand
1144	1575843045193	0.041	-9.962	0.469	FastStand
1145	1575843045196	0.05	-9.976	0.421	FastStand
1146	1575843045198	0.014	-10.01	0.436	FastStand
1147	1575843045200	0.017	-9.998	0.433	FastStand
1148	1575843045203	0.093	-9.979	0.436	FastStand
1149	1575843045207	0.146	-9.971	0.491	FastStand
1150	1575843045208	0.194	-9.962	0.572	FastStand
1151	1575843045210	0.271	-9.955	0.651	FastStand
1152	1575843045213	0.34	-9.959	0.74	FastStand
1153	1575843045215	0.419	-9.974	0.848	FastStand
1154	1575843045217	0.563	-9.969	0.946	FastStand
1155	1575843045220	0.749	-9.943	1.034	FastStand
1156	1575843045223	0.836	-9.959	1.137	FastStand
1157	1575843045225	0.871	-9.983	1.202	FastStand
1158	1575843045227	0.991	-9.94	1.18	FastStand
1159	1575843045230	1.063	-9.902	1.164	FastStand
1160	1575843045232	1.025	-9.914	1.137	FastStand
1161	1575843045236	0.972	-9.907	1.027	FastStand
1162	1575843045237	0.91	-9.866	0.883	FastStand
1163	1575843045240	0.819	-9.813	0.747	FastStand
1164	1575843045242	0.74	-9.72	0.615	FastStand
1165	1575843045245	0.654	-9.574	0.579	FastStand
1166	1575843045249	0.555	-9.406	0.625	FastStand
1167	1575843045250	0.546	-9.26	0.663	FastStand
1168	1575843045252	0.618	-9.133	0.682	FastStand
1169	1575843045254	0.663	-9.074	0.654	FastStand
1170	1575843045257	0.68	-9.086	0.62	FastStand
1171	1575843045259	0.733	-9.1	0.637	FastStand
1172	1575843045262	0.867	-9.124	0.692	FastStand
1173	1575843045264	0.931	-9.177	0.749	FastStand
1174	1575843045266	0.891	-9.232	0.759	FastStand
1175	1575843045269	0.862	-9.26	0.761	FastStand
1176	1575843045272	0.824	-9.277	0.752	FastStand
1177	1575843045274	0.773	-9.296	0.713	FastStand
1178	1575843045276	0.749	-9.308	0.687	FastStand
1179	1575843045279	0.754	-9.323	0.663	FastStand
1180	1575843045282	0.747	-9.373	0.634	FastStand
1181	1575843045284	0.737	-9.421	0.591	FastStand
1182	1575843045286	0.754	-9.483	0.577	FastStand
1183	1575843045289	0.8	-9.545	0.587	FastStand
1184	1575843045292	0.85	-9.591	0.627	FastStand
1185	1575843045294	0.881	-9.634	0.692	FastStand
1186	1575843045296	0.891	-9.67	0.752	FastStand
1187	1575843045298	0.9	-9.691	0.804	FastStand
1188	1575843045301	0.879	-9.694	0.852	FastStand
1189	1575843045304	0.814	-9.687	0.893	FastStand
1190	1575843045306	0.749	-9.689	0.917	FastStand
1191	1575843045309	0.716	-9.703	0.958	FastStand
1192	1575843045310	0.694	-9.701	1.022	FastStand
1193	1575843045316	0.673	-9.694	1.051	FastStand
1194	1575843045317	0.654	-9.687	1.053	FastStand
1195	1575843045318	0.63	-9.687	1.075	FastStand
1196	1575843045320	0.615	-9.698	1.092	FastStand
1197	1575843045324	0.613	-9.694	1.099	FastStand
1198	1575843045325	0.618	-9.67	1.096	FastStand
1199	1575843045329	0.618	-9.653	1.07	FastStand
1200	1575843045330	0.61	-9.651	1.037	FastStand
1201	1575843045333	0.579	-9.655	1.003	FastStand
1202	1575843045335	0.548	-9.663	0.95	FastStand
1203	1575843045338	0.531	-9.653	0.891	FastStand
1204	1575843045339	0.51	-9.624	0.833	FastStand
1205	1575843045342	0.484	-9.603	0.79	FastStand
1206	1575843045345	0.457	-9.6	0.776	FastStand
1207	1575843045348	0.421	-9.593	0.761	FastStand
1208	1575843045349	0.409	-9.588	0.764	FastStand
1209	1575843045353	0.424	-9.605	0.788	FastStand
1210	1575843045354	0.433	-9.619	0.809	FastStand
1211	1575843045357	0.443	-9.636	0.826	FastStand
1212	1575843045359	0.452	-9.663	0.862	FastStand
1213	1575843045362	0.445	-9.687	0.919	FastStand
1214	1575843045364	0.254	-9.766	0.962	FastStand
1215	1575843045368	-0.692	-10.125	0.766	FastStand
1216	1575843045370	-2.076	-10.299	0.038	FastStand
1217	1575843045372	-2.344	-9.9	-0.816	FastStand
1218	1575843045374	-0.855	-9.418	-0.761	FastStand
1219	1575843045378	0.922	-9.284	0.45	FastStand
1220	1575843045390	1.367	-9.538	1.8	FastStand
1221	1575843045391	0.886	-9.825	2.248	FastStand
1222	1575843045392	0.426	-9.921	1.853	FastStand
1223	1575843045393	0.239	-9.864	1.322	FastStand
1224	1575843045394	0.242	-9.744	1.061	FastStand
1225	1575843045399	0.33	-9.648	1.049	FastStand
1226	1575843045400	0.455	-9.593	1.089	FastStand
1227	1575843045401	0.512	-9.567	1.094	FastStand
1228	1575843045402	0.474	-9.567	1.029	FastStand
1229	1575843045403	0.421	-9.586	0.898	FastStand
1230	1575843045404	0.397	-9.624	0.78	FastStand
1231	1575843045406	0.409	-9.653	0.709	FastStand
1232	1575843045407	0.433	-9.665	0.682	FastStand
1233	1575843045410	0.474	-9.675	0.673	FastStand
1234	1575843045412	0.508	-9.679	0.646	FastStand
1235	1575843045414	0.503	-9.675	0.606	FastStand
1236	1575843045417	0.462	-9.679	0.534	FastStand
1237	1575843045419	0.417	-9.694	0.443	FastStand
1238	1575843045423	0.4	-9.713	0.383	FastStand
1239	1575843045424	0.388	-9.725	0.354	FastStand
1240	1575843045427	0.383	-9.715	0.352	FastStand
1241	1575843045432	0.376	-9.703	0.362	FastStand
1242	1575843045433	0.364	-9.682	0.376	FastStand
1243	1575843045434	0.352	-9.66	0.407	FastStand
1244	1575843045436	0.33	-9.653	0.431	FastStand
1245	1575843045439	0.304	-9.603	0.464	FastStand
1246	1575843045442	0.268	-9.579	0.551	FastStand
1247	1575843045444	0.299	-9.634	0.625	FastStand
1248	1575843045446	0.364	-9.667	0.639	FastStand
1249	1575843045449	0.091	-9.39	0.718	FastStand
1250	1575843045451	0.096	-9.177	0.706	FastStand
1251	1575843045454	0.419	-9.315	0.675	FastStand
1252	1575843045456	0.397	-9.464	0.809	FastStand
1253	1575843045459	0.4	-9.6	0.898	FastStand
1254	1575843045461	0.529	-9.684	0.955	FastStand
1255	1575843045463	0.666	-9.739	1.034	FastStand
1256	1575843045466	0.754	-9.799	1.089	FastStand
1257	1575843045468	0.776	-9.859	1.118	FastStand
1258	1575843045471	0.761	-9.876	1.12	FastStand
1259	1575843045473	0.73	-9.866	1.089	FastStand
1260	1575843045475	0.68	-9.878	1.039	FastStand
1261	1575843045478	0.62	-9.897	0.989	FastStand
1262	1575843045480	0.541	-9.921	0.931	FastStand
1263	1575843045483	0.472	-9.933	0.869	FastStand
1264	1575843045485	0.414	-9.94	0.812	FastStand
1265	1575843045488	0.378	-9.967	0.752	FastStand
1266	1575843045490	0.385	-9.986	0.699	FastStand
1267	1575843045493	0.405	-9.995	0.682	FastStand
1268	1575843045495	0.431	-10.029	0.685	FastStand
1269	1575843045498	0.438	-10.055	0.69	FastStand
1270	1575843045500	0.438	-10.06	0.699	FastStand
1271	1575843045503	0.45	-10.06	0.697	FastStand
1272	1575843045505	0.476	-10.041	0.716	FastStand
1273	1575843045507	0.496	-10.029	0.745	FastStand
1274	1575843045511	0.481	-10.026	0.773	FastStand
1275	1575843045512	0.464	-10.005	0.804	FastStand
1276	1575843045515	0.472	-9.988	0.864	FastStand
1277	1575843045518	0.541	-10.026	0.965	FastStand
1278	1575843045519	0.577	-10.055	1.037	FastStand
1279	1575843045522	0.531	-10.026	1.056	FastStand
1280	1575843045525	0.486	-9.969	1.058	FastStand
1281	1575843045527	0.438	-9.919	1.056	FastStand
1282	1575843045529	0.407	-9.89	1.068	FastStand
1283	1575843045532	0.378	-9.873	1.056	FastStand
1284	1575843045534	0.371	-9.852	1.044	FastStand
1285	1575843045537	0.359	-9.83	1.061	FastStand
1286	1575843045539	0.328	-9.825	1.044	FastStand
1287	1575843045542	0.314	-9.833	1.039	FastStand
1288	1575843045544	0.321	-9.842	1.07	FastStand
1289	1575843045547	0.357	-9.837	1.099	FastStand
1290	1575843045548	0.4	-9.818	1.154	FastStand
1291	1575843045553	0.438	-9.789	1.204	FastStand
1292	1575843045554	0.457	-9.744	1.226	FastStand
1293	1575843045558	0.46	-9.703	1.247	FastStand
1294	1575843045559	0.476	-9.679	1.266	FastStand
1295	1575843045562	0.498	-9.66	1.278	FastStand
1296	1575843045566	0.508	-9.634	1.269	FastStand
1297	1575843045567	0.515	-9.605	1.245	FastStand
1298	1575843045569	0.531	-9.596	1.231	FastStand
1299	1575843045572	0.555	-9.603	1.214	FastStand
1300	1575843045573	0.565	-9.603	1.214	FastStand
1301	1575843045577	0.546	-9.581	1.204	FastStand
1302	1575843045579	0.534	-9.56	1.202	FastStand
1303	1575843045581	0.522	-9.54	1.183	FastStand
1304	1575843045583	0.505	-9.512	1.137	FastStand
1305	1575843045589	0.498	-9.485	1.111	FastStand
1306	1575843045590	0.498	-9.464	1.101	FastStand
1307	1575843045591	0.508	-9.442	1.101	FastStand
1308	1575843045595	0.52	-9.423	1.094	FastStand
1309	1575843045596	0.534	-9.428	1.092	FastStand
1310	1575843045602	0.546	-9.459	1.096	FastStand
1311	1575843045609	0.543	-9.466	1.092	FastStand
1312	1575843045610	0.536	-9.478	1.087	FastStand
1313	1575843045611	0.553	-9.517	1.08	FastStand
1314	1575843045615	0.565	-9.548	1.094	FastStand
1315	1575843045616	0.567	-9.572	1.096	FastStand
1316	1575843045617	0.57	-9.596	1.089	FastStand
1317	1575843045618	0.555	-9.622	1.113	FastStand
1318	1575843045619	0.539	-9.653	1.147	FastStand
1319	1575843045620	0.52	-9.684	1.168	FastStand
1320	1575843045621	0.493	-9.694	1.199	FastStand
1321	1575843045623	0.486	-9.684	1.214	FastStand
1322	1575843045626	0.491	-9.691	1.238	FastStand
1323	1575843045629	0.481	-9.691	1.293	FastStand
1324	1575843045631	0.486	-9.675	1.322	FastStand
1325	1575843045633	0.469	-9.641	1.348	FastStand
1326	1575843045636	0.46	-9.639	1.353	FastStand
1327	1575843045638	0.508	-9.682	1.326	FastStand
1328	1575843045640	0.536	-9.708	1.345	FastStand
1329	1575843045643	0.541	-9.725	1.377	FastStand
1330	1575843045646	0.553	-9.73	1.389	FastStand
1331	1575843045648	0.582	-9.72	1.381	FastStand
1332	1575843045650	0.61	-9.71	1.355	FastStand
1333	1575843045653	0.62	-9.694	1.331	FastStand
1334	1575843045655	0.62	-9.694	1.298	FastStand
1335	1575843045658	0.618	-9.691	1.271	FastStand
1336	1575843045660	0.603	-9.687	1.252	FastStand
1337	1575843045663	0.579	-9.698	1.238	FastStand
1338	1575843045665	0.558	-9.698	1.221	FastStand
1339	1575843045667	0.541	-9.691	1.195	FastStand
1340	1575843045670	0.553	-9.687	1.171	FastStand
1341	1575843045672	0.57	-9.679	1.14	FastStand
1342	1575843045675	0.577	-9.675	1.137	FastStand
1343	1575843045677	0.618	-9.679	1.156	FastStand
1344	1575843045680	0.656	-9.687	1.161	FastStand
1345	1575843045682	0.67	-9.687	1.159	FastStand
1346	1575843045685	0.673	-9.691	1.161	FastStand
1347	1575843045687	0.661	-9.694	1.173	FastStand
1348	1575843045690	0.649	-9.691	1.173	FastStand
1349	1575843045692	0.646	-9.694	1.187	FastStand
1350	1575843045695	0.644	-9.71	1.192	FastStand
1351	1575843045697	0.644	-9.725	1.183	FastStand
1352	1575843045699	0.644	-9.734	1.166	FastStand
1353	1575843045702	0.637	-9.734	1.128	FastStand
1354	1575843045704	0.637	-9.749	1.111	FastStand
1355	1575843045706	0.651	-9.775	1.092	FastStand
1356	1575843045709	0.651	-9.789	1.058	FastStand
1357	1575843045712	0.656	-9.804	1.034	FastStand
1358	1575843045714	0.661	-9.828	1.006	FastStand
1359	1575843045716	0.632	-9.849	0.977	FastStand
1360	1575843045718	0.61	-9.876	0.974	FastStand
1361	1575843045722	0.601	-9.895	0.994	FastStand
1362	1575843045723	0.575	-9.9	1.008	FastStand
1363	1575843045726	0.555	-9.907	0.994	FastStand
1364	1575843045728	0.56	-9.907	0.994	FastStand
1365	1575843045731	0.57	-9.876	1.001	FastStand
1366	1575843045733	0.582	-9.864	1.013	FastStand
1367	1575843045735	0.589	-9.849	1.046	FastStand
1368	1575843045738	0.599	-9.828	1.061	FastStand
1369	1575843045740	0.622	-9.811	1.087	FastStand
1370	1575843045743	0.642	-9.797	1.118	FastStand
1371	1575843045745	0.675	-9.801	1.123	FastStand
1372	1575843045748	0.716	-9.792	1.123	FastStand
1373	1575843045750	0.749	-9.794	1.113	FastStand
1374	1575843045752	0.783	-9.801	1.108	FastStand
1375	1575843045755	0.804	-9.811	1.118	FastStand
1376	1575843045758	0.826	-9.83	1.135	FastStand
1377	1575843045760	0.826	-9.845	1.125	FastStand
1378	1575843045762	0.828	-9.837	1.118	FastStand
1379	1575843045765	0.859	-9.828	1.125	FastStand
1380	1575843045767	0.886	-9.833	1.12	FastStand
1381	1575843045770	0.893	-9.835	1.116	FastStand
1382	1575843045772	0.898	-9.83	1.132	FastStand
1383	1575843045775	0.917	-9.835	1.156	FastStand
1384	1575843045777	0.938	-9.825	1.161	FastStand
1385	1575843045779	0.96	-9.811	1.166	FastStand
1386	1575843045782	0.994	-9.818	1.178	FastStand
1387	1575843045784	1.022	-9.828	1.187	FastStand
1388	1575843045787	1.051	-9.83	1.202	FastStand
1389	1575843045789	1.065	-9.818	1.223	FastStand
1390	1575843045791	1.053	-9.785	1.233	FastStand
1391	1575843045794	1.046	-9.763	1.211	FastStand
1392	1575843045797	1.063	-9.77	1.187	FastStand
1393	1575843045799	1.073	-9.766	1.19	FastStand
1394	1575843045801	1.075	-9.746	1.19	FastStand
1395	1575843045804	1.077	-9.727	1.161	FastStand
1396	1575843045806	1.075	-9.706	1.128	FastStand
1397	1575843045809	1.073	-9.689	1.113	FastStand
1398	1575843045811	1.049	-9.672	1.111	FastStand
1399	1575843045814	1.01	-9.663	1.099	FastStand
1400	1575843045816	0.991	-9.651	1.075	FastStand
1401	1575843045818	0.982	-9.619	1.053	FastStand
1402	1575843045820	0.962	-9.598	1.051	FastStand
1403	1575843045823	0.962	-9.584	1.065	FastStand
1404	1575843045825	0.97	-9.564	1.085	FastStand
1405	1575843045828	0.974	-9.555	1.101	FastStand
1406	1575843045830	0.989	-9.543	1.113	FastStand
1407	1575843045833	0.984	-9.533	1.13	FastStand
1408	1575843045836	0.958	-9.526	1.144	FastStand
1409	1575843045838	0.934	-9.514	1.132	FastStand
1410	1575843045840	0.917	-9.497	1.13	FastStand
1411	1575843045842	0.903	-9.493	1.14	FastStand
1412	1575843045845	0.814	-9.445	1.154	FastStand
1413	1575843045847	0.505	-9.337	1.128	FastStand
1414	1575843045850	0.51	-9.241	1.063	FastStand
1415	1575843045852	0.773	-9.205	1.073	FastStand
1416	1575843045855	0.824	-9.229	1.142	FastStand
1417	1575843045857	0.864	-9.28	1.199	FastStand
1418	1575843045859	0.907	-9.313	1.235	FastStand
1419	1575843045862	0.915	-9.337	1.247	FastStand
1420	1575843045864	0.886	-9.361	1.243	FastStand
1421	1575843045867	0.845	-9.366	1.221	FastStand
1422	1575843045869	0.85	-9.363	1.209	FastStand
1423	1575843045872	0.859	-9.378	1.211	FastStand
1424	1575843045874	0.843	-9.409	1.204	FastStand
1425	1575843045877	0.838	-9.442	1.187	FastStand
1426	1575843045879	0.843	-9.469	1.164	FastStand
1427	1575843045882	0.85	-9.493	1.149	FastStand
1428	1575843045884	0.859	-9.521	1.149	FastStand
1429	1575843045886	0.843	-9.55	1.137	FastStand
1430	1575843045889	0.812	-9.562	1.125	FastStand
1431	1575843045891	0.792	-9.567	1.128	FastStand
1432	1575843045894	0.778	-9.569	1.132	FastStand
1433	1575843045896	0.771	-9.56	1.132	FastStand
1434	1575843045898	0.761	-9.552	1.135	FastStand
1435	1575843045901	0.737	-9.572	1.142	FastStand
1436	1575843045903	0.704	-9.579	1.156	FastStand
1437	1575843045906	0.701	-9.6	1.18	FastStand
1438	1575843045908	0.704	-9.631	1.204	FastStand
1439	1575843045910	0.687	-9.658	1.233	FastStand
1440	1575843045913	0.673	-9.682	1.259	FastStand
1441	1575843045915	0.697	-9.677	1.278	FastStand
1442	1575843045918	0.752	-9.687	1.319	FastStand
1443	1575843045920	0.795	-9.725	1.367	FastStand
1444	1575843045923	0.824	-9.766	1.413	FastStand
1445	1575843045925	0.826	-9.792	1.444	FastStand
1446	1575843045928	0.773	-9.806	1.432	FastStand
1447	1575843045930	0.697	-9.799	1.403	FastStand
1448	1575843045932	0.658	-9.777	1.389	FastStand
1449	1575843045935	0.644	-9.754	1.377	FastStand
1450	1575843045937	0.632	-9.732	1.369	FastStand
1451	1575843045940	0.642	-9.72	1.36	FastStand
1452	1575843045942	0.675	-9.706	1.341	FastStand
1453	1575843045945	0.706	-9.687	1.329	FastStand
1454	1575843045947	0.721	-9.684	1.319	FastStand
1455	1575843045949	0.728	-9.687	1.322	FastStand
1456	1575843045952	0.733	-9.691	1.336	FastStand
1457	1575843045954	0.752	-9.691	1.357	FastStand
1458	1575843045957	0.769	-9.679	1.405	FastStand
1459	1575843045959	0.761	-9.672	1.448	FastStand
1460	1575843045962	0.745	-9.677	1.477	FastStand
1461	1575843045964	0.749	-9.663	1.52	FastStand
1462	1575843045966	0.754	-9.636	1.556	FastStand
1463	1575843045969	0.737	-9.634	1.575	FastStand
1464	1575843045971	0.721	-9.634	1.604	FastStand
1465	1575843045974	0.716	-9.622	1.647	FastStand
1466	1575843045977	0.709	-9.624	1.683	FastStand
1467	1575843045978	0.704	-9.622	1.705	FastStand
1468	1575843045981	0.706	-9.608	1.726	FastStand
1469	1575843045983	0.699	-9.612	1.743	FastStand
1470	1575843045986	0.704	-9.612	1.75	FastStand
1471	1575843045989	0.709	-9.586	1.755	FastStand
1472	1575843045991	0.694	-9.562	1.76	FastStand
1473	1575843045993	0.694	-9.56	1.755	FastStand
1474	1575843045996	0.704	-9.555	1.75	FastStand
1475	1575843045998	0.692	-9.54	1.733	FastStand
1476	1575843046001	0.685	-9.509	1.714	FastStand
1477	1575843046003	0.687	-9.485	1.697	FastStand
1478	1575843046006	0.68	-9.493	1.676	FastStand
1479	1575843046008	0.673	-9.5	1.664	FastStand
1480	1575843046010	0.673	-9.49	1.657	FastStand
1481	1575843046013	0.675	-9.485	1.652	FastStand
1482	1575843046015	0.68	-9.502	1.635	FastStand
1483	1575843046018	0.694	-9.512	1.618	FastStand
1484	1575843046020	0.704	-9.521	1.614	FastStand
1485	1575843046022	0.706	-9.555	1.602	FastStand
1486	1575843046025	0.706	-9.586	1.594	FastStand
1487	1575843046027	0.713	-9.619	1.587	FastStand
1488	1575843046030	0.711	-9.651	1.58	FastStand
1489	1575843046032	0.697	-9.67	1.573	FastStand
1490	1575843046034	0.68	-9.689	1.561	FastStand
1491	1575843046037	0.661	-9.687	1.554	FastStand
1492	1575843046039	0.649	-9.694	1.559	FastStand
1493	1575843046042	0.632	-9.691	1.556	FastStand
1494	1575843046044	0.613	-9.689	1.549	FastStand
1495	1575843046047	0.608	-9.698	1.549	FastStand
1496	1575843046049	0.618	-9.694	1.549	FastStand
1497	1575843046052	0.637	-9.691	1.547	FastStand
1498	1575843046055	0.658	-9.684	1.547	FastStand
1499	1575843046056	0.654	-9.675	1.559	FastStand
1500	1575843046059	0.649	-9.665	1.559	FastStand
1501	1575843046062	0.656	-9.66	1.563	FastStand
1502	1575843046064	0.658	-9.648	1.566	FastStand
1503	1575843046066	0.646	-9.624	1.544	FastStand
1504	1575843046069	0.63	-9.603	1.511	FastStand
1505	1575843046071	0.625	-9.588	1.496	FastStand
1506	1575843046073	0.637	-9.576	1.499	FastStand
1507	1575843046076	0.656	-9.574	1.487	FastStand
1508	1575843046078	0.673	-9.576	1.456	FastStand
1509	1575843046081	0.673	-9.584	1.427	FastStand
1510	1575843046083	0.663	-9.596	1.415	FastStand
1511	1575843046086	0.663	-9.584	1.413	FastStand
1512	1575843046088	0.661	-9.572	1.401	FastStand
1513	1575843046091	0.668	-9.581	1.386	FastStand
1514	1575843046093	0.675	-9.591	1.393	FastStand
1515	1575843046096	0.692	-9.598	1.398	FastStand
1516	1575843046098	0.718	-9.615	1.386	FastStand
1517	1575843046101	0.74	-9.612	1.384	FastStand
1518	1575843046103	0.764	-9.612	1.393	FastStand
1519	1575843046105	0.809	-9.617	1.415	FastStand
1520	1575843046108	0.85	-9.605	1.439	FastStand
1521	1575843046110	0.874	-9.6	1.444	FastStand
1522	1575843046112	0.907	-9.612	1.451	FastStand
1523	1575843046115	0.934	-9.615	1.46	FastStand
1524	1575843046117	0.929	-9.603	1.463	FastStand
1525	1575843046120	0.929	-9.596	1.444	FastStand
1526	1575843046122	0.941	-9.593	1.429	FastStand
1527	1575843046127	0.943	-9.605	1.424	FastStand
1528	1575843046128	0.931	-9.596	1.408	FastStand
1529	1575843046129	0.927	-9.579	1.396	FastStand
1530	1575843046132	0.941	-9.576	1.372	FastStand
1531	1575843046134	0.955	-9.562	1.341	FastStand
1532	1575843046136	0.95	-9.548	1.336	FastStand
1533	1575843046139	0.95	-9.545	1.334	FastStand
1534	1575843046141	0.958	-9.552	1.312	FastStand
1535	1575843046144	0.965	-9.545	1.276	FastStand
1536	1575843046146	0.97	-9.538	1.25	FastStand
1537	1575843046149	0.96	-9.531	1.233	FastStand
1538	1575843046152	0.955	-9.529	1.211	FastStand
1539	1575843046154	0.95	-9.529	1.199	FastStand
1540	1575843046156	0.943	-9.54	1.204	FastStand
1541	1575843046159	0.929	-9.548	1.221	FastStand
1542	1575843046161	0.931	-9.548	1.221	FastStand
1543	1575843046164	0.936	-9.567	1.216	FastStand
1544	1575843046166	0.915	-9.574	1.231	FastStand
1545	1575843046168	0.917	-9.579	1.252	FastStand
1546	1575843046171	0.91	-9.588	1.276	FastStand
1547	1575843046173	0.895	-9.591	1.31	FastStand
1548	1575843046176	0.907	-9.596	1.341	FastStand
1549	1575843046178	0.9	-9.6	1.36	FastStand
1550	1575843046180	0.907	-9.608	1.374	FastStand
1551	1575843046183	0.915	-9.615	1.386	FastStand
1552	1575843046185	0.907	-9.627	1.396	FastStand
1553	1575843046188	0.893	-9.629	1.41	FastStand
1554	1575843046191	0.855	-9.629	1.417	FastStand
1555	1575843046192	0.821	-9.619	1.417	FastStand
1556	1575843046195	0.821	-9.603	1.417	FastStand
1557	1575843046198	0.821	-9.608	1.413	FastStand
1558	1575843046200	0.826	-9.641	1.408	FastStand
1559	1575843046202	0.848	-9.679	1.41	FastStand
1560	1575843046205	0.85	-9.675	1.408	FastStand
1561	1575843046207	0.833	-9.682	1.403	FastStand
1562	1575843046209	0.826	-9.694	1.42	FastStand
1563	1575843046212	0.843	-9.696	1.436	FastStand
1564	1575843046215	0.864	-9.701	1.436	FastStand
1565	1575843046217	0.867	-9.691	1.436	FastStand
1566	1575843046219	0.864	-9.682	1.441	FastStand
1567	1575843046222	0.855	-9.682	1.439	FastStand
1568	1575843046224	0.855	-9.677	1.432	FastStand
1569	1575843046226	0.862	-9.675	1.415	FastStand
1570	1575843046229	0.871	-9.663	1.41	FastStand
1571	1575843046232	0.876	-9.651	1.401	FastStand
1572	1575843046234	0.871	-9.653	1.369	FastStand
1573	1575843046236	0.871	-9.658	1.35	FastStand
1574	1575843046239	0.883	-9.629	1.345	FastStand
1575	1575843046241	0.876	-9.605	1.343	FastStand
1576	1575843046244	0.85	-9.598	1.331	FastStand
1577	1575843046247	0.838	-9.588	1.307	FastStand
1578	1575843046248	0.821	-9.596	1.295	FastStand
1579	1575843046251	0.804	-9.608	1.31	FastStand
1580	1575843046253	0.802	-9.612	1.331	FastStand
1581	1575843046256	0.809	-9.612	1.353	FastStand
1582	1575843046258	0.809	-9.619	1.355	FastStand
1583	1575843046261	0.826	-9.615	1.348	FastStand
1584	1575843046263	0.855	-9.605	1.369	FastStand
1585	1575843046266	0.879	-9.6	1.389	FastStand
1586	1575843046268	0.891	-9.591	1.41	FastStand
1587	1575843046270	0.879	-9.6	1.422	FastStand
1588	1575843046273	0.876	-9.61	1.424	FastStand
1589	1575843046275	0.859	-9.596	1.439	FastStand
1590	1575843046277	0.845	-9.586	1.446	FastStand
1591	1575843046280	0.855	-9.574	1.441	FastStand
1592	1575843046283	0.843	-9.574	1.436	FastStand
1593	1575843046285	0.828	-9.591	1.427	FastStand
1594	1575843046287	0.824	-9.584	1.398	FastStand
1595	1575843046290	0.802	-9.581	1.386	FastStand
1596	1575843046292	0.8	-9.593	1.391	FastStand
1597	1575843046295	0.807	-9.588	1.393	FastStand
1598	1575843046297	0.8	-9.572	1.386	FastStand
1599	1575843046300	0.802	-9.579	1.379	FastStand
1600	1575843046302	0.814	-9.591	1.386	FastStand
1601	1575843046305	0.816	-9.598	1.386	FastStand
1602	1575843046307	0.821	-9.605	1.391	FastStand
1603	1575843046309	0.812	-9.596	1.377	FastStand
1604	1575843046312	0.792	-9.581	1.374	FastStand
1605	1575843046314	0.778	-9.564	1.396	FastStand
1606	1575843046317	0.759	-9.557	1.396	FastStand
1607	1575843046319	0.752	-9.555	1.393	FastStand
1608	1575843046322	0.742	-9.557	1.393	FastStand
1609	1575843046324	0.73	-9.56	1.401	FastStand
1610	1575843046326	0.728	-9.56	1.405	FastStand
1611	1575843046328	0.716	-9.574	1.403	FastStand
1612	1575843046331	0.706	-9.588	1.413	FastStand
1613	1575843046334	0.735	-9.598	1.432	FastStand
1614	1575843046336	0.752	-9.598	1.451	FastStand
1615	1575843046338	0.749	-9.598	1.444	FastStand
1616	1575843046341	0.749	-9.615	1.439	FastStand
1617	1575843046343	0.733	-9.636	1.451	FastStand
1618	1575843046345	0.73	-9.639	1.448	FastStand
1619	1575843046348	0.73	-9.629	1.448	FastStand
1620	1575843046350	0.723	-9.646	1.451	FastStand
1621	1575843046353	0.713	-9.655	1.456	FastStand
1622	1575843046355	0.711	-9.648	1.468	FastStand
1623	1575843046358	0.73	-9.646	1.47	FastStand
1624	1575843046360	0.733	-9.643	1.475	FastStand
1625	1575843046363	0.718	-9.648	1.48	FastStand
1626	1575843046365	0.721	-9.665	1.489	FastStand
1627	1575843046367	0.721	-9.679	1.508	FastStand
1628	1575843046370	0.716	-9.679	1.506	FastStand
1629	1575843046372	0.716	-9.672	1.496	FastStand
1630	1575843046375	0.721	-9.67	1.487	FastStand
1631	1575843046377	0.725	-9.675	1.489	FastStand
1632	1575843046379	0.73	-9.677	1.503	FastStand
1633	1575843046382	0.745	-9.684	1.523	FastStand
1634	1575843046385	0.761	-9.687	1.532	FastStand
1635	1575843046387	0.795	-9.694	1.537	FastStand
1636	1575843046390	0.831	-9.701	1.549	FastStand
1637	1575843046392	0.857	-9.684	1.554	FastStand
1638	1575843046394	0.886	-9.677	1.561	FastStand
1639	1575843046397	0.924	-9.672	1.566	FastStand
1640	1575843046399	0.943	-9.677	1.551	FastStand
1641	1575843046402	0.941	-9.689	1.539	FastStand
1642	1575843046404	0.936	-9.696	1.518	FastStand
1643	1575843046406	0.919	-9.703	1.489	FastStand
1644	1575843046409	0.919	-9.706	1.458	FastStand
1645	1575843046412	0.955	-9.703	1.436	FastStand
1646	1575843046414	0.965	-9.701	1.436	FastStand
1647	1575843046416	0.943	-9.684	1.432	FastStand
1648	1575843046419	0.927	-9.655	1.413	FastStand
1649	1575843046421	0.895	-9.639	1.389	FastStand
1650	1575843046423	0.871	-9.622	1.381	FastStand
1651	1575843046426	0.862	-9.615	1.381	FastStand
1652	1575843046428	0.867	-9.617	1.362	FastStand
1653	1575843046431	0.888	-9.617	1.35	FastStand
1654	1575843046433	0.9	-9.631	1.367	FastStand
1655	1575843046436	0.905	-9.643	1.391	FastStand
1656	1575843046438	0.907	-9.639	1.381	FastStand
1657	1575843046440	0.924	-9.629	1.374	FastStand
1658	1575843046443	0.936	-9.598	1.386	FastStand
1659	1575843046445	0.936	-9.572	1.381	FastStand
1660	1575843046447	0.929	-9.584	1.384	FastStand
1661	1575843046450	0.924	-9.6	1.384	FastStand
1662	1575843046452	0.943	-9.603	1.372	FastStand
1663	1575843046455	0.967	-9.596	1.372	FastStand
1664	1575843046457	0.982	-9.584	1.372	FastStand
1665	1575843046460	0.974	-9.586	1.362	FastStand
1666	1575843046462	0.965	-9.586	1.36	FastStand
1667	1575843046465	0.958	-9.579	1.367	FastStand
1668	1575843046467	0.95	-9.569	1.377	FastStand
1669	1575843046470	0.946	-9.576	1.386	FastStand
1670	1575843046472	0.943	-9.574	1.374	FastStand
1671	1575843046475	0.958	-9.552	1.374	FastStand
1672	1575843046477	0.965	-9.548	1.391	FastStand
1673	1575843046479	0.967	-9.543	1.398	FastStand
1674	1575843046482	0.97	-9.533	1.408	FastStand
1675	1575843046484	0.958	-9.529	1.41	FastStand
1676	1575843046486	0.941	-9.529	1.403	FastStand
1677	1575843046489	0.905	-9.519	1.401	FastStand
1678	1575843046492	0.862	-9.485	1.398	FastStand
1679	1575843046494	0.833	-9.466	1.386	FastStand
1680	1575843046496	0.809	-9.464	1.379	FastStand
1681	1575843046499	0.79	-9.464	1.374	FastStand
1682	1575843046501	0.773	-9.473	1.377	FastStand
1683	1575843046503	0.757	-9.485	1.379	FastStand
1684	1575843046506	0.742	-9.495	1.381	FastStand
1685	1575843046508	0.747	-9.49	1.398	FastStand
1686	1575843046510	0.754	-9.49	1.42	FastStand
1687	1575843046514	0.759	-9.5	1.427	FastStand
1688	1575843046516	0.754	-9.514	1.444	FastStand
1689	1575843046518	0.749	-9.524	1.465	FastStand
1690	1575843046520	0.759	-9.526	1.482	FastStand
1691	1575843046523	0.766	-9.529	1.492	FastStand
1692	1575843046525	0.776	-9.526	1.492	FastStand
1693	1575843046528	0.769	-9.524	1.492	FastStand
1694	1575843046530	0.735	-9.538	1.561	FastStand
1695	1575843046532	0.713	-9.505	1.628	FastStand
1696	1575843046535	0.682	-9.476	1.578	FastStand
1697	1575843046538	0.642	-9.536	1.465	FastStand
1698	1575843046540	0.618	-9.586	1.348	FastStand
1699	1575843046542	0.618	-9.591	1.262	FastStand
1700	1575843046544	0.639	-9.569	1.219	FastStand
1701	1575843046547	0.656	-9.543	1.202	FastStand
1702	1575843046549	0.663	-9.526	1.219	FastStand
1703	1575843046552	0.646	-9.526	1.262	FastStand
1704	1575843046554	0.606	-9.521	1.288	FastStand
1705	1575843046557	0.551	-9.507	1.324	FastStand
1706	1575843046559	0.503	-9.483	1.357	FastStand
1707	1575843046562	0.464	-9.457	1.367	FastStand
1708	1575843046564	0.421	-9.452	1.379	FastStand
1709	1575843046566	0.397	-9.43	1.401	FastStand
1710	1575843046569	0.397	-9.423	1.422	FastStand
1711	1575843046571	0.402	-9.438	1.453	FastStand
1712	1575843046574	0.4	-9.452	1.482	FastStand
1713	1575843046576	0.395	-9.481	1.487	FastStand
1714	1575843046578	0.388	-9.481	1.492	FastStand
1715	1575843046581	0.397	-9.476	1.511	FastStand
1716	1575843046584	0.409	-9.478	1.523	FastStand
1717	1575843046586	0.409	-9.478	1.535	FastStand
1718	1575843046589	0.424	-9.49	1.573	FastStand
1719	1575843046591	0.448	-9.509	1.599	FastStand
1720	1575843046593	0.481	-9.521	1.614	FastStand
1721	1575843046596	0.527	-9.538	1.626	FastStand
1722	1575843046598	0.555	-9.543	1.628	FastStand
1723	1575843046600	0.587	-9.524	1.63	FastStand
1724	1575843046603	0.603	-9.5	1.621	FastStand
1725	1575843046605	0.618	-9.545	1.63	FastStand
1726	1575843046608	0.646	-9.643	1.681	FastStand
1727	1575843046610	0.661	-9.706	1.731	FastStand
1728	1575843046613	0.68	-9.708	1.784	FastStand
1729	1575843046615	0.673	-9.679	1.82	FastStand
1730	1575843046617	0.637	-9.641	1.831	FastStand
1731	1575843046620	0.615	-9.615	1.829	FastStand
1732	1575843046622	0.615	-9.624	1.82	FastStand
1733	1575843046625	0.642	-9.646	1.781	FastStand
1734	1575843046627	0.687	-9.675	1.733	FastStand
