1	1575843093295	-0.364	8.717	4.024	FastFall
2	1575843093296	-0.39	8.712	4.01	FastFall
3	1575843093299	-0.426	8.712	4.005	FastFall
4	1575843093301	-0.445	8.719	4.003	FastFall
5	1575843093304	-0.46	8.715	4.01	FastFall
6	1575843093306	-0.462	8.715	4.022	FastFall
7	1575843093309	-0.448	8.731	4.017	FastFall
8	1575843093312	-0.419	8.76	4.001	FastFall
9	1575843093314	-0.328	8.762	3.862	FastFall
10	1575843093316	-0.196	8.765	3.651	FastFall
11	1575843093318	-0.158	8.837	3.766	FastFall
12	1575843093321	-0.199	8.937	4.106	FastFall
13	1575843093323	-0.213	8.99	4.341	FastFall
14	1575843093325	-0.199	8.999	4.451	FastFall
15	1575843093328	-0.132	8.997	4.441	FastFall
16	1575843093330	-0.041	8.966	4.324	FastFall
17	1575843093333	0.038	8.942	4.175	FastFall
18	1575843093335	0.105	8.952	4.065	FastFall
19	1575843093337	0.148	8.973	4.036	FastFall
20	1575843093340	0.182	9.026	4.056	FastFall
21	1575843093343	0.203	9.064	4.077	FastFall
22	1575843093353	0.208	9.062	4.087	FastFall
23	1575843093354	0.192	9.057	4.063	FastFall
24	1575843093355	0.177	9.043	4.001	FastFall
25	1575843093356	0.16	9.011	3.924	FastFall
26	1575843093357	0.144	9.007	3.857	FastFall
27	1575843093358	0.12	9.016	3.775	FastFall
28	1575843093360	0.084	9.004	3.725	FastFall
29	1575843093362	0.017	9.016	3.749	FastFall
30	1575843093365	-0.072	9.031	3.797	FastFall
31	1575843093367	-0.151	9.016	3.821	FastFall
32	1575843093370	-0.232	8.978	3.809	FastFall
33	1575843093372	-0.292	8.913	3.74	FastFall
34	1575843093374	-0.34	8.863	3.658	FastFall
35	1575843093377	-0.388	8.837	3.608	FastFall
36	1575843093379	-0.431	8.827	3.582	FastFall
37	1575843093382	-0.46	8.832	3.579	FastFall
38	1575843093384	-0.486	8.827	3.586	FastFall
39	1575843093387	-0.503	8.825	3.627	FastFall
40	1575843093389	-0.51	8.832	3.663	FastFall
41	1575843093392	-0.515	8.829	3.665	FastFall
42	1575843093394	-0.522	8.825	3.677	FastFall
43	1575843093396	-0.508	8.832	3.701	FastFall
44	1575843093399	-0.486	8.849	3.742	FastFall
45	1575843093401	-0.472	8.863	3.814	FastFall
46	1575843093404	-0.429	8.877	3.893	FastFall
47	1575843093406	-0.376	8.904	3.989	FastFall
48	1575843093408	-0.328	8.923	4.099	FastFall
49	1575843093411	-0.249	8.932	4.185	FastFall
50	1575843093414	-0.156	8.947	4.271	FastFall
51	1575843093416	-0.077	8.968	4.343	FastFall
52	1575843093418	0.005	8.997	4.4	FastFall
53	1575843093421	0.081	9.021	4.448	FastFall
54	1575843093423	0.129	9.038	4.482	FastFall
55	1575843093425	0.17	9.057	4.506	FastFall
56	1575843093428	0.201	9.064	4.522	FastFall
57	1575843093431	0.215	9.081	4.534	FastFall
58	1575843093433	0.232	9.095	4.522	FastFall
59	1575843093435	0.235	9.088	4.494	FastFall
60	1575843093438	0.23	9.09	4.475	FastFall
61	1575843093440	0.223	9.086	4.463	FastFall
62	1575843093443	0.208	9.069	4.434	FastFall
63	1575843093445	0.182	9.038	4.36	FastFall
64	1575843093447	0.148	9.023	4.278	FastFall
65	1575843093450	0.113	9.021	4.23	FastFall
66	1575843093452	0.077	9.023	4.204	FastFall
67	1575843093455	0.024	9.035	4.199	FastFall
68	1575843093457	-0.045	9.023	4.185	FastFall
69	1575843093459	-0.12	9.011	4.156	FastFall
70	1575843093462	-0.189	8.992	4.12	FastFall
71	1575843093464	-0.251	8.952	4.063	FastFall
72	1575843093467	-0.302	8.94	3.989	FastFall
73	1575843093469	-0.352	8.935	3.943	FastFall
74	1575843093471	-0.393	8.93	3.934	FastFall
75	1575843093474	-0.405	8.93	3.941	FastFall
76	1575843093476	-0.407	8.923	3.945	FastFall
77	1575843093479	-0.412	8.908	3.948	FastFall
78	1575843093482	-0.4	8.896	3.957	FastFall
79	1575843093484	-0.373	8.894	3.962	FastFall
80	1575843093486	-0.352	8.894	3.972	FastFall
81	1575843093488	-0.328	8.892	3.986	FastFall
82	1575843093491	-0.297	8.901	3.993	FastFall
83	1575843093493	-0.256	8.928	3.998	FastFall
84	1575843093497	-0.218	8.959	4.024	FastFall
85	1575843093498	-0.182	8.987	4.058	FastFall
86	1575843093501	-0.127	9.019	4.096	FastFall
87	1575843093504	-0.067	9.059	4.137	FastFall
88	1575843093506	-0.024	9.105	4.173	FastFall
89	1575843093508	0.017	9.136	4.204	FastFall
90	1575843093510	0.055	9.148	4.233	FastFall
91	1575843093513	0.069	9.155	4.252	FastFall
92	1575843093515	0.093	9.177	4.261	FastFall
93	1575843093518	0.127	9.186	4.276	FastFall
94	1575843093521	0.141	9.198	4.278	FastFall
95	1575843093522	0.144	9.224	4.283	FastFall
96	1575843093525	0.151	9.22	4.29	FastFall
97	1575843093527	0.158	9.22	4.302	FastFall
98	1575843093529	0.156	9.234	4.307	FastFall
99	1575843093532	0.153	9.222	4.295	FastFall
100	1575843093535	0.144	9.22	4.273	FastFall
101	1575843093537	0.134	9.232	4.245	FastFall
102	1575843093539	0.124	9.246	4.209	FastFall
103	1575843093542	0.108	9.263	4.18	FastFall
104	1575843093544	0.098	9.282	4.163	FastFall
105	1575843093547	0.098	9.294	4.163	FastFall
106	1575843093549	0.117	9.296	4.161	FastFall
107	1575843093552	0.12	9.282	4.159	FastFall
108	1575843093554	0.103	9.246	4.142	FastFall
109	1575843093556	0.098	9.208	4.108	FastFall
110	1575843093559	0.079	9.167	4.063	FastFall
111	1575843093562	0.038	9.112	3.972	FastFall
112	1575843093564	0.002	9.064	3.888	FastFall
113	1575843093566	-0.031	9.031	3.828	FastFall
114	1575843093569	-0.084	9.016	3.768	FastFall
115	1575843093572	-0.124	9.014	3.711	FastFall
116	1575843093574	-0.146	8.997	3.658	FastFall
117	1575843093576	-0.184	8.985	3.61	FastFall
118	1575843093579	-0.218	8.992	3.57	FastFall
119	1575843093582	-0.242	9.019	3.531	FastFall
120	1575843093583	-0.278	9.043	3.5	FastFall
121	1575843093585	-0.318	9.045	3.483	FastFall
122	1575843093588	-0.345	9.059	3.474	FastFall
123	1575843093590	-0.362	9.083	3.467	FastFall
124	1575843093593	-0.388	9.081	3.479	FastFall
125	1575843093595	-0.4	9.081	3.503	FastFall
126	1575843093598	-0.397	9.088	3.534	FastFall
127	1575843093600	-0.407	9.088	3.565	FastFall
128	1575843093603	-0.412	9.086	3.596	FastFall
129	1575843093605	-0.397	9.069	3.622	FastFall
130	1575843093607	-0.388	9.062	3.67	FastFall
131	1575843093610	-0.362	9.088	3.744	FastFall
132	1575843093613	-0.318	9.095	3.804	FastFall
133	1575843093615	-0.28	9.083	3.862	FastFall
134	1575843093617	-0.254	9.071	3.907	FastFall
135	1575843093619	-0.242	9.057	3.953	FastFall
136	1575843093622	-0.23	9.05	3.996	FastFall
137	1575843093625	-0.22	9.038	4.001	FastFall
138	1575843093627	-0.203	9.019	4.005	FastFall
139	1575843093630	-0.187	9.016	4.01	FastFall
140	1575843093632	-0.182	9.019	3.998	FastFall
141	1575843093635	-0.16	9.016	3.993	FastFall
142	1575843093637	-0.134	9.023	3.993	FastFall
143	1575843093639	-0.113	9.045	3.993	FastFall
144	1575843093642	-0.074	9.083	3.993	FastFall
145	1575843093644	-0.029	9.117	3.993	FastFall
146	1575843093646	0.007	9.143	3.984	FastFall
147	1575843093649	0.031	9.153	3.969	FastFall
148	1575843093652	0.055	9.15	3.962	FastFall
149	1575843093654	0.079	9.165	3.955	FastFall
150	1575843093656	0.096	9.169	3.941	FastFall
151	1575843093659	0.113	9.165	3.922	FastFall
152	1575843093662	0.122	9.167	3.898	FastFall
153	1575843093664	0.124	9.174	3.876	FastFall
154	1575843093666	0.113	9.181	3.854	FastFall
155	1575843093669	0.101	9.172	3.843	FastFall
156	1575843093671	0.096	9.167	3.838	FastFall
157	1575843093674	0.079	9.165	3.828	FastFall
158	1575843093676	0.057	9.148	3.819	FastFall
159	1575843093678	0.05	9.129	3.799	FastFall
160	1575843093681	0.034	9.11	3.756	FastFall
161	1575843093683	0	9.1	3.72	FastFall
162	1575843093686	-0.026	9.095	3.685	FastFall
163	1575843093688	-0.05	9.098	3.637	FastFall
164	1575843093691	-0.081	9.098	3.608	FastFall
165	1575843093693	-0.129	9.09	3.582	FastFall
166	1575843093695	-0.175	9.074	3.562	FastFall
167	1575843093698	-0.203	9.052	3.548	FastFall
168	1575843093700	-0.235	9.045	3.527	FastFall
169	1575843093702	-0.268	9.047	3.51	FastFall
170	1575843093705	-0.29	9.038	3.488	FastFall
171	1575843093708	-0.314	9.016	3.459	FastFall
172	1575843093710	-0.338	9.007	3.44	FastFall
173	1575843093712	-0.352	9.011	3.44	FastFall
174	1575843093715	-0.359	9.023	3.431	FastFall
175	1575843093717	-0.352	9.04	3.424	FastFall
176	1575843093719	-0.34	9.047	3.424	FastFall
177	1575843093723	-0.333	9.035	3.426	FastFall
178	1575843093724	-0.321	9.028	3.428	FastFall
179	1575843093727	-0.316	9.035	3.416	FastFall
180	1575843093729	-0.321	9.043	3.409	FastFall
181	1575843093732	-0.311	9.054	3.44	FastFall
182	1575843093734	-0.299	9.066	3.479	FastFall
183	1575843093737	-0.285	9.076	3.51	FastFall
184	1575843093739	-0.268	9.081	3.527	FastFall
185	1575843093742	-0.251	9.078	3.538	FastFall
186	1575843093744	-0.227	9.076	3.558	FastFall
187	1575843093746	-0.201	9.083	3.57	FastFall
188	1575843093749	-0.175	9.102	3.574	FastFall
189	1575843093752	-0.151	9.122	3.57	FastFall
190	1575843093754	-0.115	9.143	3.57	FastFall
191	1575843093756	-0.077	9.174	3.589	FastFall
192	1575843093759	-0.048	9.191	3.584	FastFall
193	1575843093761	-0.029	9.193	3.577	FastFall
194	1575843093763	-0.007	9.196	3.579	FastFall
195	1575843093766	0.014	9.222	3.562	FastFall
196	1575843093768	0.034	9.248	3.565	FastFall
197	1575843093771	0.045	9.258	3.57	FastFall
198	1575843093773	0.072	9.291	3.57	FastFall
199	1575843093776	0.081	9.313	3.582	FastFall
200	1575843093778	0.093	9.306	3.572	FastFall
201	1575843093781	0.11	9.299	3.524	FastFall
202	1575843093783	0.105	9.284	3.464	FastFall
203	1575843093785	0.101	9.28	3.409	FastFall
204	1575843093787	0.089	9.272	3.354	FastFall
205	1575843093791	0.077	9.26	3.313	FastFall
206	1575843093792	0.055	9.253	3.258	FastFall
207	1575843093795	0.043	9.246	3.194	FastFall
208	1575843093797	0.031	9.244	3.163	FastFall
209	1575843093800	0.019	9.244	3.148	FastFall
210	1575843093802	0.031	9.265	3.143	FastFall
211	1575843093805	0.036	9.294	3.139	FastFall
212	1575843093807	0.036	9.311	3.127	FastFall
213	1575843093810	0.036	9.33	3.096	FastFall
214	1575843093812	0.031	9.339	3.038	FastFall
215	1575843093815	0.007	9.315	2.971	FastFall
216	1575843093817	-0.034	9.277	2.918	FastFall
217	1575843093819	-0.086	9.248	2.878	FastFall
218	1575843093822	-0.158	9.208	2.837	FastFall
219	1575843093824	-0.244	9.16	2.803	FastFall
220	1575843093827	-0.333	9.126	2.76	FastFall
221	1575843093829	-0.431	9.095	2.722	FastFall
222	1575843093832	-0.51	9.043	2.662	FastFall
223	1575843093834	-0.587	9.011	2.555	FastFall
224	1575843093836	-0.673	9.007	2.408	FastFall
225	1575843093839	-0.735	9.028	2.253	FastFall
226	1575843093841	-0.804	9.071	2.119	FastFall
227	1575843093843	-0.852	9.15	2.009	FastFall
228	1575843093846	-0.876	9.287	1.949	FastFall
229	1575843093848	-0.924	9.461	1.966	FastFall
230	1575843093850	-1.132	9.61	2.021	FastFall
231	1575843093853	-1.47	9.734	2.171	FastFall
232	1575843093855	-1.659	9.88	2.514	FastFall
233	1575843093858	-1.578	10.055	2.988	FastFall
234	1575843093860	-1.298	10.196	3.483	FastFall
235	1575843093863	-0.898	10.271	3.981	FastFall
236	1575843093866	-0.469	10.307	4.467	FastFall
237	1575843093868	-0.096	10.29	4.87	FastFall
238	1575843093870	0.187	10.228	5.188	FastFall
239	1575843093873	0.366	10.175	5.413	FastFall
240	1575843093875	0.474	10.11	5.53	FastFall
241	1575843093878	0.505	10.019	5.576	FastFall
242	1575843093880	0.512	9.926	5.561	FastFall
243	1575843093882	0.553	9.823	5.471	FastFall
244	1575843093885	0.591	9.73	5.289	FastFall
245	1575843093887	0.632	9.667	4.994	FastFall
246	1575843093890	0.663	9.653	4.556	FastFall
247	1575843093892	0.639	9.698	3.984	FastFall
248	1575843093895	0.56	9.794	3.357	FastFall
249	1575843093897	0.479	9.885	2.713	FastFall
250	1575843093899	0.438	9.983	2.061	FastFall
251	1575843093902	0.462	10.101	1.408	FastFall
252	1575843093905	0.584	10.228	0.718	FastFall
253	1575843093907	0.807	10.383	-0.019	FastFall
254	1575843093909	1.113	10.572	-0.766	FastFall
255	1575843093912	1.458	10.785	-1.477	FastFall
256	1575843093914	1.829	10.984	-2.136	FastFall
257	1575843093917	2.26	11.109	-2.748	FastFall
258	1575843093919	2.643	11.202	-3.155	FastFall
259	1575843093921	2.894	11.293	-3.361	FastFall
260	1575843093924	3.115	11.312	-3.617	FastFall
261	1575843093926	3.481	11.152	-4.113	FastFall
262	1575843093929	4.022	10.8	-4.611	FastFall
263	1575843093931	4.254	10.692	-4.575	FastFall
264	1575843093934	3.876	10.575	-4.355	FastFall
265	1575843093936	3.316	10.177	-4.312	FastFall
266	1575843093938	3.069	10.134	-4.247	FastFall
267	1575843093942	3.021	10.295	-4.221	FastFall
268	1575843093943	3.199	10.474	-4.027	FastFall
269	1575843093946	3.639	10.723	-3.548	FastFall
270	1575843093948	4.139	10.939	-2.978	FastFall
271	1575843093950	4.522	11.032	-2.483	FastFall
272	1575843093953	4.673	11.037	-2.09	FastFall
273	1575843093955	4.642	11.037	-1.606	FastFall
274	1575843093958	4.41	10.939	-1.087	FastFall
275	1575843093960	4.202	10.809	-0.673	FastFall
276	1575843093962	4.02	10.663	-0.306	FastFall
277	1575843093965	3.661	10.388	0.196	FastFall
278	1575843093967	3.191	10.022	0.785	FastFall
279	1575843093970	2.583	9.61	1.345	FastFall
280	1575843093972	1.748	9.09	1.7	FastFall
281	1575843093975	0.871	8.48	1.784	FastFall
282	1575843093977	0.136	7.826	1.664	FastFall
283	1575843093979	-0.455	7.187	1.334	FastFall
284	1575843093982	-0.967	6.615	0.991	FastFall
285	1575843093984	-1.448	6.129	0.723	FastFall
286	1575843093987	-1.92	5.72	0.417	FastFall
287	1575843093989	-2.396	5.351	0.081	FastFall
288	1575843093991	-2.916	5.004	-0.232	FastFall
289	1575843093994	-3.495	4.652	-0.527	FastFall
290	1575843093996	-4.096	4.288	-0.809	FastFall
291	1575843093999	-4.685	3.929	-1.073	FastFall
292	1575843094001	-5.257	3.577	-1.262	FastFall
293	1575843094004	-5.777	3.196	-1.415	FastFall
294	1575843094006	-6.246	2.806	-1.573	FastFall
295	1575843094008	-6.677	2.43	-1.697	FastFall
296	1575843094011	-7.079	2.061	-1.805	FastFall
297	1575843094014	-7.455	1.7	-1.891	FastFall
298	1575843094016	-7.819	1.357	-1.987	FastFall
299	1575843094018	-8.161	1.025	-2.066	FastFall
300	1575843094021	-8.461	0.701	-2.112	FastFall
301	1575843094024	-8.743	0.378	-2.145	FastFall
302	1575843094026	-9.009	0.057	-2.164	FastFall
303	1575843094029	-9.241	-0.271	-2.186	FastFall
304	1575843094031	-9.433	-0.61	-2.207	FastFall
305	1575843094033	-9.574	-0.97	-2.222	FastFall
306	1575843094035	-9.684	-1.336	-2.2	FastFall
307	1575843094038	-9.763	-1.717	-2.162	FastFall
308	1575843094040	-9.792	-2.131	-2.126	FastFall
309	1575843094043	-9.818	-2.569	-2.04	FastFall
310	1575843094045	-9.845	-3.009	-1.906	FastFall
311	1575843094048	-9.849	-3.44	-1.731	FastFall
312	1575843094050	-9.828	-3.883	-1.492	FastFall
313	1575843094053	-9.782	-4.333	-1.219	FastFall
314	1575843094055	-9.715	-4.762	-0.91	FastFall
315	1575843094058	-9.636	-5.145	-0.594	FastFall
316	1575843094060	-9.55	-5.482	-0.287	FastFall
317	1575843094062	-9.452	-5.77	0.026	FastFall
318	1575843094065	-9.342	-5.995	0.35	FastFall
319	1575843094067	-9.208	-6.167	0.682	FastFall
320	1575843094070	-9.054	-6.308	1.006	FastFall
321	1575843094072	-8.858	-6.438	1.314	FastFall
322	1575843094075	-8.616	-6.574	1.602	FastFall
323	1575843094077	-8.36	-6.708	1.891	FastFall
324	1575843094079	-8.08	-6.823	2.2	FastFall
325	1575843094082	-7.793	-6.929	2.521	FastFall
326	1575843094084	-7.496	-7.012	2.859	FastFall
327	1575843094087	-7.218	-7.051	3.172	FastFall
328	1575843094089	-6.979	-7.101	3.5	FastFall
329	1575843094092	-6.751	-7.166	3.826	FastFall
330	1575843094094	-6.56	-7.247	4.173	FastFall
331	1575843094097	-6.383	-7.364	4.539	FastFall
332	1575843094099	-6.201	-7.513	4.87	FastFall
333	1575843094102	-6.016	-7.678	5.183	FastFall
334	1575843094104	-5.834	-7.862	5.494	FastFall
335	1575843094106	-5.655	-8.073	5.801	FastFall
336	1575843094108	-5.466	-8.298	6.088	FastFall
337	1575843094112	-5.255	-8.523	6.304	FastFall
338	1575843094114	-5.037	-8.729	6.414	FastFall
339	1575843094116	-4.853	-8.942	6.471	FastFall
340	1575843094118	-4.673	-9.153	6.507	FastFall
341	1575843094121	-4.47	-9.366	6.533	FastFall
342	1575843094123	-4.276	-9.6	6.538	FastFall
343	1575843094126	-4.087	-9.821	6.543	FastFall
344	1575843094128	-3.888	-10.048	6.553	FastFall
345	1575843094130	-3.701	-10.287	6.555	FastFall
346	1575843094133	-3.529	-10.505	6.581	FastFall
347	1575843094135	-3.371	-10.714	6.634	FastFall
348	1575843094138	-3.232	-10.934	6.737	FastFall
349	1575843094140	-3.115	-11.13	6.912	FastFall
350	1575843094142	-3	-11.3	7.125	FastFall
351	1575843094145	-2.871	-11.441	7.333	FastFall
352	1575843094148	-2.741	-11.566	7.508	FastFall
353	1575843094150	-2.61	-11.678	7.666	FastFall
354	1575843094152	-2.478	-11.757	7.831	FastFall
355	1575843094155	-2.329	-11.793	8.073	FastFall
356	1575843094157	-2.143	-11.793	8.41	FastFall
357	1575843094160	-1.932	-11.801	8.786	FastFall
358	1575843094162	-1.721	-11.784	9.21	FastFall
359	1575843094165	-1.527	-11.733	9.677	FastFall
360	1575843094167	-1.372	-11.693	10.156	FastFall
361	1575843094169	-1.264	-11.643	10.687	FastFall
362	1575843094172	-1.176	-11.58	11.281	FastFall
363	1575843094174	-1.051	-11.489	11.92	FastFall
364	1575843094177	-0.886	-11.346	12.605	FastFall
365	1575843094180	-0.721	-11.13	13.347	FastFall
366	1575843094182	-0.534	-10.809	14.187	FastFall
367	1575843094184	-0.309	-10.39	15.054	FastFall
368	1575843094186	-0.036	-9.933	15.964	FastFall
369	1575843094189	0.283	-9.464	16.854	FastFall
370	1575843094192	0.61	-8.983	17.628	FastFall
371	1575843094193	0.924	-8.499	18.265	FastFall
372	1575843094196	1.209	-8.035	18.746	FastFall
373	1575843094199	1.477	-7.596	19.134	FastFall
374	1575843094201	1.755	-7.209	19.423	FastFall
375	1575843094203	2.057	-6.828	19.634	FastFall
376	1575843094206	2.428	-6.431	19.761	FastFall
377	1575843094209	2.916	-5.992	19.871	FastFall
378	1575843094211	3.51	-5.466	20.031	FastFall
379	1575843094214	4.202	-4.855	20.276	FastFall
380	1575843094215	4.937	-4.159	20.544	FastFall
381	1575843094218	5.676	-3.395	20.776	FastFall
382	1575843094220	6.411	-2.598	21.006	FastFall
383	1575843094223	7.082	-1.752	21.183	FastFall
384	1575843094226	7.647	-0.883	21.226	FastFall
385	1575843094228	8.169	-0.019	21.147	FastFall
386	1575843094230	8.753	0.848	20.898	FastFall
387	1575843094233	9.447	1.717	20.501	FastFall
388	1575843094235	10.273	2.667	20.075	FastFall
389	1575843094238	11.135	3.728	19.658	FastFall
390	1575843094240	11.899	4.87	19.284	FastFall
391	1575843094242	12.497	6.038	18.911	FastFall
392	1575843094245	12.873	7.079	18.411	FastFall
393	1575843094247	13.002	7.879	17.695	FastFall
394	1575843094249	12.854	8.396	16.728	FastFall
395	1575843094252	12.397	8.58	15.483	FastFall
396	1575843094255	11.592	8.401	13.977	FastFall
397	1575843094257	10.465	7.879	12.325	FastFall
398	1575843094259	9.177	7.07	10.644	FastFall
399	1575843094262	7.898	6.057	9.145	FastFall
400	1575843094265	6.723	4.929	7.989	FastFall
401	1575843094266	5.703	3.756	7.194	FastFall
402	1575843094269	4.903	2.619	6.775	FastFall
403	1575843094272	4.362	1.635	6.684	FastFall
404	1575843094274	4.022	0.819	6.866	FastFall
405	1575843094277	3.787	0.117	7.249	FastFall
406	1575843094279	3.558	-0.515	7.764	FastFall
407	1575843094281	3.263	-1.159	8.379	FastFall
408	1575843094284	2.921	-1.87	9.078	FastFall
409	1575843094286	2.569	-2.662	9.931	FastFall
410	1575843094289	2.234	-3.536	11.032	FastFall
411	1575843094291	1.951	-4.436	12.389	FastFall
412	1575843094293	1.764	-5.301	14.008	FastFall
413	1575843094296	1.678	-6.057	15.885	FastFall
414	1575843094298	1.645	-6.663	17.915	FastFall
415	1575843094301	1.614	-7.101	19.969	FastFall
416	1575843094303	1.573	-7.355	21.947	FastFall
417	1575843094306	1.52	-7.484	23.802	FastFall
418	1575843094308	1.492	-7.544	25.543	FastFall
419	1575843094310	1.47	-7.527	27.147	FastFall
420	1575843094313	1.446	-7.431	28.583	FastFall
421	1575843094315	1.417	-7.276	29.807	FastFall
422	1575843094318	1.355	-7.065	30.759	FastFall
423	1575843094320	1.233	-6.833	31.377	FastFall
424	1575843094323	0.991	-6.689	31.59	FastFall
425	1575843094325	0.603	-6.675	31.382	FastFall
426	1575843094327	0.127	-6.797	30.776	FastFall
427	1575843094330	-0.369	-7.01	29.85	FastFall
428	1575843094332	-0.814	-7.237	28.674	FastFall
429	1575843094335	-1.14	-7.477	27.333	FastFall
430	1575843094337	-1.31	-7.714	25.926	FastFall
431	1575843094340	-1.326	-7.912	24.523	FastFall
432	1575843094342	-1.228	-8.087	23.086	FastFall
433	1575843094345	-1.104	-8.245	21.607	FastFall
434	1575843094347	-0.984	-8.394	20.201	FastFall
435	1575843094349	-0.843	-8.576	18.94	FastFall
436	1575843094352	-0.639	-8.791	17.858	FastFall
437	1575843094355	-0.362	-9.031	16.962	FastFall
438	1575843094356	-0.026	-9.263	16.184	FastFall
439	1575843094359	0.347	-9.457	15.485	FastFall
440	1575843094361	0.704	-9.576	15.03	FastFall
441	1575843094364	1.02	-9.639	14.966	FastFall
442	1575843094366	1.3	-9.667	15.253	FastFall
443	1575843094369	1.484	-9.687	15.791	FastFall
444	1575843094371	1.582	-9.727	16.491	FastFall
445	1575843094374	1.626	-9.787	17.259	FastFall
446	1575843094376	1.575	-9.873	18.061	FastFall
447	1575843094379	1.427	-9.967	18.87	FastFall
448	1575843094381	1.183	-10.074	19.581	FastFall
449	1575843094383	0.845	-10.235	20.125	FastFall
450	1575843094386	0.405	-10.493	20.498	FastFall
451	1575843094388	-0.129	-10.829	20.802	FastFall
452	1575843094391	-0.773	-11.192	21.087	FastFall
453	1575843094393	-1.52	-11.578	21.379	FastFall
454	1575843094396	-2.291	-11.932	21.712	FastFall
455	1575843094398	-3.019	-12.2	22.019	FastFall
456	1575843094400	-3.687	-12.37	22.282	FastFall
457	1575843094403	-4.283	-12.425	22.502	FastFall
458	1575843094405	-4.791	-12.373	22.651	FastFall
459	1575843094407	-5.217	-12.231	22.701	FastFall
460	1575843094410	-5.559	-11.973	22.646	FastFall
461	1575843094413	-5.808	-11.631	22.495	FastFall
462	1575843094415	-5.942	-11.224	22.282	FastFall
463	1575843094418	-5.976	-10.781	21.985	FastFall
464	1575843094420	-5.911	-10.345	21.566	FastFall
465	1575843094422	-5.755	-9.947	21.039	FastFall
466	1575843094425	-5.54	-9.596	20.429	FastFall
467	1575843094427	-5.289	-9.303	19.814	FastFall
468	1575843094430	-5.013	-9.09	19.237	FastFall
469	1575843094432	-4.709	-8.94	18.719	FastFall
470	1575843094434	-4.393	-8.832	18.255	FastFall
471	1575843094437	-4.044	-8.765	17.826	FastFall
472	1575843094439	-3.685	-8.719	17.475	FastFall
473	1575843094442	-3.364	-8.691	17.185	FastFall
474	1575843094444	-3.05	-8.676	16.9	FastFall
475	1575843094447	-2.729	-8.647	16.622	FastFall
476	1575843094449	-2.408	-8.604	16.349	FastFall
477	1575843094452	-2.112	-8.566	16.112	FastFall
478	1575843094454	-1.848	-8.497	15.973	FastFall
479	1575843094456	-1.63	-8.375	15.93	FastFall
480	1575843094458	-1.436	-8.236	15.938	FastFall
481	1575843094461	-1.245	-8.078	16.009	FastFall
482	1575843094464	-1.092	-7.92	16.167	FastFall
483	1575843094466	-1.022	-7.824	16.383	FastFall
484	1575843094469	-1.041	-7.833	16.62	FastFall
485	1575843094471	-1.137	-7.992	16.876	FastFall
486	1575843094473	-1.286	-8.298	17.147	FastFall
487	1575843094476	-1.432	-8.734	17.453	FastFall
488	1575843094479	-1.503	-9.241	17.838	FastFall
489	1575843094481	-1.362	-9.727	18.406	FastFall
490	1575843094483	-0.996	-10.007	19.304	FastFall
491	1575843094486	-0.527	-9.952	20.539	FastFall
492	1575843094488	-0.024	-9.639	21.863	FastFall
493	1575843094491	0.402	-9.212	22.89	FastFall
494	1575843094493	0.594	-8.803	23.328	FastFall
495	1575843094495	0.515	-8.516	23.086	FastFall
496	1575843094497	0.172	-8.468	22.339	FastFall
497	1575843094500	-0.397	-8.715	21.353	FastFall
498	1575843094502	-1.106	-9.232	20.319	FastFall
499	1575843094505	-1.858	-9.986	19.361	FastFall
500	1575843094507	-2.492	-10.965	18.552	FastFall
501	1575843094510	-2.918	-12.107	17.951	FastFall
502	1575843094512	-3.189	-13.311	17.606	FastFall
503	1575843094515	-3.392	-14.453	17.482	FastFall
504	1575843094517	-3.562	-15.44	17.412	FastFall
505	1575843094519	-3.713	-16.266	17.24	FastFall
506	1575843094522	-3.838	-16.9	16.819	FastFall
507	1575843094524	-3.871	-17.328	16.06	FastFall
508	1575843094527	-3.866	-17.582	15.066	FastFall
509	1575843094529	-3.9	-17.7	13.915	FastFall
510	1575843094532	-3.919	-17.726	12.646	FastFall
511	1575843094534	-3.862	-17.69	11.353	FastFall
512	1575843094537	-3.747	-17.606	10.067	FastFall
513	1575843094539	-3.56	-17.479	8.772	FastFall
514	1575843094542	-3.256	-17.324	7.513	FastFall
515	1575843094544	-2.859	-17.135	6.287	FastFall
516	1575843094546	-2.361	-16.89	5.08	FastFall
517	1575843094549	-1.752	-16.629	3.886	FastFall
518	1575843094551	-1.051	-16.347	2.681	FastFall
519	1575843094554	-0.278	-16.007	1.429	FastFall
520	1575843094556	0.548	-15.619	0.055	FastFall
521	1575843094559	1.448	-15.15	-1.456	FastFall
522	1575843094561	2.44	-14.597	-3.043	FastFall
523	1575843094563	3.5	-13.994	-4.63	FastFall
524	1575843094566	4.568	-13.338	-6.179	FastFall
525	1575843094568	5.614	-12.66	-7.692	FastFall
526	1575843094571	6.639	-11.975	-9.201	FastFall
527	1575843094573	7.68	-11.279	-10.637	FastFall
528	1575843094576	8.841	-10.62	-12.119	FastFall
529	1575843094578	10.17	-9.955	-13.587	FastFall
530	1575843094580	11.597	-9.215	-14.786	FastFall
531	1575843094583	13.041	-8.394	-15.782	FastFall
532	1575843094585	14.283	-7.496	-16.644	FastFall
533	1575843094588	15.394	-6.615	-17.362	FastFall
534	1575843094590	16.491	-5.758	-17.893	FastFall
535	1575843094592	17.355	-4.92	-18.296	FastFall
536	1575843094595	17.937	-4.135	-18.593	FastFall
537	1575843094598	18.317	-3.455	-18.676	FastFall
538	1575843094599	18.322	-2.763	-18.372	FastFall
539	1575843094602	17.501	-1.712	-17.434	FastFall
540	1575843094604	17.429	-1.386	-16.297	FastFall
541	1575843094607	18.459	-1.894	-15.195	FastFall
542	1575843094609	18.767	-2.052	-14.037	FastFall
543	1575843094612	18.262	-1.999	-13.036	FastFall
544	1575843094614	17.261	-1.951	-11.93	FastFall
545	1575843094617	16.014	-1.999	-10.517	FastFall
546	1575843094619	14.819	-2.183	-9.019	FastFall
547	1575843094622	13.788	-2.447	-7.64	FastFall
548	1575843094624	12.911	-2.753	-6.409	FastFall
549	1575843094627	12.078	-3.098	-5.344	FastFall
550	1575843094629	11.137	-3.483	-4.467	FastFall
551	1575843094631	10.067	-3.919	-3.823	FastFall
552	1575843094634	8.88	-4.42	-3.404	FastFall
553	1575843094636	7.606	-4.949	-3.187	FastFall
554	1575843094638	6.337	-5.475	-3.153	FastFall
555	1575843094641	5.102	-6.026	-3.28	FastFall
556	1575843094644	3.912	-6.601	-3.586	FastFall
557	1575843094646	2.768	-7.201	-4.087	FastFall
558	1575843094648	1.657	-7.824	-4.75	FastFall
559	1575843094651	0.599	-8.434	-5.578	FastFall
560	1575843094653	-0.4	-9.004	-6.565	FastFall
561	1575843094655	-1.372	-9.555	-7.659	FastFall
562	1575843094658	-2.361	-10.079	-8.839	FastFall
563	1575843094660	-3.349	-10.584	-10.115	FastFall
564	1575843094663	-4.345	-11.049	-11.494	FastFall
565	1575843094666	-5.348	-11.456	-12.933	FastFall
566	1575843094668	-6.316	-11.803	-14.341	FastFall
567	1575843094670	-7.218	-12.071	-15.657	FastFall
568	1575843094672	-8.042	-12.265	-16.831	FastFall
569	1575843094676	-8.76	-12.404	-17.872	FastFall
570	1575843094677	-9.354	-12.492	-18.818	FastFall
571	1575843094680	-9.823	-12.531	-19.6	FastFall
572	1575843094682	-10.184	-12.504	-20.192	FastFall
573	1575843094685	-10.362	-12.411	-20.577	FastFall
574	1575843094687	-10.28	-12.279	-20.74	FastFall
575	1575843094690	-9.94	-12.124	-20.683	FastFall
576	1575843094692	-9.335	-11.901	-20.393	FastFall
577	1575843094695	-8.48	-11.559	-19.928	FastFall
578	1575843094697	-7.436	-11.085	-19.366	FastFall
579	1575843094699	-6.232	-10.553	-18.775	FastFall
580	1575843094702	-4.958	-10.038	-18.214	FastFall
581	1575843094704	-3.713	-9.576	-17.683	FastFall
582	1575843094707	-2.507	-9.201	-17.19	FastFall
583	1575843094709	-1.367	-8.935	-16.744	FastFall
584	1575843094712	-0.328	-8.817	-16.294	FastFall
585	1575843094714	0.603	-8.837	-15.811	FastFall
586	1575843094716	1.439	-8.975	-15.286	FastFall
587	1575843094719	2.193	-9.22	-14.693	FastFall
588	1575843094721	2.89	-9.569	-13.996	FastFall
589	1575843094724	3.546	-10.01	-13.172	FastFall
590	1575843094726	4.161	-10.534	-12.248	FastFall
591	1575843094728	4.776	-11.106	-11.228	FastFall
592	1575843094731	5.425	-11.681	-10.146	FastFall
593	1575843094734	6.107	-12.236	-9.031	FastFall
594	1575843094736	6.782	-12.777	-7.862	FastFall
595	1575843094738	7.45	-13.292	-6.68	FastFall
596	1575843094740	8.073	-13.728	-5.573	FastFall
597	1575843094743	8.631	-14.108	-4.587	FastFall
598	1575843094745	9.1	-14.456	-3.711	FastFall
599	1575843094748	9.469	-14.781	-2.916	FastFall
600	1575843094750	9.78	-15.138	-2.164	FastFall
601	1575843094753	10.074	-15.545	-1.405	FastFall
602	1575843094756	10.429	-15.964	-0.599	FastFall
603	1575843094757	10.829	-16.318	0.338	FastFall
604	1575843094760	11.147	-16.524	1.494	FastFall
605	1575843094763	11.31	-16.601	2.83	FastFall
606	1575843094765	11.295	-16.601	4.235	FastFall
607	1575843094767	11.13	-16.572	5.626	FastFall
608	1575843094770	10.848	-16.591	6.984	FastFall
609	1575843094772	10.472	-16.637	8.298	FastFall
610	1575843094775	9.974	-16.718	9.552	FastFall
611	1575843094777	9.349	-16.857	10.793	FastFall
612	1575843094780	8.592	-16.993	12.009	FastFall
613	1575843094782	7.764	-17.075	13.101	FastFall
614	1575843094784	6.943	-17.058	14.013	FastFall
615	1575843094787	6.119	-16.967	14.745	FastFall
616	1575843094789	5.303	-16.862	15.31	FastFall
617	1575843094792	4.525	-16.783	15.708	FastFall
618	1575843094794	3.773	-16.766	15.978	FastFall
619	1575843094797	3.081	-16.768	16.187	FastFall
620	1575843094799	2.519	-16.771	16.268	FastFall
621	1575843094802	2.045	-16.78	16.364	FastFall
622	1575843094804	1.642	-16.699	16.567	FastFall
623	1575843094806	1.314	-16.503	16.73	FastFall
624	1575843094809	0.958	-16.261	16.886	FastFall
625	1575843094811	0.577	-16.005	17.034	FastFall
626	1575843094814	0.213	-15.76	17.235	FastFall
627	1575843094816	-0.182	-15.461	17.664	FastFall
628	1575843094819	-0.654	-15.078	18.26	FastFall
629	1575843094821	-1.168	-14.731	18.892	FastFall
630	1575843094823	-1.719	-14.494	19.536	FastFall
631	1575843094826	-2.349	-14.336	20.209	FastFall
632	1575843094828	-3.084	-14.266	20.769	FastFall
633	1575843094830	-3.953	-14.305	21.123	FastFall
634	1575843094833	-4.975	-14.468	21.267	FastFall
635	1575843094835	-6.134	-14.779	21.26	FastFall
636	1575843094838	-7.357	-15.25	21.114	FastFall
637	1575843094841	-8.576	-15.921	20.766	FastFall
638	1575843094843	-9.763	-16.708	20.288	FastFall
639	1575843094845	-10.927	-17.362	19.826	FastFall
640	1575843094847	-11.99	-17.747	19.634	FastFall
641	1575843094850	-12.679	-18.535	19.33	FastFall
642	1575843094853	-13.048	-19.591	18.444	FastFall
643	1575843094855	-13.361	-20.221	17.491	FastFall
644	1575843094857	-13.687	-20.558	16.752	FastFall
645	1575843094860	-14.027	-20.649	16.091	FastFall
646	1575843094862	-14.29	-20.496	15.452	FastFall
647	1575843094865	-14.384	-20.175	14.755	FastFall
648	1575843094867	-14.278	-19.684	13.977	FastFall
649	1575843094869	-14.015	-18.997	13.148	FastFall
650	1575843094872	-13.656	-18.188	12.32	FastFall
651	1575843094874	-13.223	-17.362	11.518	FastFall
652	1575843094877	-12.729	-16.565	10.728	FastFall
653	1575843094879	-12.222	-15.818	9.943	FastFall
654	1575843094882	-11.707	-15.143	9.172	FastFall
655	1575843094884	-11.209	-14.551	8.408	FastFall
656	1575843094887	-10.74	-14.046	7.695	FastFall
657	1575843094889	-10.256	-13.618	7.079	FastFall
658	1575843094891	-9.725	-13.275	6.572	FastFall
659	1575843094894	-9.078	-13.005	6.191	FastFall
660	1575843094896	-8.303	-12.763	5.949	FastFall
661	1575843094899	-7.438	-12.509	5.894	FastFall
662	1575843094901	-6.505	-12.217	6.014	FastFall
663	1575843094904	-5.54	-11.891	6.311	FastFall
664	1575843094906	-4.575	-11.508	6.73	FastFall
665	1575843094909	-3.649	-11.044	7.096	FastFall
666	1575843094911	-2.784	-10.503	7.314	FastFall
667	1575843094914	-1.98	-9.904	7.352	FastFall
668	1575843094916	-1.305	-9.263	7.259	FastFall
669	1575843094918	-0.759	-8.568	7.06	FastFall
670	1575843094921	-0.18	-7.941	6.725	FastFall
671	1575843094923	0.412	-7.369	6.301	FastFall
672	1575843094925	0.934	-6.785	5.887	FastFall
673	1575843094928	1.42	-6.206	5.475	FastFall
674	1575843094930	1.81	-5.585	5.059	FastFall
675	1575843094933	1.934	-4.884	4.747	FastFall
676	1575843094935	2.011	-4.199	4.539	FastFall
677	1575843094938	2.511	-3.773	4.259	FastFall
678	1575843094940	3.232	-3.524	3.981	FastFall
679	1575843094942	3.816	-3.244	3.869	FastFall
680	1575843094945	4.252	-2.969	3.821	FastFall
681	1575843094947	4.558	-2.696	3.785	FastFall
682	1575843094950	4.747	-2.416	3.78	FastFall
683	1575843094952	4.819	-2.14	3.819	FastFall
684	1575843094955	4.827	-1.865	3.922	FastFall
685	1575843094957	4.791	-1.626	4.087	FastFall
686	1575843094959	4.774	-1.48	4.185	FastFall
687	1575843094962	4.853	-1.453	4.187	FastFall
688	1575843094964	5.04	-1.523	4.257	FastFall
689	1575843094967	5.375	-1.618	4.412	FastFall
690	1575843094969	5.88	-1.719	4.668	FastFall
691	1575843094972	6.471	-1.81	5.143	FastFall
692	1575843094974	6.881	-1.748	6.033	FastFall
693	1575843094976	7.587	-1.662	7.228	FastFall
694	1575843094979	8.875	-1.666	8.497	FastFall
695	1575843094981	10.11	-1.52	9.995	FastFall
696	1575843094984	11.257	-1.161	11.568	FastFall
697	1575843094986	12.356	-0.599	13.002	FastFall
698	1575843094989	13.311	0.168	14.257	FastFall
699	1575843094991	14.096	1.096	15.243	FastFall
700	1575843094993	14.566	2.169	16.076	FastFall
701	1575843094996	14.839	3.232	16.699	FastFall
702	1575843094998	15.033	4.163	17.024	FastFall
703	1575843095001	15.183	4.922	17.135	FastFall
704	1575843095004	15.413	5.461	17.053	FastFall
705	1575843095005	15.698	5.789	16.933	FastFall
706	1575843095008	15.966	5.913	16.823	FastFall
707	1575843095011	16.242	5.844	16.72	FastFall
708	1575843095013	16.55	5.631	16.529	FastFall
709	1575843095015	16.878	5.372	16.079	FastFall
710	1575843095018	17.118	5.116	15.633	FastFall
711	1575843095020	17.223	4.831	15.231	FastFall
712	1575843095023	17.261	4.525	14.705	FastFall
713	1575843095025	17.168	4.173	14.199	FastFall
714	1575843095028	16.893	3.828	13.8	FastFall
715	1575843095030	16.459	3.546	13.484	FastFall
716	1575843095032	15.851	3.301	13.261	FastFall
717	1575843095035	15.143	3.079	13.103	FastFall
718	1575843095037	14.46	2.859	12.933	FastFall
719	1575843095040	13.828	2.605	12.763	FastFall
720	1575843095042	13.232	2.313	12.624	FastFall
721	1575843095044	12.643	2.011	12.488	FastFall
722	1575843095047	12.042	1.7	12.334	FastFall
723	1575843095049	11.47	1.355	12.155	FastFall
724	1575843095052	10.912	1.003	12.018	FastFall
725	1575843095055	10.477	0.618	11.793	FastFall
726	1575843095057	10.153	0.182	11.298	FastFall
727	1575843095059	9.811	-0.263	10.75	FastFall
728	1575843095062	9.495	-0.723	10.244	FastFall
729	1575843095064	9.181	-1.14	9.696	FastFall
730	1575843095066	8.81	-1.523	9.167	FastFall
731	1575843095069	8.391	-1.875	8.679	FastFall
732	1575843095071	7.929	-2.174	8.217	FastFall
733	1575843095074	7.407	-2.449	7.812	FastFall
734	1575843095076	6.771	-2.681	7.472	FastFall
735	1575843095079	6.122	-2.921	7.146	FastFall
736	1575843095081	5.739	-3.285	6.771	FastFall
737	1575843095084	5.504	-3.718	6.428	FastFall
738	1575843095086	5.2	-4.056	6.342	FastFall
739	1575843095088	4.968	-4.276	6.466	FastFall
740	1575843095091	4.745	-4.506	6.502	FastFall
741	1575843095093	4.367	-4.767	6.387	FastFall
742	1575843095096	3.95	-4.982	6.246	FastFall
743	1575843095098	3.574	-5.2	5.995	FastFall
744	1575843095101	3.184	-5.432	5.708	FastFall
745	1575843095103	2.945	-5.696	5.396	FastFall
746	1575843095106	2.868	-5.957	5.066	FastFall
747	1575843095108	2.796	-6.208	4.7	FastFall
748	1575843095110	2.753	-6.419	4.338	FastFall
749	1575843095113	2.751	-6.488	4.051	FastFall
750	1575843095115	2.746	-6.505	3.804	FastFall
751	1575843095118	2.708	-6.498	3.701	FastFall
752	1575843095120	2.691	-6.474	3.591	FastFall
753	1575843095123	2.677	-6.486	3.397	FastFall
754	1575843095125	2.576	-6.452	3.354	FastFall
755	1575843095127	2.432	-6.344	3.495	FastFall
756	1575843095130	2.329	-6.251	3.649	FastFall
757	1575843095132	2.274	-6.213	3.744	FastFall
758	1575843095135	2.219	-6.203	3.89	FastFall
759	1575843095137	2.159	-6.227	4.041	FastFall
760	1575843095139	2.114	-6.296	4.123	FastFall
761	1575843095142	2.049	-6.366	4.161	FastFall
762	1575843095145	1.978	-6.426	4.214	FastFall
763	1575843095147	1.92	-6.538	4.3	FastFall
764	1575843095149	1.855	-6.749	4.3	FastFall
765	1575843095152	1.779	-6.95	4.209	FastFall
766	1575843095154	1.659	-7.106	4.163	FastFall
767	1575843095157	1.52	-7.297	4.218	FastFall
768	1575843095159	1.415	-7.477	4.23	FastFall
769	1575843095161	1.276	-7.589	4.235	FastFall
770	1575843095164	1.089	-7.668	4.297	FastFall
771	1575843095166	0.91	-7.743	4.336	FastFall
772	1575843095169	0.745	-7.831	4.336	FastFall
773	1575843095171	0.565	-7.893	4.3	FastFall
774	1575843095173	0.362	-7.927	4.238	FastFall
775	1575843095176	0.215	-7.965	4.173	FastFall
776	1575843095179	0.132	-8.03	4.127	FastFall
777	1575843095181	0.079	-8.152	4.103	FastFall
778	1575843095183	0.045	-8.291	4.18	FastFall
779	1575843095188	0.026	-8.401	4.42	FastFall
780	1575843095189	0.034	-8.422	4.858	FastFall
781	1575843095190	0.089	-8.37	5.466	FastFall
782	1575843095193	0.177	-8.324	6.103	FastFall
783	1575843095195	0.249	-8.305	6.677	FastFall
784	1575843095198	0.28	-8.305	7.197	FastFall
785	1575843095200	0.266	-8.296	7.704	FastFall
786	1575843095202	0.22	-8.281	8.205	FastFall
787	1575843095205	0.148	-8.286	8.703	FastFall
788	1575843095207	0.048	-8.327	9.234	FastFall
789	1575843095209	-0.06	-8.439	9.773	FastFall
790	1575843095212	-0.187	-8.65	10.295	FastFall
791	1575843095214	-0.345	-8.944	10.769	FastFall
792	1575843095217	-0.534	-9.272	11.137	FastFall
793	1575843095219	-0.735	-9.6	11.382	FastFall
794	1575843095222	-0.931	-9.919	11.516	FastFall
795	1575843095224	-1.135	-10.218	11.571	FastFall
796	1575843095227	-1.35	-10.472	11.508	FastFall
797	1575843095229	-1.597	-10.697	11.336	FastFall
798	1575843095231	-1.855	-10.872	11.116	FastFall
799	1575843095234	-2.124	-10.991	10.833	FastFall
800	1575843095237	-2.408	-11.058	10.508	FastFall
801	1575843095240	-2.543	-10.881	10.134	FastFall
802	1575843095242	-2.411	-10.407	9.548	FastFall
803	1575843095245	-2.473	-10.201	9.086	FastFall
804	1575843095247	-2.871	-10.364	8.959	FastFall
805	1575843095250	-3.215	-10.51	8.798	FastFall
806	1575843095253	-3.512	-10.445	8.521	FastFall
807	1575843095258	-3.787	-10.252	8.035	FastFall
808	1575843095259	-3.857	-10.18	7.343	FastFall
809	1575843095260	-3.787	-10.201	6.73	FastFall
810	1575843095262	-3.725	-10.199	6.337	FastFall
811	1575843095264	-3.577	-10.053	6.141	FastFall
812	1575843095267	-3.357	-9.813	6.019	FastFall
813	1575843095269	-3.148	-9.684	5.904	FastFall
814	1575843095272	-2.954	-9.648	5.813	FastFall
815	1575843095274	-2.751	-9.552	5.71	FastFall
816	1575843095277	-2.552	-9.442	5.645	FastFall
817	1575843095279	-2.387	-9.373	5.71	FastFall
818	1575843095282	-2.236	-9.315	5.899	FastFall
819	1575843095285	-2.03	-9.191	6.141	FastFall
820	1575843095287	-1.769	-9.009	6.371	FastFall
821	1575843095292	-1.475	-8.798	6.543	FastFall
822	1575843095293	-1.147	-8.53	6.658	FastFall
823	1575843095295	-0.785	-8.219	6.718	FastFall
824	1575843095298	-0.421	-7.881	6.749	FastFall
825	1575843095299	-0.113	-7.594	6.821	FastFall
826	1575843095302	0.115	-7.386	6.917	FastFall
827	1575843095305	3.424	-7.225	15.66	FastFall
828	1575843095308	10.998	-8.322	36.496	FastFall
829	1575843095309	9.098	-7.108	21.932	FastFall
830	1575843095312	2.794	-4.228	-5.49	FastFall
831	1575843095314	2.753	-3.34	-6.117	FastFall
832	1575843095315	2.236	-3.024	-4.996	FastFall
833	1575843095318	1.441	-3.201	-3.12	FastFall
834	1575843095320	0.836	-3.589	-1.575	FastFall
835	1575843095322	0.223	-4.156	-0.457	FastFall
836	1575843095327	-0.433	-4.7	0.385	FastFall
837	1575843095328	-0.977	-5.111	1.475	FastFall
838	1575843095331	1.587	-5.186	17.913	FastFall
839	1575843095334	4.398	-4.795	33.288	FastFall
840	1575843095335	2.303	-4.589	15.526	FastFall
841	1575843095340	0.175	-4.733	-1.843	FastFall
842	1575843095341	0.172	-5.097	-1.535	FastFall
843	1575843095343	-0.134	-5.935	-0.486	FastFall
844	1575843095344	-0.654	-6.883	0.752	FastFall
845	1575843095349	2.234	-6.5	17.949	FastFall
846	1575843095350	3.282	-6.364	25.093	FastFall
847	1575843095354	-0.151	-7.479	7.173	FastFall
848	1575843095355	-1.575	-7.666	-1.051	FastFall
849	1575843095356	-1.499	-6.885	0.026	FastFall
850	1575843095361	2.902	-4.738	16.359	FastFall
851	1575843095362	2.938	-4.692	16.869	FastFall
852	1575843095363	-1.441	-6.311	1.183	FastFall
853	1575843095368	1.077	-5.305	8.511	FastFall
854	1575843095369	2.423	-4.793	12.643	FastFall
855	1575843095370	1.015	-5.291	6.378	FastFall
856	1575843095375	2.942	-4.431	9.572	FastFall
857	1575843095376	4.391	-3.747	10.831	FastFall
858	1575843095379	5.269	-3.242	9.509	FastFall
859	1575843095380	7.106	-2.528	11.882	FastFall
860	1575843095383	7.218	-2.636	12.306	FastFall
861	1575843095385	6.186	-2.971	13.108	FastFall
862	1575843095389	4.4	-3.584	11.575	FastFall
863	1575843095391	2.976	-3.922	11.803	FastFall
864	1575843095393	2.035	-3.833	11.745	FastFall
865	1575843095395	1.472	-3.73	10.73	FastFall
866	1575843095397	1.3	-3.61	10.826	FastFall
867	1575843095403	1.144	-3.589	10.122	FastFall
868	1575843095404	1.302	-3.431	10.062	FastFall
869	1575843095405	1.587	-3.167	10.189	FastFall
870	1575843095407	1.858	-2.78	9.981	FastFall
871	1575843095410	2.073	-2.358	9.715	FastFall
872	1575843095414	2.294	-1.978	9.71	FastFall
873	1575843095415	2.55	-1.58	9.828	FastFall
874	1575843095417	2.677	-1.245	9.514	FastFall
875	1575843095419	2.622	-0.967	9.181	FastFall
876	1575843095422	2.696	-0.347	9.828	FastFall
877	1575843095424	2.763	0.579	9.416	FastFall
878	1575843095426	2.736	1.209	9.751	FastFall
879	1575843095429	2.437	1.362	9.971	FastFall
880	1575843095433	1.985	1.305	8.954	FastFall
881	1575843095434	1.702	1.096	9.05	FastFall
882	1575843095436	1.422	0.769	9.172	FastFall
883	1575843095439	1.13	0.46	9.327	FastFall
884	1575843095442	0.919	0.259	9.014	FastFall
885	1575843095444	0.828	0.062	8.758	FastFall
886	1575843095446	0.785	-0.225	8.686	FastFall
887	1575843095449	0.864	-2.262	25.904	FastFall
888	1575843095451	0.486	-2.679	21.98	FastFall
889	1575843095453	0.101	-1.08	0.857	FastFall
890	1575843095456	0.098	-1.02	0.357	FastFall
891	1575843095458	0.074	-1.056	-0.292	FastFall
892	1575843095460	0.101	-1.041	0.158	FastFall
893	1575843095463	0.041	-1.197	-0.01	FastFall
894	1575843095465	-0.218	-1.776	-0.441	FastFall
895	1575843095468	-0.646	-2.61	-0.589	FastFall
896	1575843095470	-0.821	-2.839	-1.053	FastFall
897	1575843095473	-0.56	-2.42	-1.123	FastFall
898	1575843095475	0.769	-6.493	13.385	FastFall
899	1575843095482	0.445	-6.617	13.026	FastFall
900	1575843095483	-0.886	-2.162	-1.116	FastFall
901	1575843095484	-0.455	-1.963	-2.815	FastFall
902	1575843095485	0.098	-1.989	-6.21	FastFall
903	1575843095488	-0.045	-4.18	-0.675	FastFall
904	1575843095490	-0.177	-3.953	-0.35	FastFall
905	1575843095492	0.163	-0.97	-6.613	FastFall
906	1575843095495	-0.256	-1.741	-3.045	FastFall
907	1575843095497	-0.242	-1.707	-2.653	FastFall
908	1575843095499	1.017	0.785	23.503	FastFall
909	1575843095503	0.517	1.118	26.981	FastFall
910	1575843095504	-0.821	-0.115	-7.079	FastFall
911	1575843095507	-0.785	-0.46	-13.749	FastFall
912	1575843095509	1.125	1.003	10.599	FastFall
913	1575843095512	2.631	1.805	28.076	FastFall
914	1575843095514	1.096	-0.096	6.725	FastFall
915	1575843095517	-0.057	-1.662	-7.419	FastFall
916	1575843095519	2.069	-0.548	19.103	FastFall
917	1575843095522	2.543	-1.48	17.276	FastFall
918	1575843095524	1.779	-2.514	7.807	FastFall
919	1575843095527	2.38	-1.889	14.731	FastFall
920	1575843095528	3.019	-2.162	10.45	FastFall
921	1575843095532	3.57	-0.9	19.131	FastFall
922	1575843095533	3.242	0.055	21.829	FastFall
923	1575843095537	3.139	0.01	18.257	FastFall
924	1575843095538	3.199	-0.019	13.357	FastFall
925	1575843095542	2.227	1.714	22.895	FastFall
926	1575843095543	1.061	0.563	15.48	FastFall
927	1575843095547	0.8	-2.317	-4.127	FastFall
928	1575843095549	0.812	-2.234	-3.96	FastFall
929	1575843095551	0.563	-1.415	-1.875	FastFall
930	1575843095554	0.201	-0.503	-0.998	FastFall
931	1575843095556	0.139	-0.268	-0.385	FastFall
932	1575843095558	0.091	-0.232	-0.113	FastFall
933	1575843095562	0.038	-0.18	-0.266	FastFall
934	1575843095563	0.069	0.024	0.678	FastFall
935	1575843095567	6.603	4.654	29.821	FastFall
936	1575843095568	6.579	4.618	29.68	FastFall
937	1575843095572	0.024	0.048	0.685	FastFall
938	1575843095573	-0.034	-0.031	-0.045	FastFall
939	1575843095575	-0.014	-0.031	-0.06	FastFall
940	1575843095578	-0.022	-0.026	0.096	FastFall
941	1575843095580	-0.019	-0.029	0.017	FastFall
942	1575843095583	4.283	2.258	16.392	FastFall
943	1575843095585	5.77	3.017	23.532	FastFall
944	1575843095588	1.563	0.658	7.134	FastFall
945	1575843095589	0.065	-0.12	-0.29	FastFall
946	1575843095593	-0.139	-0.057	-0.874	FastFall
947	1575843095594	3.301	1.597	12.354	FastFall
948	1575843095598	4.396	1.975	17.446	FastFall
949	1575843095599	0.51	0.326	22.062	FastFall
950	1575843095603	0.436	0.46	18.248	FastFall
951	1575843095605	1.707	0.809	0.211	FastFall
952	1575843095606	2.169	0.78	1.166	FastFall
953	1575843095610	6.56	2.042	18.791	FastFall
954	1575843095613	6.957	1.707	19.21	FastFall
955	1575843095614	-0.366	-0.271	5.121	FastFall
956	1575843095616	-5.6	-3.201	-2.741	FastFall
957	1575843095620	-2.722	1.013	7.711	FastFall
958	1575843095621	0.754	4.142	14.745	FastFall
959	1575843095624	-3.799	-0.182	17.264	FastFall
960	1575843095627	-4.269	-0.445	19.61	FastFall
961	1575843095629	-0.558	0.079	3.278	FastFall
962	1575843095631	-0.084	0.022	-0.077	FastFall
963	1575843095635	1.527	0.663	13.29	FastFall
964	1575843095637	1.013	0.682	13.053	FastFall
965	1575843095638	-0.512	0.192	-5.497	FastFall
966	1575843095640	-2.823	-1.312	5.715	FastFall
967	1575843095644	-3.431	-3.172	24.652	FastFall
968	1575843095645	-0.371	-1.532	15.971	FastFall
969	1575843095649	0.938	0.553	3.816	FastFall
970	1575843095650	4.022	1.994	10.11	FastFall
971	1575843095653	2.179	1.341	9.904	FastFall
972	1575843095655	-1.446	-0.328	6.033	FastFall
973	1575843095659	-0.271	-0.632	10.975	FastFall
974	1575843095661	0.804	0.045	12.339	FastFall
975	1575843095663	0.733	1.262	10.96	FastFall
976	1575843095665	-0.304	0.182	8.049	FastFall
977	1575843095667	-0.22	-0.745	10.139	FastFall
978	1575843095670	0.443	0.335	10.575	FastFall
979	1575843095672	-0.069	0.407	9.014	FastFall
980	1575843095674	-0.06	-0.311	10.292	FastFall
981	1575843095679	0.141	0.06	9.811	FastFall
982	1575843095680	-0.132	0.089	9.631	FastFall
983	1575843095682	0.122	-0.067	9.916	FastFall
984	1575843095684	-0.108	0.045	9.785	FastFall
985	1575843095687	0.048	0.031	9.742	FastFall
986	1575843095689	0.036	-0.005	9.842	FastFall
987	1575843095692	-0.06	0.026	9.756	FastFall
988	1575843095694	0.014	0.01	9.794	FastFall
989	1575843095696	-0.014	0.026	9.799	FastFall
990	1575843095699	-0.012	0.017	9.787	FastFall
991	1575843095702	0.01	-0.002	9.804	FastFall
992	1575843095704	0	0.022	9.78	FastFall
993	1575843095707	-0.007	0.012	9.799	FastFall
994	1575843095709	0.007	0.007	9.792	FastFall
995	1575843095712	0.005	0.014	9.792	FastFall
996	1575843095714	0.002	0.007	9.801	FastFall
997	1575843095716	0.002	0.005	9.792	FastFall
998	1575843095718	0	0.012	9.789	FastFall
999	1575843095722	0.005	0.01	9.794	FastFall
1000	1575843095723	0.007	0.017	9.797	FastFall
1001	1575843095728	-0.002	0.022	9.794	FastFall
1002	1575843095729	-0.005	0.019	9.799	FastFall
1003	1575843095730	0	0.012	9.804	FastFall
1004	1575843095733	0	0.017	9.794	FastFall
1005	1575843095736	-0.002	0.01	9.789	FastFall
1006	1575843095737	0	0.017	9.789	FastFall
1007	1575843095741	-0.002	0.026	9.789	FastFall
1008	1575843095742	0	0.026	9.785	FastFall
1009	1575843095745	0.005	0.017	9.787	FastFall
1010	1575843095747	0.007	0.012	9.789	FastFall
1011	1575843095750	0.002	0.01	9.789	FastFall
1012	1575843095753	0.002	0.026	9.787	FastFall
1013	1575843095754	-0.002	0.038	9.789	FastFall
1014	1575843095757	-0.002	0.029	9.789	FastFall
1015	1575843095760	-0.002	0.014	9.787	FastFall
1016	1575843095762	-0.005	0.014	9.773	FastFall
1017	1575843095764	-0.007	0.029	9.775	FastFall
1018	1575843095766	-0.01	0.005	9.782	FastFall
1019	1575843095769	0.005	0.002	9.789	FastFall
1020	1575843095772	0.01	0.014	9.797	FastFall
1021	1575843095774	0.005	0.019	9.78	FastFall
1022	1575843095776	-0.005	0.034	9.773	FastFall
1023	1575843095778	0	0.017	9.773	FastFall
1024	1575843095782	0.017	0.01	9.782	FastFall
1025	1575843095784	0.012	0.022	9.789	FastFall
1026	1575843095787	0.007	0.026	9.789	FastFall
1027	1575843095789	0.002	0.012	9.797	FastFall
1028	1575843095791	0.002	0.007	9.785	FastFall
1029	1575843095794	0.002	0.014	9.775	FastFall
1030	1575843095796	0.005	0.012	9.785	FastFall
1031	1575843095798	0.002	0.019	9.787	FastFall
1032	1575843095802	-0.005	0.026	9.797	FastFall
1033	1575843095803	0.01	0.034	9.801	FastFall
1034	1575843095806	0.017	0.031	9.801	FastFall
1035	1575843095808	0.002	0.022	9.799	FastFall
1036	1575843095810	-0.007	0.017	9.794	FastFall
1037	1575843095815	-0.007	0.012	9.787	FastFall
1038	1575843095816	0.005	0.017	9.782	FastFall
1039	1575843095818	0.01	0.019	9.789	FastFall
1040	1575843095820	0.01	0.017	9.789	FastFall
1041	1575843095823	0.012	0.017	9.789	FastFall
1042	1575843095825	0.012	0.022	9.804	FastFall
1043	1575843095827	0.007	0.019	9.801	FastFall
1044	1575843095830	0	0.014	9.785	FastFall
1045	1575843095832	0.007	0.019	9.782	FastFall
1046	1575843095835	0.005	0.014	9.787	FastFall
1047	1575843095837	-0.002	0.014	9.782	FastFall
1048	1575843095839	0.002	0.017	9.782	FastFall
1049	1575843095842	0.005	0.019	9.794	FastFall
1050	1575843095845	0	0.029	9.794	FastFall
1051	1575843095847	0.002	0.022	9.782	FastFall
1052	1575843095849	0.005	0.024	9.785	FastFall
1053	1575843095852	0.01	0.019	9.794	FastFall
1054	1575843095854	0.014	0.017	9.785	FastFall
1055	1575843095857	0	0.022	9.78	FastFall
1056	1575843095859	-0.005	0.017	9.794	FastFall
1057	1575843095862	0.007	0.017	9.801	FastFall
1058	1575843095864	-0.002	0.024	9.797	FastFall
1059	1575843095867	0	0.026	9.78	FastFall
1060	1575843095869	0.005	0.022	9.773	FastFall
1061	1575843095873	-0.005	0.002	9.785	FastFall
1062	1575843095874	0.007	0.01	9.789	FastFall
1063	1575843095876	0.01	0.017	9.801	FastFall
1064	1575843095880	-0.002	0.007	9.797	FastFall
1065	1575843095881	0.007	0.014	9.787	FastFall
1066	1575843095883	0.01	0.024	9.787	FastFall
1067	1575843095886	0.005	0.026	9.787	FastFall
1068	1575843095889	0.002	0.026	9.797	FastFall
1069	1575843095891	-0.005	0.031	9.801	FastFall
1070	1575843095893	-0.005	0.036	9.785	FastFall
1071	1575843095895	-0.002	0.026	9.785	FastFall
1072	1575843095898	0	0.012	9.804	FastFall
1073	1575843095900	0.01	0.017	9.794	FastFall
1074	1575843095903	0.005	0.012	9.785	FastFall
1075	1575843095905	0.002	0.01	9.787	FastFall
1076	1575843095909	0.012	0.012	9.787	FastFall
1077	1575843095911	0.017	0.01	9.789	FastFall
1078	1575843095913	0.017	0.017	9.787	FastFall
1079	1575843095915	0.01	0.017	9.787	FastFall
1080	1575843095918	0.01	0.017	9.789	FastFall
1081	1575843095920	0	0.012	9.78	FastFall
1082	1575843095923	0	0.01	9.77	FastFall
1083	1575843095925	0.012	0.017	9.787	FastFall
1084	1575843095929	0.005	0.019	9.799	FastFall
1085	1575843095930	-0.005	0.012	9.794	FastFall
1086	1575843095932	0.005	0.014	9.787	FastFall
1087	1575843095935	0.005	0.026	9.775	FastFall
1088	1575843095937	-0.002	0.022	9.773	FastFall
1089	1575843095940	0.005	0.012	9.775	FastFall
1090	1575843095943	0.005	0.012	9.782	FastFall
1091	1575843095944	-0.002	0.024	9.785	FastFall
1092	1575843095947	0.002	0.024	9.782	FastFall
1093	1575843095950	-0.005	0.005	9.775	FastFall
1094	1575843095952	0	0.005	9.785	FastFall
1095	1575843095954	0.007	0.014	9.801	FastFall
1096	1575843095956	0.005	0.017	9.804	FastFall
1097	1575843095959	0.014	0.019	9.801	FastFall
1098	1575843095963	0.014	0.026	9.787	FastFall
1099	1575843095964	0	0.024	9.782	FastFall
1100	1575843095966	0.002	0.034	9.785	FastFall
1101	1575843095969	0.012	0.034	9.794	FastFall
1102	1575843095973	0.007	0.022	9.801	FastFall
1103	1575843095974	0	0.024	9.799	FastFall
1104	1575843095976	0.007	0.031	9.799	FastFall
1105	1575843095978	0.014	0.022	9.794	FastFall
1106	1575843095981	0.01	0.01	9.789	FastFall
1107	1575843095984	0.01	0.01	9.785	FastFall
1108	1575843095986	0.005	0.022	9.789	FastFall
1109	1575843095988	0	0.031	9.792	FastFall
1110	1575843095991	0	0.031	9.792	FastFall
1111	1575843095993	0	0.024	9.792	FastFall
1112	1575843095996	0	0.012	9.787	FastFall
1113	1575843095998	0.002	0.022	9.785	FastFall
1114	1575843096001	0.007	0.031	9.785	FastFall
1115	1575843096003	0.005	0.022	9.801	FastFall
1116	1575843096005	0.005	0.007	9.809	FastFall
1117	1575843096008	0.002	0.005	9.799	FastFall
1118	1575843096010	0	0.012	9.782	FastFall
1119	1575843096013	-0.005	0.014	9.758	FastFall
1120	1575843096015	-0.005	0.019	9.77	FastFall
1121	1575843096018	0	0.019	9.787	FastFall
1122	1575843096020	0	0.012	9.78	FastFall
1123	1575843096022	-0.002	0.002	9.777	FastFall
1124	1575843096025	0.01	0.002	9.78	FastFall
1125	1575843096027	0.012	0.01	9.792	FastFall
1126	1575843096030	-0.005	0.012	9.799	FastFall
1127	1575843096032	-0.002	0.017	9.797	FastFall
1128	1575843096038	0.01	0.014	9.794	FastFall
1129	1575843096039	0.01	0.017	9.799	FastFall
1130	1575843096040	0.005	0.017	9.797	FastFall
1131	1575843096043	0.005	0.01	9.794	FastFall
1132	1575843096044	0.002	0.01	9.799	FastFall
1133	1575843096048	0.005	0.007	9.792	FastFall
1134	1575843096049	0.007	0.01	9.787	FastFall
1135	1575843096052	0.005	0.014	9.775	FastFall
1136	1575843096062	0	0.017	9.766	FastFall
1137	1575843096063	0.012	0.022	9.785	FastFall
1138	1575843096064	0.007	0.022	9.797	FastFall
1139	1575843096065	-0.014	0.034	9.787	FastFall
1140	1575843096066	-0.01	0.024	9.794	FastFall
1141	1575843096067	-0.002	0.012	9.804	FastFall
1142	1575843096068	0	0.014	9.794	FastFall
1143	1575843096072	0.002	0.012	9.787	FastFall
1144	1575843096074	0	0.017	9.789	FastFall
1145	1575843096076	0.002	0.019	9.782	FastFall
1146	1575843096078	0.005	0.007	9.775	FastFall
1147	1575843096080	-0.005	0.014	9.785	FastFall
1148	1575843096083	-0.012	0.024	9.794	FastFall
1149	1575843096088	-0.005	0.012	9.787	FastFall
1150	1575843096090	-0.007	0.012	9.782	FastFall
1151	1575843096091	-0.017	0.007	9.792	FastFall
1152	1575843096093	-0.017	0.014	9.789	FastFall
1153	1575843096096	-0.005	0.024	9.789	FastFall
1154	1575843096098	0.007	0.019	9.789	FastFall
1155	1575843096100	0.012	0.017	9.794	FastFall
1156	1575843096102	-0.002	0.019	9.804	FastFall
1157	1575843096105	-0.005	0.026	9.792	FastFall
1158	1575843096107	-0.002	0.024	9.78	FastFall
1159	1575843096109	-0.002	0.014	9.789	FastFall
1160	1575843096112	0.007	0.012	9.801	FastFall
1161	1575843096115	0.005	0.022	9.797	FastFall
1162	1575843096117	-0.002	0.026	9.797	FastFall
1163	1575843096120	-0.005	0.022	9.792	FastFall
1164	1575843096122	0.002	0.022	9.782	FastFall
1165	1575843096125	0.007	0.022	9.787	FastFall
1166	1575843096127	0.005	0.014	9.789	FastFall
1167	1575843096133	0.007	0.017	9.797	FastFall
1168	1575843096134	0.005	0.031	9.799	FastFall
1169	1575843096135	0.002	0.029	9.792	FastFall
1170	1575843096136	0	0.024	9.799	FastFall
1171	1575843096140	-0.012	0.014	9.804	FastFall
1172	1575843096141	-0.007	0.014	9.799	FastFall
1173	1575843096144	0.002	0.024	9.785	FastFall
1174	1575843096145	0.005	0.019	9.787	FastFall
1175	1575843096149	0.01	0.012	9.787	FastFall
1176	1575843096151	0.005	0.01	9.782	FastFall
1177	1575843096154	0.002	0.017	9.782	FastFall
1178	1575843096155	0.014	0.017	9.787	FastFall
1179	1575843096158	0.007	0.022	9.78	FastFall
1180	1575843096162	-0.002	0.014	9.78	FastFall
1181	1575843096164	0.005	0.002	9.785	FastFall
1182	1575843096165	-0.007	0.012	9.787	FastFall
1183	1575843096168	-0.007	0.007	9.794	FastFall
1184	1575843096170	0.002	0.005	9.787	FastFall
1185	1575843096173	0	0.019	9.787	FastFall
1186	1575843096176	0.01	0.012	9.785	FastFall
1187	1575843096177	0.01	0	9.782	FastFall
1188	1575843096180	-0.002	0.012	9.78	FastFall
1189	1575843096183	-0.005	0.024	9.789	FastFall
1190	1575843096185	0	0.029	9.804	FastFall
1191	1575843096187	0.002	0.012	9.794	FastFall
1192	1575843096190	0.01	0.005	9.789	FastFall
1193	1575843096192	0.007	0.007	9.785	FastFall
1194	1575843096195	-0.007	0.014	9.78	FastFall
1195	1575843096197	0.005	0.026	9.789	FastFall
1196	1575843096199	0.014	0.026	9.797	FastFall
1197	1575843096204	0.002	0.014	9.789	FastFall
1198	1575843096207	-0.002	0.005	9.78	FastFall
1199	1575843096208	-0.007	0.024	9.78	FastFall
1200	1575843096209	-0.002	0.022	9.78	FastFall
1201	1575843096212	0	0.002	9.777	FastFall
1202	1575843096215	0	0.012	9.789	FastFall
1203	1575843096217	0	0.026	9.794	FastFall
1204	1575843096219	-0.002	0.031	9.792	FastFall
1205	1575843096224	0.002	0.022	9.792	FastFall
1206	1575843096225	-0.002	0.014	9.785	FastFall
1207	1575843096226	0.005	0.019	9.77	FastFall
1208	1575843096229	0.01	0.012	9.768	FastFall
1209	1575843096231	0.002	0.012	9.785	FastFall
1210	1575843096234	0.005	0.01	9.782	FastFall
1211	1575843096236	0.007	0.012	9.787	FastFall
1212	1575843096238	0.005	0.017	9.797	FastFall
1213	1575843096242	0.01	0.022	9.787	FastFall
1214	1575843096243	0.002	0.019	9.785	FastFall
1215	1575843096246	-0.005	0.019	9.785	FastFall
1216	1575843096249	0.01	0.024	9.794	FastFall
1217	1575843096251	0.014	0.026	9.792	FastFall
1218	1575843096253	0.01	0.031	9.792	FastFall
1219	1575843096256	0.005	0.029	9.789	FastFall
1220	1575843096258	-0.002	0.024	9.782	FastFall
1221	1575843096261	0.007	0.024	9.782	FastFall
1222	1575843096263	0.014	0.022	9.777	FastFall
1223	1575843096276	0.014	0.024	9.785	FastFall
1224	1575843096277	0.005	0.036	9.792	FastFall
1225	1575843096278	0	0.034	9.792	FastFall
1226	1575843096279	0.005	0.01	9.799	FastFall
1227	1575843096280	-0.002	0.012	9.801	FastFall
1228	1575843096281	-0.002	0.017	9.797	FastFall
1229	1575843096282	0.01	0.01	9.799	FastFall
1230	1575843096283	0.012	0.017	9.792	FastFall
1231	1575843096285	0.005	0.019	9.777	FastFall
1232	1575843096288	0.002	0.026	9.787	FastFall
1233	1575843096289	0	0.036	9.799	FastFall
1234	1575843096291	-0.007	0.036	9.785	FastFall
1235	1575843096294	-0.005	0.034	9.773	FastFall
1236	1575843096296	0.002	0.029	9.782	FastFall
1237	1575843096299	0.007	0.036	9.787	FastFall
1238	1575843096301	0.01	0.029	9.785	FastFall
1239	1575843096304	0	0.022	9.787	FastFall
1240	1575843096306	0.007	0.017	9.78	FastFall
1241	1575843096310	0.01	0.014	9.777	FastFall
1242	1575843096311	-0.002	0.029	9.77	FastFall
1243	1575843096314	-0.005	0.034	9.789	FastFall
1244	1575843096316	0.002	0.024	9.797	FastFall
1245	1575843096318	0.005	0.019	9.792	FastFall
1246	1575843096321	0.005	0.031	9.799	FastFall
1247	1575843096323	0	0.026	9.794	FastFall
1248	1575843096326	-0.007	0.017	9.785	FastFall
1249	1575843096328	-0.002	0.022	9.78	FastFall
1250	1575843096330	0.002	0.014	9.794	FastFall
1251	1575843096333	0.005	0.01	9.799	FastFall
1252	1575843096335	0.012	0.017	9.789	FastFall
1253	1575843096338	0.01	0.022	9.787	FastFall
1254	1575843096340	-0.002	0.022	9.78	FastFall
1255	1575843096343	-0.005	0.017	9.782	FastFall
1256	1575843096345	0.002	0.012	9.801	FastFall
1257	1575843096348	0.007	0.019	9.804	FastFall
1258	1575843096350	0.01	0.022	9.789	FastFall
1259	1575843096353	0.01	0.024	9.787	FastFall
1260	1575843096355	0.01	0.029	9.792	FastFall
1261	1575843096358	0.002	0.026	9.789	FastFall
1262	1575843096360	0.002	0.019	9.777	FastFall
1263	1575843096363	0.01	0.014	9.78	FastFall
1264	1575843096365	0.01	0.014	9.789	FastFall
1265	1575843096367	0	0.012	9.797	FastFall
1266	1575843096370	0	0.012	9.787	FastFall
1267	1575843096372	0.01	0.017	9.777	FastFall
1268	1575843096374	0.005	0.026	9.799	FastFall
1269	1575843096377	0	0.024	9.816	FastFall
1270	1575843096379	0.002	0.029	9.809	FastFall
1271	1575843096382	0.005	0.029	9.804	FastFall
1272	1575843096384	0.005	0.012	9.794	FastFall
1273	1575843096387	0.005	0.017	9.787	FastFall
1274	1575843096390	-0.002	0.029	9.782	FastFall
1275	1575843096392	-0.01	0.026	9.777	FastFall
1276	1575843096394	-0.005	0.024	9.77	FastFall
1277	1575843096396	0	0.014	9.77	FastFall
1278	1575843096399	0.007	0.005	9.78	FastFall
1279	1575843096402	0.007	0.014	9.792	FastFall
1280	1575843096404	-0.007	0.026	9.804	FastFall
1281	1575843096406	-0.005	0.034	9.799	FastFall
1282	1575843096409	0.014	0.041	9.789	FastFall
1283	1575843096411	0.019	0.034	9.792	FastFall
1284	1575843096414	0.012	0.022	9.799	FastFall
1285	1575843096416	0.002	0.022	9.809	FastFall
1286	1575843096418	0	0.014	9.809	FastFall
1287	1575843096422	0	0.017	9.799	FastFall
1288	1575843096424	-0.002	0.024	9.794	FastFall
1289	1575843096426	-0.012	0.014	9.799	FastFall
1290	1575843096430	-0.007	0.002	9.794	FastFall
1291	1575843096431	0	0.007	9.782	FastFall
1292	1575843096433	0	0.014	9.787	FastFall
1293	1575843096435	0.012	0.026	9.792	FastFall
1294	1575843096437	0.017	0.034	9.792	FastFall
1295	1575843096441	0.01	0.022	9.785	FastFall
1296	1575843096443	-0.005	0.007	9.785	FastFall
1297	1575843096449	0	0.019	9.777	FastFall
1298	1575843096450	0.007	0.017	9.782	FastFall
1299	1575843096453	0	0	9.794	FastFall
1300	1575843096454	0.002	0.026	9.792	FastFall
1301	1575843096455	0.002	0.026	9.806	FastFall
1302	1575843096457	0.002	0.012	9.797	FastFall
1303	1575843096462	0.005	0.012	9.789	FastFall
1304	1575843096463	0.002	0.007	9.792	FastFall
1305	1575843096464	0.002	0.01	9.787	FastFall
1306	1575843096470	-0.002	0.019	9.777	FastFall
1307	1575843096471	0.002	0.017	9.78	FastFall
1308	1575843096472	-0.007	0.014	9.782	FastFall
1309	1575843096477	-0.005	0.026	9.775	FastFall
1310	1575843096478	0.002	0.026	9.78	FastFall
1311	1575843096479	-0.005	0.024	9.78	FastFall
1312	1575843096483	-0.01	0.022	9.787	FastFall
1313	1575843096484	-0.005	0.005	9.785	FastFall
1314	1575843096487	-0.002	0.01	9.773	FastFall
1315	1575843096489	-0.005	0.022	9.78	FastFall
1316	1575843096492	0	0.017	9.78	FastFall
1317	1575843096494	-0.002	0	9.78	FastFall
1318	1575843096496	-0.014	-0.012	9.789	FastFall
1319	1575843096499	-0.01	0.005	9.787	FastFall
1320	1575843096501	-0.005	0.019	9.787	FastFall
1321	1575843096503	0	0.022	9.797	FastFall
1322	1575843096506	0.005	0.029	9.799	FastFall
1323	1575843096509	0.002	0.022	9.789	FastFall
1324	1575843096511	0.005	0.012	9.789	FastFall
1325	1575843096514	0.007	0.019	9.789	FastFall
1326	1575843096515	0.01	0.026	9.78	FastFall
1327	1575843096518	0.002	0.017	9.77	FastFall
1328	1575843096520	0.002	0.017	9.78	FastFall
1329	1575843096523	0.01	0.036	9.787	FastFall
1330	1575843096528	0.014	0.036	9.785	FastFall
1331	1575843096529	0.019	0.031	9.789	FastFall
1332	1575843096530	0.019	0.026	9.797	FastFall
1333	1575843096533	0.007	0.014	9.794	FastFall
1334	1575843096537	0.005	0.012	9.787	FastFall
1335	1575843096538	0.012	0.01	9.775	FastFall
1336	1575843096540	0.01	0.012	9.761	FastFall
1337	1575843096543	0.005	0.012	9.775	FastFall
1338	1575843096545	0	0.014	9.782	FastFall
1339	1575843096547	0.005	0.017	9.78	FastFall
1340	1575843096551	0	0.007	9.792	FastFall
1341	1575843096552	-0.002	0.014	9.804	FastFall
1342	1575843096555	0.005	0.014	9.806	FastFall
1343	1575843096557	-0.01	0.017	9.789	FastFall
1344	1575843096560	-0.014	0.024	9.782	FastFall
1345	1575843096562	-0.005	0.019	9.792	FastFall
1346	1575843096565	0.002	0.017	9.785	FastFall
1347	1575843096567	0	0.017	9.777	FastFall
1348	1575843096572	0.007	0.012	9.773	FastFall
1349	1575843096573	0.005	0.022	9.794	FastFall
1350	1575843096574	-0.005	0.041	9.809	FastFall
1351	1575843096577	0.002	0.034	9.794	FastFall
1352	1575843096579	0	0.024	9.789	FastFall
1353	1575843096581	-0.005	0.031	9.797	FastFall
1354	1575843096584	0.007	0.029	9.806	FastFall
1355	1575843096586	0.007	0.031	9.804	FastFall
1356	1575843096589	0	0.034	9.797	FastFall
1357	1575843096591	0.005	0.031	9.801	FastFall
1358	1575843096593	0.017	0.024	9.806	FastFall
1359	1575843096597	0.007	0.012	9.804	FastFall
1360	1575843096599	-0.007	0.019	9.804	FastFall
1361	1575843096601	-0.017	0.024	9.799	FastFall
1362	1575843096603	-0.01	0.019	9.797	FastFall
1363	1575843096607	0.005	0.026	9.78	FastFall
1364	1575843096608	0.005	0.029	9.782	FastFall
1365	1575843096612	0	0.017	9.797	FastFall
1366	1575843096615	-0.017	0.024	9.789	FastFall
1367	1575843096616	-0.014	0.031	9.789	FastFall
1368	1575843096618	-0.005	0.019	9.787	FastFall
1369	1575843096623	-0.007	0.01	9.785	FastFall
1370	1575843096624	-0.007	0.014	9.789	FastFall
1371	1575843096625	0.002	0.014	9.797	FastFall
1372	1575843096627	0.014	0.014	9.785	FastFall
1373	1575843096630	0.01	0.01	9.789	FastFall
1374	1575843096633	0.005	0.01	9.801	FastFall
1375	1575843096636	0	0.024	9.792	FastFall
1376	1575843096637	-0.005	0.022	9.785	FastFall
1377	1575843096642	-0.007	0.014	9.78	FastFall
1378	1575843096643	-0.002	0.007	9.785	FastFall
1379	1575843096645	0.005	0.005	9.789	FastFall
1380	1575843096647	0	0.007	9.789	FastFall
1381	1575843096650	0.002	0.01	9.789	FastFall
1382	1575843096653	0.012	0.01	9.792	FastFall
1383	1575843096654	0.017	0.019	9.78	FastFall
1384	1575843096658	0.014	0.022	9.78	FastFall
1385	1575843096659	-0.002	0.012	9.792	FastFall
1386	1575843096663	-0.002	0.012	9.787	FastFall
1387	1575843096664	-0.007	0.012	9.782	FastFall
1388	1575843096667	-0.007	0.024	9.785	FastFall
1389	1575843096670	0.007	0.024	9.792	FastFall
1390	1575843096671	-0.002	0.017	9.787	FastFall
1391	1575843096675	-0.007	0.017	9.768	FastFall
1392	1575843096678	-0.002	0.017	9.77	FastFall
1393	1575843096679	0	0.017	9.787	FastFall
1394	1575843096682	0	0.012	9.792	FastFall
1395	1575843096686	-0.005	0.014	9.785	FastFall
1396	1575843096687	0.005	0.026	9.782	FastFall
1397	1575843096688	0.012	0.019	9.785	FastFall
1398	1575843096693	0.019	0.007	9.797	FastFall
1399	1575843096694	0.019	0.017	9.806	FastFall
1400	1575843096696	0.007	0.034	9.794	FastFall
1401	1575843096698	0.01	0.026	9.785	FastFall
1402	1575843096701	0.01	0.024	9.797	FastFall
1403	1575843096703	0	0.024	9.806	FastFall
1404	1575843096705	0	0.014	9.804	FastFall
1405	1575843096708	0.01	0.017	9.794	FastFall
1406	1575843096710	0.005	0.017	9.782	FastFall
1407	1575843096713	-0.007	0.019	9.768	FastFall
1408	1575843096715	0.005	-0.022	9.813	FastFall
1409	1575843096718	0.043	-0.213	9.835	FastFall
1410	1575843096720	0.062	-0.038	9.847	FastFall
1411	1575843096723	-0.074	0.443	9.818	FastFall
1412	1575843096725	0.072	0.196	9.636	FastFall
1413	1575843096729	0.105	-0.122	9.701	FastFall
1414	1575843096730	-0.225	-0.007	9.888	FastFall
1415	1575843096732	-0.077	-0.014	9.813	FastFall
1416	1575843096734	0.103	0.005	9.713	FastFall
1417	1575843096736	-0.029	0.007	9.804	FastFall
1418	1575843096739	-0.041	-0.017	9.84	FastFall
1419	1575843096742	0.012	0.036	9.766	FastFall
1420	1575843096744	-0.017	0.029	9.787	FastFall
1421	1575843096746	-0.024	0.01	9.797	FastFall
1422	1575843096748	-0.005	0.022	9.787	FastFall
1423	1575843096751	-0.019	0.024	9.792	FastFall
1424	1575843096753	-0.026	0.038	9.789	FastFall
1425	1575843096756	-0.007	0.029	9.773	FastFall
1426	1575843096759	-0.01	0.029	9.785	FastFall
1427	1575843096761	-0.012	0.036	9.806	FastFall
1428	1575843096763	-0.01	0.036	9.804	FastFall
1429	1575843096766	0.002	0.031	9.789	FastFall
1430	1575843096769	0.01	0.019	9.794	FastFall
1431	1575843096771	-0.002	0.026	9.797	FastFall
1432	1575843096774	0	0.038	9.785	FastFall
1433	1575843096776	0	0	9.787	FastFall
1434	1575843096778	-0.007	-0.019	9.792	FastFall
1435	1575843096781	-0.002	0.017	9.787	FastFall
1436	1575843096783	0	0.038	9.787	FastFall
1437	1575843096785	-0.002	0.031	9.801	FastFall
1438	1575843096787	-0.007	0.031	9.792	FastFall
1439	1575843096790	-0.01	0.041	9.782	FastFall
