1	1575941098501	-5.267	-7.573	3.562	hffall
2	1575941098502	-5.265	-7.585	3.567	hffall
3	1575941098503	-5.253	-7.594	3.572	hffall
4	1575941098524	-5.25	-7.592	3.574	hffall
5	1575941098525	-5.243	-7.575	3.582	hffall
6	1575941098526	-5.245	-7.575	3.584	hffall
7	1575941098527	-5.241	-7.57	3.565	hffall
8	1575941098528	-5.236	-7.553	3.56	hffall
9	1575941098529	-5.234	-7.546	3.562	hffall
10	1575941098530	-5.222	-7.541	3.55	hffall
11	1575941098531	-5.222	-7.532	3.553	hffall
12	1575941098532	-5.217	-7.51	3.553	hffall
13	1575941098533	-5.202	-7.498	3.555	hffall
14	1575941098534	-5.193	-7.491	3.543	hffall
15	1575941098535	-5.193	-7.491	3.543	hffall
16	1575941098570	-5.193	-7.482	3.534	hffall
17	1575941098571	-5.212	-7.474	3.529	hffall
18	1575941098572	-5.226	-7.453	3.503	hffall
19	1575941098573	-5.226	-7.45	3.493	hffall
20	1575941098574	-5.229	-7.436	3.5	hffall
21	1575941098575	-5.241	-7.426	3.491	hffall
22	1575941098576	-5.26	-7.438	3.467	hffall
23	1575941098577	-5.274	-7.431	3.459	hffall
24	1575941098578	-5.284	-7.422	3.448	hffall
25	1575941098579	-5.301	-7.426	3.424	hffall
26	1575941098580	-5.315	-7.448	3.424	hffall
27	1575941098581	-5.308	-7.448	3.426	hffall
28	1575941098582	-5.305	-7.448	3.414	hffall
29	1575941098583	-5.32	-7.448	3.409	hffall
30	1575941098584	-5.324	-7.458	3.409	hffall
31	1575941098585	-5.32	-7.465	3.407	hffall
32	1575941098586	-5.313	-7.472	3.414	hffall
33	1575941098587	-5.31	-7.486	3.419	hffall
34	1575941098588	-5.313	-7.479	3.416	hffall
35	1575941098589	-5.303	-7.467	3.414	hffall
36	1575941098590	-5.293	-7.489	3.419	hffall
37	1575941098591	-5.289	-7.503	3.426	hffall
38	1575941098592	-5.284	-7.513	3.431	hffall
39	1575941098593	-5.272	-7.52	3.44	hffall
40	1575941098594	-5.267	-7.51	3.45	hffall
41	1575941098595	-5.265	-7.503	3.452	hffall
42	1575941098596	-5.253	-7.508	3.45	hffall
43	1575941098597	-5.248	-7.544	3.428	hffall
44	1575941098598	-5.238	-7.565	3.409	hffall
45	1575941098599	-5.234	-7.551	3.404	hffall
46	1575941098600	-5.217	-7.553	3.392	hffall
47	1575941098602	-5.195	-7.553	3.383	hffall
48	1575941098605	-5.193	-7.553	3.388	hffall
49	1575941098607	-5.186	-7.563	3.376	hffall
50	1575941098609	-5.162	-7.573	3.373	hffall
51	1575941098612	-5.14	-7.585	3.392	hffall
52	1575941098615	-5.131	-7.596	3.39	hffall
53	1575941098617	-5.119	-7.599	3.392	hffall
54	1575941098619	-5.121	-7.599	3.38	hffall
55	1575941098622	-5.131	-7.604	3.39	hffall
56	1575941098624	-5.123	-7.606	3.407	hffall
57	1575941098627	-5.131	-7.601	3.4	hffall
58	1575941098629	-5.157	-7.596	3.404	hffall
59	1575941098631	-5.162	-7.604	3.407	hffall
60	1575941098635	-5.15	-7.604	3.395	hffall
61	1575941098637	-5.14	-7.604	3.38	hffall
62	1575941098640	-5.135	-7.618	3.34	hffall
63	1575941098641	-5.14	-7.62	3.311	hffall
64	1575941098644	-5.15	-7.616	3.297	hffall
65	1575941098648	-5.15	-7.611	3.28	hffall
66	1575941098649	-5.157	-7.604	3.268	hffall
67	1575941098650	-5.178	-7.589	3.239	hffall
68	1575941098653	-5.186	-7.57	3.239	hffall
69	1575941098655	-5.188	-7.568	3.254	hffall
70	1575941098658	-5.205	-7.561	3.256	hffall
71	1575941098660	-5.214	-7.544	3.261	hffall
72	1575941098665	-5.212	-7.549	3.263	hffall
73	1575941098667	-5.229	-7.565	3.273	hffall
74	1575941098669	-5.243	-7.573	3.282	hffall
75	1575941098673	-5.241	-7.561	3.282	hffall
76	1575941098674	-5.229	-7.551	3.282	hffall
77	1575941098675	-5.231	-7.537	3.292	hffall
78	1575941098677	-5.238	-7.537	3.294	hffall
79	1575941098682	-5.241	-7.546	3.297	hffall
80	1575941098683	-5.234	-7.556	3.297	hffall
81	1575941098685	-5.222	-7.573	3.297	hffall
82	1575941098688	-5.224	-7.565	3.301	hffall
83	1575941098689	-5.222	-7.565	3.306	hffall
84	1575941098691	-5.229	-7.577	3.313	hffall
85	1575941098694	-5.245	-7.577	3.318	hffall
86	1575941098698	-5.238	-7.573	3.321	hffall
87	1575941098699	-5.234	-7.57	3.311	hffall
88	1575941098701	-5.243	-7.565	3.311	hffall
89	1575941098705	-5.238	-7.561	3.306	hffall
90	1575941098706	-5.226	-7.568	3.292	hffall
91	1575941098708	-5.217	-7.573	3.282	hffall
92	1575941098711	-5.207	-7.582	3.282	hffall
93	1575941098714	-5.212	-7.589	3.292	hffall
94	1575941098716	-5.212	-7.585	3.285	hffall
95	1575941098722	-5.193	-7.594	3.273	hffall
96	1575941098723	-5.178	-7.608	3.294	hffall
97	1575941098724	-5.176	-7.63	3.321	hffall
98	1575941098725	-5.166	-7.642	3.333	hffall
99	1575941098728	-5.164	-7.644	3.352	hffall
100	1575941098731	-5.157	-7.642	3.364	hffall
101	1575941098733	-5.14	-7.654	3.376	hffall
102	1575941098735	-5.135	-7.666	3.392	hffall
103	1575941098738	-5.133	-7.668	3.404	hffall
104	1575941098740	-5.128	-7.683	3.402	hffall
105	1575941098743	-5.128	-7.687	3.395	hffall
106	1575941098745	-5.128	-7.68	3.404	hffall
107	1575941098747	-5.119	-7.69	3.392	hffall
108	1575941098750	-5.114	-7.702	3.385	hffall
109	1575941098752	-5.116	-7.709	3.385	hffall
110	1575941098755	-5.121	-7.738	3.4	hffall
111	1575941098757	-5.119	-7.764	3.459	hffall
112	1575941098759	-5.107	-7.798	3.505	hffall
113	1575941098763	-5.099	-7.829	3.534	hffall
114	1575941098765	-5.097	-7.85	3.572	hffall
115	1575941098767	-5.09	-7.865	3.608	hffall
116	1575941098769	-5.092	-7.869	3.634	hffall
117	1575941098772	-5.107	-7.881	3.653	hffall
118	1575941098774	-5.128	-7.893	3.661	hffall
119	1575941098777	-5.169	-7.898	3.653	hffall
120	1575941098779	-5.212	-7.891	3.665	hffall
121	1575941098782	-5.229	-7.881	3.706	hffall
122	1575941098784	-5.217	-7.877	3.728	hffall
123	1575941098787	-5.195	-7.881	3.744	hffall
124	1575941098789	-5.171	-7.881	3.754	hffall
125	1575941098792	-5.14	-7.881	3.73	hffall
126	1575941098794	-5.131	-7.872	3.677	hffall
127	1575941098797	-5.145	-7.857	3.632	hffall
128	1575941098799	-5.157	-7.845	3.603	hffall
129	1575941098801	-5.159	-7.814	3.574	hffall
130	1575941098804	-5.147	-7.8	3.543	hffall
131	1575941098806	-5.128	-7.798	3.515	hffall
132	1575941098809	-5.128	-7.783	3.517	hffall
133	1575941098811	-5.145	-7.786	3.538	hffall
134	1575941098814	-5.152	-7.817	3.562	hffall
135	1575941098816	-5.135	-7.843	3.613	hffall
136	1575941098818	-5.116	-7.872	3.613	hffall
137	1575941098821	-5.095	-7.891	3.617	hffall
138	1575941098823	-5.085	-7.898	3.658	hffall
139	1575941098827	-5.104	-7.905	3.677	hffall
140	1575941098829	-5.131	-7.877	3.701	hffall
141	1575941098831	-5.157	-7.843	3.708	hffall
142	1575941098833	-5.193	-7.817	3.682	hffall
143	1575941098835	-5.217	-7.776	3.634	hffall
144	1575941098838	-5.222	-7.74	3.574	hffall
145	1575941098840	-5.214	-7.711	3.483	hffall
146	1575941098843	-5.198	-7.69	3.392	hffall
147	1575941098845	-5.181	-7.661	3.311	hffall
148	1575941098848	-5.169	-7.62	3.232	hffall
149	1575941098852	-5.147	-7.592	3.175	hffall
150	1575941098853	-5.131	-7.585	3.148	hffall
151	1575941098855	-5.133	-7.599	3.11	hffall
152	1575941098859	-5.131	-7.608	3.064	hffall
153	1575941098862	-5.126	-7.613	3.036	hffall
154	1575941098864	-5.119	-7.632	3.031	hffall
155	1575941098866	-5.097	-7.654	3.055	hffall
156	1575941098867	-5.066	-7.664	3.093	hffall
157	1575941098873	-5.047	-7.678	3.124	hffall
158	1575941098874	-5.035	-7.709	3.151	hffall
159	1575941098875	-5.011	-7.757	3.22	hffall
160	1575941098878	-4.977	-7.788	3.297	hffall
161	1575941098879	-4.941	-7.826	3.383	hffall
162	1575941098883	-4.91	-7.877	3.459	hffall
163	1575941098884	-4.874	-7.92	3.505	hffall
164	1575941098888	-4.846	-7.946	3.553	hffall
165	1575941098892	-4.831	-7.958	3.61	hffall
166	1575941098893	-4.829	-7.965	3.653	hffall
167	1575941098894	-4.824	-7.984	3.673	hffall
168	1575941098896	-4.817	-8.006	3.67	hffall
169	1575941098899	-4.795	-8.015	3.644	hffall
170	1575941098901	-4.781	-8.027	3.629	hffall
171	1575941098904	-4.779	-8.015	3.617	hffall
172	1575941098906	-4.769	-7.989	3.603	hffall
173	1575941098909	-4.769	-7.965	3.586	hffall
174	1575941098911	-4.757	-7.953	3.57	hffall
175	1575941098915	-4.731	-7.922	3.558	hffall
176	1575941098917	-4.721	-7.877	3.527	hffall
177	1575941098919	-4.733	-7.843	3.481	hffall
178	1575941098923	-4.745	-7.79	3.448	hffall
179	1575941098924	-4.759	-7.752	3.416	hffall
180	1575941098929	-4.769	-7.723	3.39	hffall
181	1575941098930	-4.769	-7.68	3.337	hffall
182	1575941098931	-4.774	-7.659	3.278	hffall
183	1575941098934	-4.786	-7.625	3.249	hffall
184	1575941098935	-4.8	-7.585	3.237	hffall
185	1575941098938	-4.807	-7.546	3.22	hffall
186	1575941098942	-4.812	-7.522	3.182	hffall
187	1575941098944	-4.81	-7.503	3.136	hffall
188	1575941098945	-4.807	-7.479	3.108	hffall
189	1575941098948	-4.829	-7.467	3.084	hffall
190	1575941098950	-4.846	-7.467	3.06	hffall
191	1575941098954	-4.858	-7.484	3.041	hffall
192	1575941098956	-4.882	-7.501	3.048	hffall
193	1575941098959	-4.903	-7.529	3.064	hffall
194	1575941098960	-4.915	-7.549	3.072	hffall
195	1575941098964	-4.929	-7.544	3.098	hffall
196	1575941098965	-4.939	-7.539	3.117	hffall
197	1575941098968	-4.953	-7.539	3.122	hffall
198	1575941098970	-4.968	-7.549	3.122	hffall
199	1575941098972	-4.973	-7.561	3.134	hffall
200	1575941098974	-4.98	-7.553	3.155	hffall
201	1575941098978	-5.004	-7.553	3.165	hffall
202	1575941098979	-5.032	-7.551	3.17	hffall
203	1575941098983	-5.059	-7.549	3.189	hffall
204	1575941098985	-5.075	-7.568	3.208	hffall
205	1575941098987	-5.078	-7.606	3.222	hffall
206	1575941098989	-5.085	-7.64	3.256	hffall
207	1575941098992	-5.087	-7.666	3.292	hffall
208	1575941098994	-5.095	-7.687	3.323	hffall
209	1575941098997	-5.104	-7.699	3.349	hffall
210	1575941098999	-5.099	-7.714	3.376	hffall
211	1575941099001	-5.107	-7.714	3.4	hffall
212	1575941099004	-5.104	-7.719	3.414	hffall
213	1575941099007	-5.097	-7.733	3.428	hffall
214	1575941099008	-5.097	-7.745	3.445	hffall
215	1575941099011	-5.09	-7.757	3.457	hffall
216	1575941099014	-5.066	-7.75	3.455	hffall
217	1575941099015	-5.056	-7.743	3.45	hffall
218	1575941099018	-5.066	-7.769	3.44	hffall
219	1575941099021	-5.066	-7.8	3.428	hffall
220	1575941099023	-5.059	-7.814	3.436	hffall
221	1575941099026	-5.047	-7.845	3.452	hffall
222	1575941099028	-5.037	-7.867	3.457	hffall
223	1575941099030	-5.006	-7.857	3.462	hffall
224	1575941099033	-4.953	-7.86	3.471	hffall
225	1575941099035	-4.898	-7.843	3.455	hffall
226	1575941099037	-4.87	-7.826	3.428	hffall
227	1575941099040	-4.822	-7.822	3.404	hffall
228	1575941099042	-4.774	-7.814	3.38	hffall
229	1575941099045	-4.733	-7.812	3.34	hffall
230	1575941099047	-4.695	-7.817	3.294	hffall
231	1575941099050	-4.673	-7.836	3.263	hffall
232	1575941099052	-4.647	-7.831	3.246	hffall
233	1575941099054	-4.633	-7.824	3.258	hffall
234	1575941099057	-4.618	-7.833	3.285	hffall
235	1575941099059	-4.604	-7.831	3.297	hffall
236	1575941099062	-4.587	-7.824	3.311	hffall
237	1575941099064	-4.568	-7.819	3.316	hffall
238	1575941099069	-4.558	-7.836	3.301	hffall
239	1575941099070	-4.542	-7.845	3.294	hffall
240	1575941099072	-4.532	-7.853	3.301	hffall
241	1575941099077	-4.537	-7.874	3.325	hffall
242	1575941099078	-4.544	-7.901	3.337	hffall
243	1575941099079	-4.561	-7.915	3.361	hffall
244	1575941099088	-4.575	-7.908	3.404	hffall
245	1575941099089	-4.597	-7.901	3.438	hffall
246	1575941099090	-4.613	-7.901	3.457	hffall
247	1575941099091	-4.633	-7.917	3.467	hffall
248	1575941099092	-4.645	-7.92	3.464	hffall
249	1575941099095	-4.633	-7.903	3.455	hffall
250	1575941099099	-4.599	-7.896	3.443	hffall
251	1575941099100	-4.585	-7.91	3.414	hffall
252	1575941099102	-4.58	-7.922	3.361	hffall
253	1575941099104	-4.561	-7.932	3.321	hffall
254	1575941099105	-4.539	-7.944	3.289	hffall
255	1575941099108	-4.51	-7.951	3.254	hffall
256	1575941099110	-4.482	-7.965	3.237	hffall
257	1575941099115	-4.47	-7.992	3.222	hffall
258	1575941099116	-4.453	-8.011	3.218	hffall
259	1575941099117	-4.436	-8.008	3.218	hffall
260	1575941099120	-4.429	-7.996	3.199	hffall
261	1575941099123	-4.417	-7.992	3.182	hffall
262	1575941099125	-4.412	-7.977	3.163	hffall
263	1575941099127	-4.4	-7.968	3.153	hffall
264	1575941099130	-4.381	-7.968	3.139	hffall
265	1575941099134	-4.352	-7.968	3.134	hffall
266	1575941099135	-4.307	-7.956	3.117	hffall
267	1575941099137	-4.269	-7.953	3.081	hffall
268	1575941099139	-4.247	-7.946	3.055	hffall
269	1575941099142	-4.218	-7.939	3.029	hffall
270	1575941099144	-4.178	-7.939	2.981	hffall
271	1575941099147	-4.137	-7.927	2.918	hffall
272	1575941099149	-4.101	-7.927	2.863	hffall
273	1575941099151	-4.07	-7.941	2.806	hffall
274	1575941099154	-4.044	-7.953	2.775	hffall
275	1575941099156	-4.02	-7.977	2.758	hffall
276	1575941099159	-3.996	-8.006	2.736	hffall
277	1575941099161	-3.974	-8.015	2.727	hffall
278	1575941099164	-3.965	-8.03	2.722	hffall
279	1575941099166	-3.962	-8.063	2.746	hffall
280	1575941099169	-3.953	-8.102	2.775	hffall
281	1575941099171	-3.938	-8.128	2.787	hffall
282	1575941099174	-3.929	-8.15	2.794	hffall
283	1575941099176	-3.936	-8.183	2.803	hffall
284	1575941099179	-3.943	-8.19	2.823	hffall
285	1575941099181	-3.95	-8.183	2.837	hffall
286	1575941099184	-3.957	-8.185	2.851	hffall
287	1575941099186	-3.953	-8.185	2.897	hffall
288	1575941099188	-3.943	-8.173	2.981	hffall
289	1575941099191	-3.926	-8.15	3.086	hffall
290	1575941099193	-3.914	-8.123	3.177	hffall
291	1575941099196	-3.905	-8.111	3.234	hffall
292	1575941099199	-3.895	-8.109	3.287	hffall
293	1575941099201	-3.888	-8.109	3.313	hffall
294	1575941099203	-3.871	-8.099	3.304	hffall
295	1575941099205	-3.854	-8.082	3.266	hffall
296	1575941099208	-3.833	-8.047	3.177	hffall
297	1575941099211	-3.831	-7.996	3.076	hffall
298	1575941099213	-3.838	-7.963	2.94	hffall
299	1575941099215	-3.792	-7.951	2.794	hffall
300	1575941099218	-3.761	-7.97	2.629	hffall
301	1575941099221	-3.775	-7.989	2.466	hffall
302	1575941099223	-3.821	-7.989	2.344	hffall
303	1575941099225	-3.907	-7.987	2.227	hffall
304	1575941099227	-3.984	-7.994	2.126	hffall
305	1575941099230	-4.053	-8.008	2.059	hffall
306	1575941099232	-4.125	-8.006	1.997	hffall
307	1575941099235	-4.187	-7.994	1.908	hffall
308	1575941099237	-4.233	-7.972	1.843	hffall
309	1575941099240	-4.259	-7.953	1.76	hffall
310	1575941099242	-4.285	-7.936	1.647	hffall
311	1575941099245	-4.293	-7.927	1.554	hffall
312	1575941099248	-4.29	-7.98	1.489	hffall
313	1575941099250	-4.29	-8.075	1.46	hffall
314	1575941099253	-4.278	-8.205	1.441	hffall
315	1575941099255	-4.278	-8.353	1.422	hffall
316	1575941099260	-4.269	-8.478	1.427	hffall
317	1575941099261	-4.247	-8.566	1.432	hffall
318	1575941099262	-4.233	-8.659	1.451	hffall
319	1575941099264	-4.221	-8.724	1.518	hffall
320	1575941099267	-4.187	-8.746	1.597	hffall
321	1575941099270	-4.135	-8.746	1.681	hffall
322	1575941099273	-4.068	-8.738	1.752	hffall
323	1575941099274	-3.998	-8.726	1.764	hffall
324	1575941099279	-3.912	-8.686	1.736	hffall
325	1575941099280	-3.826	-8.612	1.726	hffall
326	1575941099282	-3.766	-8.53	1.693	hffall
327	1575941099286	-3.716	-8.451	1.602	hffall
328	1575941099287	-3.67	-8.36	1.508	hffall
329	1575941099290	-3.639	-8.26	1.427	hffall
330	1575941099291	-3.617	-8.157	1.334	hffall
331	1575941099294	-3.606	-8.056	1.262	hffall
332	1575941099296	-3.613	-7.953	1.231	hffall
333	1575941099299	-3.639	-7.865	1.223	hffall
334	1575941099301	-3.675	-7.79	1.216	hffall
335	1575941099304	-3.706	-7.704	1.197	hffall
336	1575941099305	-3.742	-7.616	1.183	hffall
337	1575941099309	-3.797	-7.541	1.176	hffall
338	1575941099311	-3.857	-7.453	1.192	hffall
339	1575941099313	-3.902	-7.376	1.238	hffall
340	1575941099315	-3.95	-7.316	1.312	hffall
341	1575941099319	-3.991	-7.233	1.389	hffall
342	1575941099321	-4.02	-7.149	1.441	hffall
343	1575941099323	-4.039	-7.079	1.441	hffall
344	1575941099325	-4.053	-7	1.389	hffall
345	1575941099328	-4.065	-6.914	1.357	hffall
346	1575941099331	-4.063	-6.873	1.336	hffall
347	1575941099332	-4.048	-6.895	1.281	hffall
348	1575941099335	-4.005	-6.979	1.164	hffall
349	1575941099340	-3.943	-7.089	1.044	hffall
350	1575941099341	-3.893	-7.17	0.97	hffall
351	1575941099342	-3.859	-7.216	0.893	hffall
352	1575941099345	-3.857	-7.247	0.852	hffall
353	1575941099349	-3.878	-7.278	0.848	hffall
354	1575941099350	-3.926	-7.288	0.845	hffall
355	1575941099353	-3.986	-7.278	0.871	hffall
356	1575941099354	-4.048	-7.268	0.874	hffall
357	1575941099357	-4.099	-7.264	0.819	hffall
358	1575941099359	-4.149	-7.257	0.759	hffall
359	1575941099362	-4.19	-7.23	0.694	hffall
360	1575941099365	-4.209	-7.168	0.622	hffall
361	1575941099368	-4.23	-7.079	0.553	hffall
362	1575941099369	-4.226	-7	0.508	hffall
363	1575941099374	-4.197	-6.921	0.455	hffall
364	1575941099376	-4.197	-6.814	0.359	hffall
365	1575941099377	-4.211	-6.706	0.218	hffall
366	1575941099381	-4.199	-6.605	0.036	hffall
367	1575941099382	-4.178	-6.51	-0.168	hffall
368	1575941099385	-4.156	-6.431	-0.357	hffall
369	1575941099386	-4.12	-6.373	-0.527	hffall
370	1575941099390	-4.068	-6.311	-0.68	hffall
371	1575941099393	-3.993	-6.277	-0.802	hffall
372	1575941099395	-3.919	-6.296	-0.912	hffall
373	1575941099396	-3.847	-6.361	-1.006	hffall
374	1575941099398	-3.802	-6.476	-1.092	hffall
375	1575941099402	-3.759	-6.636	-1.187	hffall
376	1575941099403	-3.716	-6.818	-1.312	hffall
377	1575941099405	-3.694	-7.019	-1.446	hffall
378	1575941099408	-3.692	-7.225	-1.571	hffall
379	1575941099411	-3.704	-7.398	-1.671	hffall
380	1575941099414	-3.718	-7.537	-1.731	hffall
381	1575941099417	-3.735	-7.644	-1.745	hffall
382	1575941099418	-3.759	-7.714	-1.724	hffall
383	1575941099431	-3.785	-7.731	-1.707	hffall
384	1575941099432	-3.799	-7.719	-1.741	hffall
385	1575941099433	-3.807	-7.678	-1.827	hffall
386	1575941099434	-3.819	-7.611	-1.889	hffall
387	1575941099435	-3.809	-7.537	-1.937	hffall
388	1575941099436	-3.78	-7.45	-2.023	hffall
389	1575941099437	-3.747	-7.364	-2.09	hffall
390	1575941099438	-3.696	-7.268	-2.092	hffall
391	1575941099440	-3.656	-7.168	-2.085	hffall
392	1575941099443	-3.634	-7.101	-2.08	hffall
393	1575941099446	-3.608	-7.079	-2.071	hffall
394	1575941099448	-3.586	-7.082	-2.059	hffall
395	1575941099449	-3.56	-7.108	-2.042	hffall
396	1575941099455	-3.538	-7.166	-2.009	hffall
397	1575941099456	-3.517	-7.242	-1.944	hffall
398	1575941099457	-3.474	-7.321	-1.846	hffall
399	1575941099460	-3.426	-7.376	-1.729	hffall
400	1575941099461	-3.404	-7.388	-1.638	hffall
401	1575941099464	-3.402	-7.371	-1.592	hffall
402	1575941099467	-3.383	-7.324	-1.585	hffall
403	1575941099469	-3.337	-7.245	-1.616	hffall
404	1575941099472	-3.28	-7.144	-1.7	hffall
405	1575941099474	-3.227	-7.027	-1.798	hffall
406	1575941099478	-3.194	-6.897	-1.903	hffall
407	1575941099480	-3.163	-6.749	-2.013	hffall
408	1575941099481	-3.146	-6.601	-2.102	hffall
409	1575941099485	-3.165	-6.454	-2.157	hffall
410	1575941099486	-3.199	-6.289	-2.183	hffall
411	1575941099489	-3.254	-6.115	-2.198	hffall
412	1575941099491	-3.328	-5.94	-2.243	hffall
413	1575941099496	-3.416	-5.789	-2.349	hffall
414	1575941099497	-3.534	-5.684	-2.478	hffall
415	1575941099499	-3.665	-5.59	-2.607	hffall
416	1575941099500	-3.79	-5.542	-2.71	hffall
417	1575941099505	-3.91	-5.559	-2.796	hffall
418	1575941099506	-4.036	-5.576	-2.88	hffall
419	1575941099508	-4.166	-5.573	-2.954	hffall
420	1575941099511	-4.302	-5.564	-3.041	hffall
421	1575941099513	-4.451	-5.528	-3.136	hffall
422	1575941099515	-4.563	-5.485	-3.232	hffall
423	1575941099517	-4.647	-5.451	-3.345	hffall
424	1575941099522	-4.721	-5.415	-3.469	hffall
425	1575941099524	-4.769	-5.399	-3.579	hffall
426	1575941099525	-4.795	-5.401	-3.685	hffall
427	1575941099528	-4.819	-5.401	-3.807	hffall
428	1575941099529	-4.848	-5.403	-3.914	hffall
429	1575941099532	-4.848	-5.411	-4.02	hffall
430	1575941099535	-4.843	-5.413	-4.12	hffall
431	1575941099539	-4.829	-5.415	-4.214	hffall
432	1575941099540	-4.788	-5.399	-4.3	hffall
433	1575941099542	-4.712	-5.363	-4.396	hffall
434	1575941099547	-4.616	-5.324	-4.491	hffall
435	1575941099548	-4.532	-5.265	-4.554	hffall
436	1575941099549	-4.427	-5.181	-4.657	hffall
437	1575941099553	-4.297	-5.107	-4.788	hffall
438	1575941099555	-4.175	-5.042	-4.886	hffall
439	1575941099556	-4.051	-4.97	-4.968	hffall
440	1575941099560	-3.926	-4.896	-5.035	hffall
441	1575941099562	-3.807	-4.827	-5.068	hffall
442	1575941099564	-3.687	-4.779	-5.047	hffall
443	1575941099566	-3.586	-4.747	-5.013	hffall
444	1575941099569	-3.517	-4.728	-4.973	hffall
445	1575941099574	-3.469	-4.731	-4.889	hffall
446	1575941099575	-3.431	-4.745	-4.798	hffall
447	1575941099576	-3.409	-4.767	-4.731	hffall
448	1575941099579	-3.414	-4.791	-4.688	hffall
449	1575941099581	-3.428	-4.781	-4.683	hffall
450	1575941099584	-3.428	-4.75	-4.707	hffall
451	1575941099586	-3.419	-4.716	-4.712	hffall
452	1575941099590	-3.395	-4.704	-4.685	hffall
453	1575941099591	-3.364	-4.726	-4.645	hffall
454	1575941099594	-3.347	-4.759	-4.582	hffall
455	1575941099595	-3.333	-4.815	-4.499	hffall
456	1575941099599	-3.347	-4.86	-4.396	hffall
457	1575941099601	-3.402	-4.896	-4.29	hffall
458	1575941099604	-3.467	-4.934	-4.199	hffall
459	1575941099605	-3.55	-4.951	-4.137	hffall
460	1575941099618	-3.615	-4.927	-4.084	hffall
461	1575941099619	-3.649	-4.889	-4.034	hffall
462	1575941099620	-3.668	-4.848	-4.003	hffall
463	1575941099621	-3.653	-4.781	-3.998	hffall
464	1575941099622	-3.627	-4.704	-4.01	hffall
465	1575941099623	-3.591	-4.599	-4.017	hffall
466	1575941099624	-3.546	-4.465	-4.041	hffall
467	1575941099625	-3.505	-4.319	-4.096	hffall
468	1575941099627	-3.469	-4.154	-4.147	hffall
469	1575941099630	-3.428	-3.977	-4.202	hffall
470	1575941099632	-3.39	-3.797	-4.259	hffall
471	1575941099635	-3.364	-3.615	-4.321	hffall
472	1575941099637	-3.347	-3.44	-4.393	hffall
473	1575941099640	-3.333	-3.275	-4.453	hffall
474	1575941099642	-3.304	-3.136	-4.479	hffall
475	1575941099644	-3.275	-3.007	-4.472	hffall
476	1575941099649	-3.266	-2.89	-4.47	hffall
477	1575941099650	-3.268	-2.803	-4.47	hffall
478	1575941099652	-3.289	-2.722	-4.501	hffall
479	1575941099654	-3.318	-2.634	-4.578	hffall
480	1575941099658	-3.354	-2.552	-4.688	hffall
481	1575941099659	-3.397	-2.468	-4.822	hffall
482	1575941099662	-3.424	-2.38	-4.985	hffall
483	1575941099664	-3.452	-2.294	-5.159	hffall
484	1575941099666	-3.488	-2.21	-5.351	hffall
485	1575941099669	-3.503	-2.128	-5.557	hffall
486	1575941099673	-3.51	-2.057	-5.753	hffall
487	1575941099675	-3.531	-2.006	-5.966	hffall
488	1575941099676	-3.55	-2.006	-6.179	hffall
489	1575941099678	-3.562	-2.037	-6.364	hffall
490	1575941099683	-3.584	-2.09	-6.526	hffall
491	1575941099684	-3.594	-2.176	-6.694	hffall
492	1575941099686	-3.582	-2.272	-6.854	hffall
493	1575941099690	-3.55	-2.361	-6.993	hffall
494	1575941099691	-3.522	-2.444	-7.084	hffall
495	1575941099693	-3.505	-2.519	-7.11	hffall
496	1575941099695	-3.474	-2.578	-7.087	hffall
497	1575941099700	-3.462	-2.631	-7.041	hffall
498	1575941099701	-3.476	-2.684	-6.964	hffall
499	1575941099703	-3.459	-2.713	-6.83	hffall
500	1575941099705	-3.421	-2.724	-6.66	hffall
501	1575941099711	-3.39	-2.732	-6.481	hffall
502	1575941099712	-3.354	-2.715	-6.316	hffall
503	1575941099713	-3.321	-2.679	-6.189	hffall
504	1575941099718	-3.275	-2.605	-6.105	hffall
505	1575941099719	-3.206	-2.519	-6.057	hffall
506	1575941099720	-3.129	-2.425	-6.004	hffall
507	1575941099722	-3.06	-2.315	-5.925	hffall
508	1575941099725	-3.014	-2.188	-5.868	hffall
509	1575941099727	-2.962	-2.059	-5.827	hffall
510	1575941099729	-2.911	-1.932	-5.796	hffall
511	1575941099732	-2.88	-1.817	-5.81	hffall
512	1575941099734	-2.849	-1.724	-5.856	hffall
513	1575941099737	-2.811	-1.638	-5.873	hffall
514	1575941099739	-2.799	-1.549	-5.849	hffall
515	1575941099742	-2.811	-1.456	-5.839	hffall
516	1575941099745	-2.842	-1.369	-5.834	hffall
517	1575941099748	-2.878	-1.3	-5.858	hffall
518	1575941099752	-2.909	-1.243	-5.93	hffall
519	1575941099753	-2.945	-1.187	-6.014	hffall
520	1575941099754	-2.988	-1.164	-6.088	hffall
521	1575941099758	-3.038	-1.168	-6.162	hffall
522	1575941099759	-3.084	-1.161	-6.215	hffall
523	1575941099764	-3.146	-1.168	-6.22	hffall
524	1575941099765	-3.239	-1.178	-6.191	hffall
525	1575941099766	-3.345	-1.178	-6.143	hffall
526	1575941099769	-3.462	-1.18	-6.122	hffall
527	1575941099771	-3.572	-1.199	-6.182	hffall
528	1575941099773	-3.651	-1.211	-6.313	hffall
529	1575941099776	-3.701	-1.207	-6.51	hffall
530	1575941099779	-3.72	-1.209	-6.737	hffall
531	1575941099780	-3.718	-1.211	-6.964	hffall
532	1575941099786	-3.708	-1.219	-7.204	hffall
533	1575941099787	-3.668	-1.226	-7.436	hffall
534	1575941099789	-3.598	-1.216	-7.644	hffall
535	1575941099790	-3.529	-1.202	-7.831	hffall
536	1575941099794	-3.476	-1.192	-7.972	hffall
537	1575941099796	-3.436	-1.187	-8.063	hffall
538	1575941099803	-3.402	-1.176	-8.128	hffall
539	1575941099804	-3.402	-1.161	-8.15	hffall
540	1575941099805	-3.421	-1.144	-8.142	hffall
541	1575941099806	-3.424	-1.13	-8.145	hffall
542	1575941099807	-3.412	-1.106	-8.176	hffall
543	1575941099811	-3.392	-1.075	-8.231	hffall
544	1575941099812	-3.385	-1.068	-8.26	hffall
545	1575941099815	-3.359	-1.077	-8.248	hffall
546	1575941099818	-3.328	-1.073	-8.231	hffall
547	1575941099822	-3.301	-1.058	-8.197	hffall
548	1575941099823	-3.258	-1.041	-8.161	hffall
549	1575941099825	-3.203	-1.02	-8.13	hffall
550	1575941099827	-3.143	-0.967	-8.085	hffall
551	1575941099831	-3.098	-0.917	-7.999	hffall
552	1575941099832	-3.05	-0.905	-7.886	hffall
553	1575941099834	-3.007	-0.888	-7.745	hffall
554	1575941099839	-2.988	-0.879	-7.575	hffall
555	1575941099841	-2.978	-0.886	-7.41	hffall
556	1575941099842	-2.99	-0.888	-7.223	hffall
557	1575941099847	-3.017	-0.891	-7.01	hffall
558	1575941099848	-3.033	-0.871	-6.861	hffall
559	1575941099849	-3.041	-0.855	-6.799	hffall
560	1575941099853	-3.021	-0.84	-6.802	hffall
561	1575941099854	-2.981	-0.807	-6.838	hffall
562	1575941099856	-2.916	-0.769	-6.871	hffall
563	1575941099861	-2.854	-0.704	-6.885	hffall
564	1575941099862	-2.808	-0.634	-6.893	hffall
565	1575941099864	-2.76	-0.565	-6.885	hffall
566	1575941099867	-2.739	-0.472	-6.888	hffall
567	1575941099869	-2.751	-0.39	-6.926	hffall
568	1575941099871	-2.77	-0.318	-6.976	hffall
569	1575941099874	-2.782	-0.232	-7.07	hffall
570	1575941099877	-2.799	-0.144	-7.209	hffall
571	1575941099879	-2.823	-0.048	-7.367	hffall
572	1575941099880	-2.873	0.034	-7.546	hffall
573	1575941099885	-2.945	0.074	-7.75	hffall
574	1575941099886	-3.029	0.089	-7.963	hffall
575	1575941099889	-3.129	0.098	-8.178	hffall
576	1575941099890	-3.254	0.11	-8.425	hffall
577	1575941099894	-3.395	0.122	-8.693	hffall
578	1575941099896	-3.538	0.165	-8.99	hffall
579	1575941099899	-3.661	0.23	-9.308	hffall
580	1575941099900	-3.771	0.263	-9.598	hffall
581	1575941099903	-3.866	0.273	-9.852	hffall
582	1575941099905	-3.936	0.275	-10.113	hffall
583	1575941099907	-3.979	0.263	-10.424	hffall
584	1575941099911	-4.008	0.239	-10.785	hffall
585	1575941099915	-4.056	0.23	-11.152	hffall
586	1575941099916	-4.106	0.218	-11.47	hffall
587	1575941099917	-4.156	0.201	-11.693	hffall
588	1575941099920	-4.209	0.182	-11.779	hffall
589	1575941099923	-4.242	0.144	-11.722	hffall
590	1575941099924	-4.264	0.113	-11.575	hffall
591	1575941099927	-4.312	0.081	-11.41	hffall
592	1575941099933	-4.381	0.048	-11.276	hffall
593	1575941099934	-4.436	0.019	-11.173	hffall
594	1575941099935	-4.465	0.012	-11.109	hffall
595	1575941099937	-4.482	0.026	-11.089	hffall
596	1575941099938	-4.494	0.043	-11.08	hffall
597	1575941099942	-4.51	0.055	-11.046	hffall
598	1575941099944	-4.53	0.05	-10.965	hffall
599	1575941099947	-4.532	0.045	-10.829	hffall
600	1575941099949	-4.561	0.05	-10.659	hffall
601	1575941099951	-4.616	0.041	-10.467	hffall
602	1575941099954	-4.671	0.022	-10.307	hffall
603	1575941099956	-4.709	-0.002	-10.199	hffall
604	1575941099958	-4.714	-0.007	-10.079	hffall
605	1575941099961	-4.709	0.005	-9.926	hffall
606	1575941099963	-4.688	0.014	-9.756	hffall
607	1575941099965	-4.668	0.014	-9.576	hffall
608	1575941099969	-4.668	-0	-9.406	hffall
609	1575941099970	-4.657	-0.01	-9.263	hffall
610	1575941099976	-4.63	-0.019	-9.208	hffall
611	1575941099977	-4.575	-0.017	-9.227	hffall
612	1575941099978	-4.487	-0.007	-9.294	hffall
613	1575941099983	-4.393	-0.005	-9.39	hffall
614	1575941099984	-4.305	0.029	-9.45	hffall
615	1575941099985	-4.235	0.079	-9.483	hffall
616	1575941099989	-4.218	0.101	-9.507	hffall
617	1575941099990	-4.214	0.091	-9.509	hffall
618	1575941099994	-4.209	0.036	-9.512	hffall
619	1575941099995	-4.223	-0.053	-9.552	hffall
620	1575941099999	-4.242	-0.146	-9.636	hffall
621	1575941100001	-4.278	-0.259	-9.713	hffall
622	1575941100003	-4.319	-0.376	-9.768	hffall
623	1575941100005	-4.364	-0.479	-9.813	hffall
624	1575941100007	-4.42	-0.548	-9.871	hffall
625	1575941100009	-4.475	-0.56	-9.938	hffall
626	1575941100012	-4.527	-0.517	-10.007	hffall
627	1575941100014	-4.58	-0.441	-10.094	hffall
628	1575941100017	-4.625	-0.328	-10.211	hffall
629	1575941100019	-4.683	-0.189	-10.338	hffall
630	1575941100021	-4.709	-0.067	-10.501	hffall
631	1575941100024	-4.724	0.048	-10.723	hffall
632	1575941100027	-4.817	0.165	-10.924	hffall
633	1575941100029	-4.944	0.273	-11.121	hffall
634	1575941100032	-5.042	0.381	-11.346	hffall
635	1575941100035	-5.133	0.469	-11.621	hffall
636	1575941100036	-5.21	0.587	-11.98	hffall
637	1575941100039	-5.267	0.723	-12.38	hffall
638	1575941100041	-5.296	0.826	-12.799	hffall
639	1575941100044	-5.317	0.912	-13.215	hffall
640	1575941100046	-5.341	0.962	-13.61	hffall
641	1575941100048	-5.348	0.984	-13.96	hffall
642	1575941100051	-5.351	0.982	-14.274	hffall
643	1575941100054	-5.344	0.982	-14.592	hffall
644	1575941100056	-5.32	1.008	-14.906	hffall
645	1575941100058	-5.289	1.041	-15.2	hffall
646	1575941100060	-5.25	1.087	-15.48	hffall
647	1575941100063	-5.231	1.137	-15.744	hffall
648	1575941100066	-5.241	1.178	-15.954	hffall
649	1575941100069	-5.265	1.202	-16.115	hffall
650	1575941100070	-5.284	1.185	-16.234	hffall
651	1575941100073	-5.296	1.149	-16.318	hffall
652	1575941100075	-5.317	1.12	-16.385	hffall
653	1575941100077	-5.36	1.07	-16.397	hffall
654	1575941100080	-5.399	0.996	-16.361	hffall
655	1575941100082	-5.423	0.912	-16.289	hffall
656	1575941100085	-5.451	0.819	-16.177	hffall
657	1575941100087	-5.482	0.718	-16.04	hffall
658	1575941100089	-5.502	0.608	-15.882	hffall
659	1575941100092	-5.526	0.496	-15.691	hffall
660	1575941100094	-5.561	0.381	-15.468	hffall
661	1575941100097	-5.609	0.275	-15.236	hffall
662	1575941100099	-5.655	0.196	-15.011	hffall
663	1575941100102	-5.712	0.148	-14.774	hffall
664	1575941100104	-5.772	0.132	-14.53	hffall
665	1575941100107	-5.818	0.139	-14.259	hffall
666	1575941100109	-5.866	0.148	-14.015	hffall
667	1575941100111	-5.909	0.146	-13.809	hffall
668	1575941100114	-5.933	0.156	-13.598	hffall
669	1575941100116	-5.992	0.153	-13.393	hffall
670	1575941100119	-6.119	0.136	-13.153	hffall
671	1575941100121	-6.294	0.132	-12.892	hffall
672	1575941100123	-6.495	0.12	-12.66	hffall
673	1575941100126	-6.72	0.098	-12.473	hffall
674	1575941100128	-6.931	0.079	-12.421	hffall
675	1575941100131	-7.084	0.057	-12.502	hffall
676	1575941100133	-7.197	0.041	-12.665	hffall
677	1575941100136	-7.273	0.019	-12.885	hffall
678	1575941100138	-7.302	0.002	-13.103	hffall
679	1575941100140	-7.304	0.017	-13.28	hffall
680	1575941100143	-7.273	0.043	-13.421	hffall
681	1575941100145	-7.221	0.062	-13.553	hffall
682	1575941100148	-7.166	0.069	-13.675	hffall
683	1575941100150	-7.108	0.103	-13.752	hffall
684	1575941100152	-7.031	0.17	-13.766	hffall
685	1575941100155	-6.938	0.22	-13.74	hffall
686	1575941100158	-6.835	0.259	-13.663	hffall
687	1575941100160	-6.73	0.287	-13.529	hffall
688	1575941100164	-6.629	0.33	-13.364	hffall
689	1575941100166	-6.512	0.362	-13.177	hffall
690	1575941100170	-6.38	0.366	-12.942	hffall
691	1575941100173	-6.27	0.364	-12.617	hffall
692	1575941100174	-6.194	0.357	-12.219	hffall
693	1575941100177	-6.122	0.359	-11.877	hffall
694	1575941100178	-6.009	0.378	-11.621	hffall
695	1575941100182	-5.87	0.409	-11.439	hffall
696	1575941100183	-5.731	0.441	-11.281	hffall
697	1575941100187	-5.583	0.479	-11.097	hffall
698	1575941100192	-5.42	0.515	-10.9	hffall
699	1575941100193	-5.25	0.548	-10.73	hffall
700	1575941100196	-5.08	0.603	-10.615	hffall
701	1575941100197	-4.915	0.642	-10.493	hffall
702	1575941100200	-4.757	0.644	-10.366	hffall
703	1575941100201	-4.604	0.658	-10.256	hffall
704	1575941100206	-4.467	0.682	-10.146	hffall
705	1575941100207	-4.329	0.68	-10.031	hffall
706	1575941100210	-4.182	0.69	-9.924	hffall
707	1575941100211	-4.063	0.718	-9.84	hffall
708	1575941100217	-3.962	0.733	-9.763	hffall
709	1575941100218	-3.857	0.754	-9.698	hffall
710	1575941100219	-3.752	0.771	-9.641	hffall
711	1575941100222	-3.637	0.778	-9.612	hffall
712	1575941100223	-3.529	0.771	-9.567	hffall
713	1575941100227	-3.45	0.733	-9.485	hffall
714	1575941100228	-3.397	0.69	-9.409	hffall
715	1575941100231	-3.392	0.634	-9.335	hffall
716	1575941100234	-3.426	0.555	-9.253	hffall
717	1575941100235	-3.479	0.189	-8.695	hffall
718	1575941100240	-3.5	-0.342	-7.34	hffall
719	1575941100241	-3.345	-0.764	-6.17	hffall
720	1575941100245	-2.923	-1.324	-6.004	hffall
721	1575941100246	-2.286	-1.973	-6.663	hffall
722	1575941100248	-1.549	-2.432	-7.771	hffall
723	1575941100251	-0.852	-2.523	-9.028	hffall
724	1575941100252	-0.373	-2.212	-10.345	hffall
725	1575941100256	-0.192	-1.764	-11.604	hffall
726	1575941100257	-0.235	-1.468	-12.416	hffall
727	1575941100258	-0.333	-1.274	-12.662	hffall
728	1575941100269	-0.51	-0.891	-12.394	hffall
729	1575941100270	-0.845	-0.35	-11.544	hffall
730	1575941100271	-1.238	0.096	-10.321	hffall
731	1575941100273	-1.755	0.345	-8.521	hffall
732	1575941100274	-2.969	0.311	-6.502	hffall
733	1575941100275	-4.621	0.144	-6.888	hffall
734	1575941100276	-5.76	-0.163	-10.532	hffall
735	1575941100277	-6.119	-0.663	-15.995	hffall
736	1575941100287	-5.933	-1.176	-21.554	hffall
737	1575941100288	-5.751	-1.669	-25.105	hffall
738	1575941100289	-6.11	-2.09	-26.297	hffall
739	1575941100291	-7.245	-2.286	-26.242	hffall
740	1575941100292	-8.777	-2.277	-26.074	hffall
741	1575941100293	-10.019	-2.128	-26.354	hffall
742	1575941100294	-11.03	-1.872	-26.661	hffall
743	1575941100297	-11.592	-1.647	-25.899	hffall
744	1575941100299	-11.437	-1.532	-24.259	hffall
745	1575941100307	-10.915	-1.496	-22.296	hffall
746	1575941100308	-10.153	-1.537	-19.802	hffall
747	1575941100309	-9.371	-1.592	-16.979	hffall
748	1575941100310	-8.664	-1.621	-14.247	hffall
749	1575941100311	-8.02	-1.633	-11.822	hffall
750	1575941100313	-7.386	-1.669	-9.71	hffall
751	1575941100317	-6.759	-1.702	-7.965	hffall
752	1575941100318	-6.261	-1.673	-6.67	hffall
753	1575941100321	-5.889	-1.563	-5.782	hffall
754	1575941100324	-5.564	-1.403	-5.214	hffall
755	1575941100326	-5.293	-1.202	-4.968	hffall
756	1575941100328	-5.09	-0.977	-4.994	hffall
757	1575941100331	-4.91	-0.759	-5.238	hffall
758	1575941100334	-4.771	-0.529	-5.648	hffall
759	1575941100336	-4.702	-0.278	-6.227	hffall
760	1575941100340	-4.724	0.012	-6.89	hffall
761	1575941100341	-4.745	0.29	-7.484	hffall
762	1575941100344	-4.666	0.479	-8.071	hffall
763	1575941100345	-4.506	0.591	-8.758	hffall
764	1575941100349	-4.273	0.666	-9.473	hffall
765	1575941100350	-3.993	0.709	-10.125	hffall
766	1575941100353	-3.689	0.716	-10.673	hffall
767	1575941100355	-3.371	0.697	-11.061	hffall
768	1575941100358	-3.043	0.661	-11.31	hffall
769	1575941100361	-2.758	0.622	-11.47	hffall
770	1575941100363	-2.526	0.577	-11.54	hffall
771	1575941100365	-2.308	0.527	-11.504	hffall
772	1575941100369	-2.076	0.496	-11.405	hffall
773	1575941100371	-1.824	0.472	-11.286	hffall
774	1575941100374	-1.621	0.457	-11.135	hffall
775	1575941100375	-1.489	0.462	-10.958	hffall
776	1575941100378	-1.403	0.491	-10.714	hffall
777	1575941100380	-1.389	0.524	-10.414	hffall
778	1575941100382	-1.386	0.555	-10.127	hffall
779	1575941100385	-1.36	0.587	-9.871	hffall
780	1575941100388	-1.374	0.634	-9.608	hffall
781	1575941100389	-1.398	0.682	-9.351	hffall
782	1575941100392	-1.408	0.723	-9.124	hffall
783	1575941100394	-1.417	0.769	-8.911	hffall
784	1575941100397	-1.42	0.792	-8.719	hffall
785	1575941100399	-1.42	0.8	-8.573	hffall
786	1575941100402	-1.405	0.809	-8.461	hffall
787	1575941100404	-1.365	0.831	-8.348	hffall
788	1575941100407	-1.331	0.845	-8.243	hffall
789	1575941100409	-1.338	0.843	-8.195	hffall
790	1575941100411	-1.353	0.824	-8.197	hffall
791	1575941100415	-1.381	0.821	-8.231	hffall
792	1575941100416	-1.424	0.814	-8.31	hffall
793	1575941100419	-1.53	0.821	-8.406	hffall
794	1575941100421	-1.664	0.836	-8.406	hffall
795	1575941100424	-1.709	0.807	-8.499	hffall
796	1575941100426	-1.767	0.778	-8.853	hffall
797	1575941100429	-1.899	0.761	-9.251	hffall
798	1575941100431	-2.109	0.73	-9.588	hffall
799	1575941100434	-2.361	0.673	-9.892	hffall
800	1575941100435	-2.614	0.589	-10.201	hffall
801	1575941100438	-2.866	0.486	-10.563	hffall
802	1575941100440	-3.098	0.371	-10.929	hffall
803	1575941100443	-3.333	0.232	-11.212	hffall
804	1575941100445	-3.567	0.06	-11.377	hffall
805	1575941100448	-3.756	-0.158	-11.434	hffall
806	1575941100450	-3.886	-0.388	-11.425	hffall
807	1575941100452	-4.008	-0.608	-11.365	hffall
808	1575941100455	-4.142	-0.79	-11.255	hffall
809	1575941100457	-4.259	-0.941	-11.087	hffall
810	1575941100460	-4.36	-1.094	-10.884	hffall
811	1575941100462	-4.465	-1.216	-10.666	hffall
812	1575941100464	-4.57	-1.322	-10.448	hffall
813	1575941100467	-4.671	-1.417	-10.244	hffall
814	1575941100469	-4.759	-1.487	-10.048	hffall
815	1575941100472	-4.815	-1.525	-9.883	hffall
816	1575941100474	-4.843	-1.547	-9.744	hffall
817	1575941100477	-4.874	-1.539	-9.619	hffall
818	1575941100479	-4.901	-1.499	-9.529	hffall
819	1575941100481	-4.932	-1.46	-9.459	hffall
820	1575941100483	-4.953	-1.413	-9.428	hffall
821	1575941100486	-4.98	-1.329	-9.461	hffall
822	1575941100489	-4.999	-1.233	-9.56	hffall
823	1575941100491	-5.004	-1.113	-9.655	hffall
824	1575941100494	-5.008	-0.979	-9.725	hffall
825	1575941100496	-4.992	-0.898	-9.77	hffall
826	1575941100499	-4.956	-0.859	-9.823	hffall
827	1575941100501	-4.927	-0.843	-9.873	hffall
828	1575941100504	-4.901	-0.845	-9.916	hffall
829	1575941100506	-4.886	-0.85	-9.981	hffall
830	1575941100509	-4.889	-0.893	-10.034	hffall
831	1575941100511	-4.908	-0.958	-10.038	hffall
832	1575941100513	-4.915	-1.039	-10.007	hffall
833	1575941100517	-4.913	-1.137	-9.993	hffall
834	1575941100519	-4.925	-1.24	-9.983	hffall
835	1575941100521	-4.925	-1.331	-9.936	hffall
836	1575941100524	-4.92	-1.429	-9.852	hffall
837	1575941100525	-4.953	-1.542	-9.718	hffall
838	1575941100529	-5.001	-1.659	-9.55	hffall
839	1575941100530	-5.025	-1.745	-9.38	hffall
840	1575941100534	-5.013	-1.81	-9.157	hffall
841	1575941100535	-4.965	-1.913	-8.865	hffall
842	1575941100539	-4.846	-2.018	-8.58	hffall
843	1575941100540	-4.659	-2.14	-8.439	hffall
844	1575941100544	-4.439	-2.31	-8.31	hffall
845	1575941100545	-4.242	-2.478	-8.15	hffall
846	1575941100548	-4.396	-2.578	-8.102	hffall
847	1575941100550	-5.073	-2.545	-8.334	hffall
848	1575941100553	-5.858	-2.408	-8.662	hffall
849	1575941100555	-6.342	-2.27	-8.109	hffall
850	1575941100557	-6.605	-2.054	-6.682	hffall
851	1575941100559	-6.84	-1.733	-5.375	hffall
852	1575941100562	-7.168	-1.47	-4.604	hffall
853	1575941100565	-7.582	-1.427	-4.661	hffall
854	1575941100567	-7.999	-1.626	-5.851	hffall
855	1575941100570	-9.11	-2.025	-9.167	hffall
856	1575941100571	-11.226	-2.387	-17.85	hffall
857	1575941100575	-11.956	-2.301	-28.933	hffall
858	1575941100577	-10.395	-1.961	-32.895	hffall
859	1575941100580	-7.98	-1.599	-26.864	hffall
860	1575941100582	-5.971	-1.168	-15.847	hffall
861	1575941100585	-5.37	-0.596	-6.311	hffall
862	1575941100589	-5.765	0.103	-1.341	hffall
863	1575941100590	-6.368	0.536	-0.347	hffall
864	1575941100592	-6.931	0.474	-1.525	hffall
865	1575941100594	-7.403	0.041	-3.103	hffall
866	1575941100598	-7.424	-0.555	-3.775	hffall
867	1575941100600	-7.618	-1.104	-3.945	hffall
868	1575941100601	-8.475	-1.52	-4.625	hffall
869	1575941100605	-9.083	-1.736	-5.308	hffall
870	1575941100606	-9.641	-2.025	-5.878	hffall
871	1575941100610	-10.182	-2.416	-6.629	hffall
872	1575941100611	-9.873	-2.538	-7.565	hffall
873	1575941100614	-8.913	-2.418	-8.741	hffall
874	1575941100616	-8.3	-2.303	-9.56	hffall
875	1575941100619	-8.267	-2.332	-9.112	hffall
876	1575941100621	-8.219	-2.444	-7.86	hffall
877	1575941100624	-7.908	-2.523	-6.806	hffall
878	1575941100627	-6.905	-2.303	-5.131	hffall
879	1575941100630	-6.081	-2.14	-3.414	hffall
880	1575941100631	-7.043	-2.49	-3.582	hffall
881	1575941100634	-9.351	-3.124	-5.394	hffall
882	1575941100636	-11.166	-3.73	-7.901	hffall
883	1575941100638	-10.417	-3.505	-9.224	hffall
884	1575941100651	-7.455	-2.411	-7.233	hffall
885	1575941100652	-5.82	-1.75	-4.13	hffall
886	1575941100653	-5.935	-1.582	-1.992	hffall
887	1575941100654	-6.294	-1.463	-0.651	hffall
888	1575941100655	-6.548	-1.274	0.326	hffall
889	1575941100656	-6.972	-1.243	1.006	hffall
890	1575941100657	-8.523	-1.7	-0.409	hffall
891	1575941100658	-9.574	-1.889	-2.313	hffall
892	1575941100660	-10.517	-2.171	-4.561	hffall
893	1575941100662	-10.376	-1.942	-6.026	hffall
894	1575941100665	-8.892	-1.281	-5.559	hffall
895	1575941100668	-8.341	-1.128	-4.956	hffall
896	1575941100669	-8.518	-1.029	-4.939	hffall
897	1575941100674	-7.745	-0.378	-4.202	hffall
898	1575941100675	-6.519	0.359	-2.377	hffall
899	1575941100679	-6.548	0.452	-1.884	hffall
900	1575941100680	-6.696	0.706	-2.555	hffall
901	1575941100683	-6.562	1.278	-3.232	hffall
902	1575941100685	-6.426	1.808	-3.17	hffall
903	1575941100686	-6.574	1.942	-2.533	hffall
904	1575941100689	-6.933	1.69	-1.626	hffall
905	1575941100691	-7.522	1.159	-0.773	hffall
906	1575941100695	-8.24	0.464	-0.309	hffall
907	1575941100697	-8.925	-0.333	-0.283	hffall
908	1575941100699	-9.438	-1.233	-0.388	hffall
909	1575941100703	-9.718	-2.195	-0.225	hffall
910	1575941100704	-9.821	-3.158	0.026	hffall
911	1575941100706	-9.897	-4.156	0.098	hffall
912	1575941100709	-10	-5.111	0.139	hffall
913	1575941100711	-10.079	-5.945	-0.141	hffall
914	1575941100714	-10.12	-6.596	-0.61	hffall
915	1575941100716	-10.086	-7.005	-1.017	hffall
916	1575941100718	-9.991	-7.259	-1.487	hffall
917	1575941100729	-9.866	-7.371	-1.934	hffall
918	1575941100730	-9.701	-7.34	-2.217	hffall
919	1575941100731	-9.478	-7.163	-2.308	hffall
920	1575941100733	-9.244	-6.888	-2.425	hffall
921	1575941100734	-9.033	-6.589	-2.677	hffall
922	1575941100735	-8.865	-6.258	-3.031	hffall
923	1575941100736	-8.777	-5.952	-3.469	hffall
924	1575941100738	-8.774	-5.71	-3.847	hffall
925	1575941100741	-8.863	-5.499	-3.957	hffall
926	1575941100742	-9.026	-5.224	-3.799	hffall
927	1575941100745	-9.229	-4.915	-3.56	hffall
928	1575941100747	-9.466	-4.625	-3.33	hffall
929	1575941100750	-9.684	-4.355	-3.122	hffall
930	1575941100752	-9.873	-4.089	-2.959	hffall
931	1575941100754	-10.046	-3.854	-2.799	hffall
932	1575941100758	-10.177	-3.649	-2.571	hffall
933	1575941100759	-10.261	-3.474	-2.289	hffall
934	1575941100762	-10.323	-3.342	-2.018	hffall
935	1575941100765	-10.395	-3.232	-1.781	hffall
936	1575941100767	-10.481	-3.151	-1.575	hffall
937	1575941100770	-10.589	-3.112	-1.42	hffall
938	1575941100772	-10.699	-3.122	-1.329	hffall
939	1575941100777	-10.773	-3.136	-1.209	hffall
940	1575941100778	-10.809	-3.127	-1.037	hffall
941	1575941100779	-10.728	-3.12	-0.855	hffall
942	1575941100782	-10.56	-3.112	-0.63	hffall
943	1575941100785	-10.431	-3.062	-0.373	hffall
944	1575941100786	-10.311	-2.985	-0.192	hffall
945	1575941100791	-10.175	-2.906	-0.127	hffall
946	1575941100792	-10.022	-2.799	-0.043	hffall
947	1575941100796	-9.861	-2.648	0.172	hffall
948	1575941100797	-9.708	-2.456	0.539	hffall
949	1575941100799	-9.581	-2.222	1.022	hffall
950	1575941100801	-9.49	-1.985	1.58	hffall
951	1575941100805	-9.378	-1.781	2.191	hffall
952	1575941100806	-9.244	-1.64	2.801	hffall
953	1575941100811	-9.119	-1.52	3.222	hffall
954	1575941100812	-9.009	-1.396	3.44	hffall
955	1575941100814	-8.901	-1.278	3.574	hffall
956	1575941100817	-8.789	-1.176	3.649	hffall
957	1575941100818	-8.722	-1.073	3.689	hffall
958	1575941100823	-8.688	-0.984	3.764	hffall
959	1575941100824	-8.659	-0.888	3.898	hffall
960	1575941100826	-8.657	-0.78	4.036	hffall
961	1575941100828	-8.679	-0.678	4.19	hffall
962	1575941100830	-8.712	-0.575	4.343	hffall
963	1575941100845	-8.755	-0.441	4.431	hffall
964	1575941100846	-8.786	-0.259	4.429	hffall
965	1575941100847	-8.801	-0.065	4.317	hffall
966	1575941100848	-8.803	0.129	4.096	hffall
967	1575941100849	-8.817	0.34	3.857	hffall
968	1575941100850	-8.817	0.558	3.68	hffall
969	1575941100851	-8.803	0.785	3.572	hffall
970	1575941100852	-8.817	1.015	3.546	hffall
971	1575941100853	-8.856	1.216	3.565	hffall
972	1575941100855	-8.882	1.413	3.598	hffall
973	1575941100858	-8.925	1.587	3.668	hffall
974	1575941100862	-8.985	1.736	3.747	hffall
975	1575941100863	-9.047	1.872	3.797	hffall
976	1575941100864	-9.112	1.97	3.785	hffall
977	1575941100869	-9.186	2.037	3.73	hffall
978	1575941100870	-9.268	2.09	3.625	hffall
979	1575941100872	-9.349	2.114	3.522	hffall
980	1575941100877	-9.433	2.104	3.424	hffall
981	1575941100879	-9.517	2.071	3.275	hffall
982	1575941100880	-9.593	2.021	3.136	hffall
983	1575941100883	-9.672	1.951	3.005	hffall
984	1575941100884	-9.73	1.877	2.892	hffall
985	1575941100889	-9.756	1.817	2.803	hffall
986	1575941100890	-9.766	1.779	2.713	hffall
987	1575941100892	-9.756	1.741	2.629	hffall
988	1575941100894	-9.756	1.695	2.583	hffall
989	1575941100896	-9.744	1.685	2.569	hffall
990	1575941100899	-9.687	1.721	2.55	hffall
991	1575941100902	-9.608	1.757	2.514	hffall
992	1575941100903	-9.517	1.791	2.456	hffall
993	1575941100906	-9.438	1.829	2.387	hffall
994	1575941100911	-9.351	1.858	2.308	hffall
995	1575941100912	-9.26	1.877	2.234	hffall
996	1575941100914	-9.186	1.863	2.116	hffall
997	1575941100917	-9.114	1.843	1.997	hffall
998	1575941100918	-9.031	1.841	1.908	hffall
999	1575941100921	-8.937	1.87	1.839	hffall
1000	1575941100923	-8.846	1.939	1.829	hffall
1001	1575941100925	-8.782	2.016	1.908	hffall
1002	1575941100928	-8.753	2.1	2.054	hffall
1003	1575941100930	-8.743	2.174	2.2	hffall
1004	1575941100943	-8.75	2.219	2.325	hffall
1005	1575941100944	-8.767	2.248	2.432	hffall
1006	1575941100945	-8.782	2.248	2.543	hffall
1007	1575941100946	-8.815	2.231	2.681	hffall
1008	1575941100947	-8.853	2.219	2.832	hffall
1009	1575941100948	-8.882	2.21	3.012	hffall
1010	1575941100949	-8.932	2.188	3.191	hffall
1011	1575941100950	-8.983	2.157	3.359	hffall
1012	1575941100954	-9.019	2.112	3.519	hffall
1013	1575941100955	-9.05	2.049	3.665	hffall
1014	1575941100957	-9.071	1.949	3.792	hffall
1015	1575941100959	-9.069	1.853	3.912	hffall
1016	1575941100961	-9.038	1.76	4.029	hffall
1017	1575941100964	-9.002	1.685	4.147	hffall
1018	1575941100967	-8.952	1.63	4.261	hffall
1019	1575941100969	-8.846	1.559	4.352	hffall
1020	1575941100972	-8.719	1.515	4.451	hffall
1021	1575941100975	-8.58	1.492	4.539	hffall
1022	1575941100976	-8.451	1.463	4.582	hffall
1023	1575941100981	-8.315	1.439	4.609	hffall
1024	1575941100982	-8.171	1.424	4.64	hffall
1025	1575941100984	-8.035	1.448	4.666	hffall
1026	1575941100986	-7.877	1.501	4.685	hffall
1027	1575941100990	-7.721	1.561	4.707	hffall
1028	1575941100993	-7.585	1.642	4.752	hffall
1029	1575941100994	-7.446	1.729	4.822	hffall
1030	1575941100997	-7.297	1.81	4.87	hffall
1031	1575941100999	-7.178	1.903	4.891	hffall
1032	1575941101001	-7.067	1.992	4.903	hffall
1033	1575941101004	-6.94	2.045	4.963	hffall
1034	1575941101005	-6.536	2.03	5.609	hffall
1035	1575941101010	-5.736	1.961	7.063	hffall
1036	1575941101011	-4.92	1.877	8.439	hffall
1037	1575941101015	-4.525	1.784	8.815	hffall
1038	1575941101017	-4.558	1.7	8.257	hffall
1039	1575941101018	-4.661	1.626	7.604	hffall
1040	1575941101020	-4.69	1.513	7.34	hffall
1041	1575941101023	-4.747	1.372	7.333	hffall
1042	1575941101025	-4.87	1.24	7.17	hffall
1043	1575941101028	-5.09	1.132	6.603	hffall
1044	1575941101030	-5.408	1.025	5.959	hffall
1045	1575941101035	-5.76	0.893	5.425	hffall
1046	1575941101036	-6.093	0.757	4.956	hffall
1047	1575941101038	-6.409	0.644	4.582	hffall
1048	1575941101040	-6.701	0.577	4.254	hffall
1049	1575941101042	-6.972	0.527	3.96	hffall
1050	1575941101044	-7.221	0.464	3.728	hffall
1051	1575941101047	-7.458	0.426	3.579	hffall
1052	1575941101052	-7.704	0.407	3.519	hffall
1053	1575941101053	-7.917	0.383	3.498	hffall
1054	1575941101054	-8.092	0.376	3.522	hffall
1055	1575941101059	-8.25	0.366	3.622	hffall
1056	1575941101060	-8.384	0.326	3.768	hffall
1057	1575941101071	-8.468	0.247	3.977	hffall
1058	1575941101072	-8.509	0.175	4.238	hffall
1059	1575941101073	-8.513	0.103	4.542	hffall
1060	1575941101074	-8.461	0.034	4.891	hffall
1061	1575941101076	-8.382	0.002	5.303	hffall
1062	1575941101077	-8.298	-0.019	5.746	hffall
1063	1575941101078	-8.207	-0.029	6.155	hffall
1064	1575941101079	-8.128	-0.029	6.502	hffall
1065	1575941101083	-8.044	-0.022	6.751	hffall
1066	1575941101084	-7.958	-0.022	6.883	hffall
1067	1575941101087	-7.886	-0.034	6.921	hffall
1068	1575941101089	-7.795	-0.024	6.89	hffall
1069	1575941101091	-7.683	-0.007	6.809	hffall
1070	1575941101096	-7.582	0.034	6.727	hffall
1071	1575941101097	-7.472	0.084	6.632	hffall
1072	1575941101098	-7.364	0.134	6.522	hffall
1073	1575941101103	-7.28	0.206	6.407	hffall
1074	1575941101104	-7.225	0.278	6.268	hffall
1075	1575941101105	-7.204	0.352	6.122	hffall
1076	1575941101117	-7.209	0.433	5.973	hffall
1077	1575941101118	-7.189	0.536	5.82	hffall
1078	1575941101119	-7.189	0.656	5.696	hffall
1079	1575941101120	-7.218	0.754	5.581	hffall
1080	1575941101121	-7.211	0.848	5.38	hffall
1081	1575941101123	-7.189	0.927	5.08	hffall
1082	1575941101124	-7.156	1.025	4.786	hffall
1083	1575941101125	-7.12	1.149	4.566	hffall
1084	1575941101136	-7.099	1.274	4.388	hffall
1085	1575941101137	-7.072	1.405	4.264	hffall
1086	1575941101138	-7.065	1.556	4.202	hffall
1087	1575941101139	-7.089	1.729	4.168	hffall
1088	1575941101140	-7.11	1.906	4.209	hffall
1089	1575941101142	-7.156	2.071	4.288	hffall
1090	1575941101143	-7.245	2.195	4.352	hffall
1091	1575941101147	-7.331	2.296	4.439	hffall
1092	1575941101148	-7.383	2.37	4.585	hffall
1093	1575941101149	-7.422	2.411	4.759	hffall
1094	1575941101151	-7.47	2.423	4.889	hffall
1095	1575941101155	-7.517	2.43	4.975	hffall
1096	1575941101156	-7.539	2.435	5.078	hffall
1097	1575941101161	-7.568	2.435	5.198	hffall
1098	1575941101163	-7.62	2.447	5.265	hffall
1099	1575941101165	-7.685	2.454	5.341	hffall
1100	1575941101166	-7.766	2.444	5.463	hffall
1101	1575941101169	-7.843	2.44	5.542	hffall
1102	1575941101171	-7.905	2.444	5.564	hffall
1103	1575941101175	-7.924	2.435	5.569	hffall
1104	1575941101176	-7.908	2.406	5.576	hffall
1105	1575941101179	-7.855	2.368	5.597	hffall
1106	1575941101181	-7.766	2.315	5.633	hffall
1107	1575941101184	-7.678	2.26	5.667	hffall
1108	1575941101186	-7.592	2.229	5.691	hffall
1109	1575941101190	-7.503	2.195	5.727	hffall
1110	1575941101191	-7.405	2.148	5.767	hffall
1111	1575941101195	-7.319	2.114	5.806	hffall
1112	1575941101196	-7.233	2.088	5.846	hffall
1113	1575941101198	-7.144	2.033	5.894	hffall
1114	1575941101201	-7.075	1.961	5.973	hffall
1115	1575941101203	-7.012	1.92	6.069	hffall
1116	1575941101205	-6.969	1.896	6.184	hffall
1117	1575941101210	-6.943	1.872	6.287	hffall
1118	1575941101211	-6.929	1.865	6.402	hffall
1119	1575941101213	-6.926	1.863	6.529	hffall
1120	1575941101215	-6.926	1.855	6.624	hffall
1121	1575941101219	-6.96	1.858	6.701	hffall
1122	1575941101221	-7.003	1.836	6.771	hffall
1123	1575941101223	-7.043	1.8	6.842	hffall
1124	1575941101224	-7.115	1.774	6.919	hffall
1125	1575941101228	-7.18	1.738	6.984	hffall
1126	1575941101229	-7.242	1.676	7.039	hffall
1127	1575941101233	-7.328	1.616	7.051	hffall
1128	1575941101234	-7.443	1.578	7.022	hffall
1129	1575941101238	-7.573	1.53	6.981	hffall
1130	1575941101239	-7.745	1.468	6.929	hffall
1131	1575941101242	-7.953	1.386	6.878	hffall
1132	1575941101244	-8.154	1.278	6.823	hffall
1133	1575941101247	-8.351	1.171	6.756	hffall
1134	1575941101249	-8.54	1.07	6.668	hffall
1135	1575941101251	-8.705	0.95	6.584	hffall
1136	1575941101255	-8.846	0.802	6.505	hffall
1137	1575941101256	-8.973	0.675	6.421	hffall
1138	1575941101258	-9.062	0.555	6.361	hffall
1139	1575941101261	-9.124	0.429	6.318	hffall
1140	1575941101263	-9.153	0.328	6.304	hffall
1141	1575941101266	-9.157	0.237	6.308	hffall
1142	1575941101268	-9.141	0.182	6.311	hffall
1143	1575941101270	-9.083	0.136	6.332	hffall
1144	1575941101274	-9.004	0.091	6.414	hffall
1145	1575941101275	-8.868	0.048	6.507	hffall
1146	1575941101277	-8.683	0.024	6.584	hffall
1147	1575941101280	-8.504	0.022	6.684	hffall
1148	1575941101283	-8.317	0.012	6.792	hffall
1149	1575941101285	-8.111	0.043	6.876	hffall
1150	1575941101287	-7.903	0.077	6.955	hffall
1151	1575941101290	-7.702	0.091	7.036	hffall
1152	1575941101292	-7.489	0.129	7.113	hffall
1153	1575941101296	-7.312	0.17	7.197	hffall
1154	1575941101297	-7.17	0.211	7.249	hffall
1155	1575941101300	-7.024	0.251	7.271	hffall
1156	1575941101303	-6.907	0.283	7.307	hffall
1157	1575941101305	-6.802	0.306	7.345	hffall
1158	1575941101307	-6.696	0.326	7.369	hffall
1159	1575941101310	-6.598	0.354	7.381	hffall
1160	1575941101313	-6.505	0.376	7.391	hffall
1161	1575941101315	-6.431	0.412	7.381	hffall
1162	1575941101317	-6.378	0.443	7.333	hffall
1163	1575941101320	-6.33	0.469	7.283	hffall
1164	1575941101322	-6.287	0.498	7.223	hffall
1165	1575941101325	-6.237	0.51	7.168	hffall
1166	1575941101327	-6.201	0.512	7.113	hffall
1167	1575941101329	-6.182	0.486	7.06	hffall
1168	1575941101333	-6.167	0.445	7.029	hffall
1169	1575941101335	-6.15	0.409	6.996	hffall
1170	1575941101337	-6.153	0.371	6.962	hffall
1171	1575941101340	-6.165	0.328	6.933	hffall
1172	1575941101342	-6.162	0.251	6.893	hffall
1173	1575941101344	-6.138	0.189	6.85	hffall
1174	1575941101347	-6.131	0.165	6.83	hffall
1175	1575941101349	-6.141	0.136	6.842	hffall
1176	1575941101354	-6.153	0.141	6.873	hffall
1177	1575941101355	-6.167	0.165	6.926	hffall
1178	1575941101356	-6.206	0.199	6.979	hffall
1179	1575941101359	-6.253	0.254	7.034	hffall
1180	1575941101361	-6.294	0.323	7.096	hffall
1181	1575941101364	-6.337	0.383	7.142	hffall
1182	1575941101369	-6.368	0.388	7.137	hffall
1183	1575941101370	-6.387	0.369	7.12	hffall
1184	1575941101372	-6.397	0.373	7.101	hffall
1185	1575941101374	-6.397	0.388	7.094	hffall
1186	1575941101375	-6.407	0.431	7.106	hffall
1187	1575941101379	-6.433	0.479	7.113	hffall
1188	1575941101381	-6.474	0.51	7.101	hffall
1189	1575941101384	-6.531	0.531	7.034	hffall
1190	1575941101385	-6.598	0.553	6.917	hffall
1191	1575941101389	-6.682	0.575	6.802	hffall
1192	1575941101390	-6.761	0.584	6.696	hffall
1193	1575941101395	-6.828	0.599	6.593	hffall
1194	1575941101396	-6.883	0.622	6.5	hffall
1195	1575941101398	-6.921	0.615	6.39	hffall
1196	1575941101402	-6.945	0.584	6.239	hffall
1197	1575941101403	-6.976	0.531	6.069	hffall
1198	1575941101405	-7.008	0.476	5.901	hffall
1199	1575941101407	-7.046	0.441	5.76	hffall
1200	1575941101412	-7.106	0.419	5.657	hffall
1201	1575941101413	-7.163	0.402	5.595	hffall
1202	1575941101415	-7.201	0.421	5.595	hffall
1203	1575941101419	-7.216	0.493	5.681	hffall
1204	1575941101420	-7.218	0.596	5.794	hffall
1205	1575941101423	-7.221	0.704	5.911	hffall
1206	1575941101424	-7.211	0.8	6.038	hffall
1207	1575941101429	-7.185	0.895	6.146	hffall
1208	1575941101430	-7.173	0.96	6.249	hffall
1209	1575941101432	-7.163	0.998	6.356	hffall
1210	1575941101435	-7.161	1.015	6.457	hffall
1211	1575941101452	-7.173	1.02	6.565	hffall
1212	1575941101453	-7.192	1.001	6.663	hffall
1213	1575941101454	-7.221	0.962	6.72	hffall
1214	1575941101455	-7.247	0.934	6.78	hffall
1215	1575941101457	-7.273	0.907	6.826	hffall
1216	1575941101458	-7.302	0.876	6.83	hffall
1217	1575941101459	-7.324	0.852	6.845	hffall
1218	1575941101460	-7.319	0.824	6.852	hffall
1219	1575941101461	-7.307	0.804	6.84	hffall
1220	1575941101462	-7.28	0.797	6.833	hffall
1221	1575941101463	-7.225	0.79	6.842	hffall
1222	1575941101467	-7.154	0.79	6.854	hffall
1223	1575941101468	-7.067	0.785	6.861	hffall
1224	1575941101469	-6.979	0.776	6.885	hffall
1225	1575941101470	-6.9	0.79	6.921	hffall
1226	1575941101473	-6.828	0.816	6.969	hffall
1227	1575941101475	-6.775	0.828	7.022	hffall
1228	1575941101478	-6.747	0.848	7.087	hffall
1229	1575941101480	-6.725	0.867	7.125	hffall
1230	1575941101482	-6.723	0.857	7.142	hffall
1231	1575941101486	-6.744	0.838	7.158	hffall
1232	1575941101488	-6.775	0.814	7.156	hffall
1233	1575941101492	-6.811	0.79	7.158	hffall
1234	1575941101493	-6.852	0.764	7.158	hffall
1235	1575941101496	-6.905	0.733	7.142	hffall
1236	1575941101498	-6.957	0.697	7.103	hffall
1237	1575941101501	-7.003	0.694	7.067	hffall
1238	1575941101503	-7.067	0.716	7.024	hffall
1239	1575941101506	-7.158	0.742	6.993	hffall
1240	1575941101508	-7.264	0.785	6.996	hffall
1241	1575941101510	-7.388	0.831	6.991	hffall
1242	1575941101513	-7.52	0.879	6.957	hffall
1243	1575941101515	-7.675	0.929	6.9	hffall
1244	1575941101518	-7.833	0.955	6.818	hffall
1245	1575941101520	-7.977	0.97	6.754	hffall
1246	1575941101523	-8.121	0.977	6.708	hffall
1247	1575941101525	-8.255	0.984	6.651	hffall
1248	1575941101528	-8.353	0.998	6.574	hffall
1249	1575941101530	-8.418	1.01	6.507	hffall
1250	1575941101532	-8.463	1.01	6.459	hffall
1251	1575941101535	-8.48	1.013	6.423	hffall
1252	1575941101537	-8.463	1.029	6.385	hffall
1253	1575941101540	-8.422	1.053	6.364	hffall
1254	1575941101542	-8.384	1.092	6.354	hffall
1255	1575941101545	-8.327	1.13	6.323	hffall
1256	1575941101547	-8.257	1.154	6.304	hffall
1257	1575941101549	-8.173	1.195	6.296	hffall
1258	1575941101551	-8.082	1.226	6.275	hffall
1259	1575941101554	-8.008	1.252	6.261	hffall
1260	1575941101556	-7.905	1.29	6.258	hffall
1261	1575941101558	-7.79	1.326	6.251	hffall
1262	1575941101561	-7.69	1.369	6.239	hffall
1263	1575941101563	-7.575	1.403	6.227	hffall
1264	1575941101565	-7.458	1.432	6.203	hffall
1265	1575941101568	-7.369	1.472	6.179	hffall
1266	1575941101570	-7.271	1.523	6.146	hffall
1267	1575941101573	-7.173	1.549	6.107	hffall
1268	1575941101576	-7.089	1.568	6.079	hffall
1269	1575941101578	-7	1.594	6.031	hffall
1270	1575941101580	-6.919	1.616	5.985	hffall
1271	1575941101583	-6.859	1.614	5.947	hffall
1272	1575941101586	-6.816	1.611	5.937	hffall
1273	1575941101588	-6.782	1.611	5.94	hffall
1274	1575941101590	-6.768	1.602	6.021	hffall
1275	1575941101593	-6.782	1.453	6.349	hffall
1276	1575941101595	-6.806	1.14	6.914	hffall
1277	1575941101597	-6.782	1.01	7.503	hffall
1278	1575941101600	-6.694	1.051	7.905	hffall
1279	1575941101603	-6.629	0.977	8.054	hffall
1280	1575941101605	-6.677	0.694	7.972	hffall
1281	1575941101609	-6.818	0.266	7.711	hffall
1282	1575941101610	-7.008	-0.139	7.419	hffall
1283	1575941101612	-7.209	-0.443	7.233	hffall
1284	1575941101614	-7.345	-0.639	7.182	hffall
1285	1575941101619	-7.403	-0.73	7.24	hffall
1286	1575941101620	-7.415	-0.745	7.314	hffall
1287	1575941101621	-7.391	-0.723	7.386	hffall
1288	1575941101624	-7.352	-0.675	7.443	hffall
1289	1575941101626	-7.309	-0.577	7.462	hffall
1290	1575941101628	-7.245	-0.426	7.462	hffall
1291	1575941101631	-7.182	-0.23	7.431	hffall
1292	1575941101633	-7.132	-0.036	7.336	hffall
1293	1575941101636	-7.087	0.134	7.178	hffall
1294	1575941101638	-7.06	0.318	6.993	hffall
1295	1575941101641	-7.036	0.496	6.821	hffall
1296	1575941101643	-7.019	0.654	6.675	hffall
1297	1575941101646	-7.015	0.814	6.557	hffall
1298	1575941101649	-7.034	0.953	6.478	hffall
1299	1575941101651	-7.079	1.061	6.416	hffall
1300	1575941101654	-7.142	1.137	6.356	hffall
1301	1575941101656	-7.213	1.18	6.316	hffall
1302	1575941101658	-7.288	1.187	6.275	hffall
1303	1575941101661	-7.371	1.147	6.239	hffall
1304	1575941101663	-7.448	1.077	6.239	hffall
1305	1575941101665	-7.496	0.991	6.292	hffall
1306	1575941101667	-7.52	0.917	6.399	hffall
1307	1575941101670	-7.52	0.845	6.553	hffall
1308	1575941101673	-7.501	0.778	6.759	hffall
1309	1575941101675	-7.455	0.773	6.996	hffall
1310	1575941101677	-7.395	0.814	7.245	hffall
1311	1575941101679	-7.328	0.855	7.491	hffall
1312	1575941101682	-7.278	0.876	7.721	hffall
1313	1575941101685	-7.247	0.864	7.903	hffall
1314	1575941101687	-7.221	0.824	8.011	hffall
1315	1575941101689	-7.213	0.749	8.071	hffall
1316	1575941101692	-7.223	0.651	8.087	hffall
1317	1575941101694	-7.268	0.522	8.08	hffall
