1	1575941009943	-1.539	-0.718	9.718	HFstanding
2	1575941009945	-1.535	-0.718	9.694	HFstanding
3	1575941009947	-1.547	-0.706	9.675	HFstanding
4	1575941009951	-1.551	-0.687	9.66	HFstanding
5	1575941009953	-1.563	-0.678	9.634	HFstanding
6	1575941009955	-1.571	-0.682	9.619	HFstanding
7	1575941009957	-1.578	-0.692	9.612	HFstanding
8	1575941009960	-1.578	-0.697	9.605	HFstanding
9	1575941009962	-1.563	-0.692	9.608	HFstanding
10	1575941009965	-1.551	-0.687	9.61	HFstanding
11	1575941009967	-1.537	-0.666	9.612	HFstanding
12	1575941009969	-1.527	-0.654	9.619	HFstanding
13	1575941009972	-1.525	-0.654	9.627	HFstanding
14	1575941009974	-1.489	-0.661	9.624	HFstanding
15	1575941009977	-1.465	-0.668	9.619	HFstanding
16	1575941009979	-1.482	-0.668	9.622	HFstanding
17	1575941009982	-1.487	-0.673	9.612	HFstanding
18	1575941009984	-1.482	-0.682	9.598	HFstanding
19	1575941009987	-1.496	-0.687	9.588	HFstanding
20	1575941009989	-1.513	-0.692	9.576	HFstanding
21	1575941009992	-1.523	-0.68	9.569	HFstanding
22	1575941009994	-1.532	-0.663	9.569	HFstanding
23	1575941009996	-1.542	-0.651	9.576	HFstanding
24	1575941010006	-1.544	-0.644	9.588	HFstanding
25	1575941010007	-1.554	-0.661	9.586	HFstanding
26	1575941010008	-1.554	-0.656	9.584	HFstanding
27	1575941010009	-1.527	-0.651	9.596	HFstanding
28	1575941010010	-1.515	-0.673	9.603	HFstanding
29	1575941010011	-1.508	-0.692	9.608	HFstanding
30	1575941010015	-1.496	-0.699	9.624	HFstanding
31	1575941010016	-1.484	-0.704	9.624	HFstanding
32	1575941010019	-1.484	-0.701	9.622	HFstanding
33	1575941010021	-1.482	-0.701	9.636	HFstanding
34	1575941010024	-1.48	-0.697	9.639	HFstanding
35	1575941010026	-1.494	-0.675	9.648	HFstanding
36	1575941010029	-1.506	-0.675	9.658	HFstanding
37	1575941010031	-1.508	-0.673	9.651	HFstanding
38	1575941010034	-1.515	-0.661	9.651	HFstanding
39	1575941010036	-1.532	-0.666	9.648	HFstanding
40	1575941010039	-1.544	-0.668	9.648	HFstanding
41	1575941010041	-1.532	-0.661	9.651	HFstanding
42	1575941010043	-1.515	-0.661	9.634	HFstanding
43	1575941010046	-1.501	-0.666	9.631	HFstanding
44	1575941010048	-1.484	-0.666	9.624	HFstanding
45	1575941010051	-1.482	-0.658	9.615	HFstanding
46	1575941010053	-1.47	-0.658	9.61	HFstanding
47	1575941010055	-1.458	-0.656	9.6	HFstanding
48	1575941010058	-1.465	-0.651	9.6	HFstanding
49	1575941010060	-1.475	-0.642	9.608	HFstanding
50	1575941010063	-1.48	-0.625	9.603	HFstanding
51	1575941010065	-1.475	-0.627	9.588	HFstanding
52	1575941010068	-1.468	-0.642	9.591	HFstanding
53	1575941010070	-1.477	-0.644	9.6	HFstanding
54	1575941010073	-1.492	-0.639	9.605	HFstanding
55	1575941010075	-1.489	-0.63	9.617	HFstanding
56	1575941010078	-1.499	-0.618	9.627	HFstanding
57	1575941010080	-1.508	-0.63	9.631	HFstanding
58	1575941010083	-1.494	-0.637	9.636	HFstanding
59	1575941010085	-1.487	-0.632	9.655	HFstanding
60	1575941010088	-1.484	-0.654	9.67	HFstanding
61	1575941010090	-1.477	-0.663	9.667	HFstanding
62	1575941010092	-1.477	-0.651	9.672	HFstanding
63	1575941010095	-1.472	-0.649	9.677	HFstanding
64	1575941010097	-1.468	-0.634	9.677	HFstanding
65	1575941010100	-1.475	-0.627	9.679	HFstanding
66	1575941010102	-1.477	-0.639	9.677	HFstanding
67	1575941010105	-1.472	-0.642	9.665	HFstanding
68	1575941010107	-1.494	-0.649	9.636	HFstanding
69	1575941010110	-1.503	-0.656	9.624	HFstanding
70	1575941010112	-1.508	-0.646	9.612	HFstanding
71	1575941010115	-1.523	-0.644	9.598	HFstanding
72	1575941010117	-1.523	-0.646	9.579	HFstanding
73	1575941010120	-1.525	-0.649	9.569	HFstanding
74	1575941010122	-1.527	-0.654	9.588	HFstanding
75	1575941010124	-1.525	-0.656	9.596	HFstanding
76	1575941010127	-1.527	-0.663	9.6	HFstanding
77	1575941010129	-1.518	-0.656	9.593	HFstanding
78	1575941010132	-1.513	-0.656	9.596	HFstanding
79	1575941010135	-1.508	-0.666	9.605	HFstanding
80	1575941010137	-1.506	-0.666	9.615	HFstanding
81	1575941010139	-1.525	-0.666	9.627	HFstanding
82	1575941010141	-1.53	-0.661	9.627	HFstanding
83	1575941010144	-1.523	-0.644	9.627	HFstanding
84	1575941010146	-1.52	-0.649	9.629	HFstanding
85	1575941010149	-1.523	-0.646	9.629	HFstanding
86	1575941010151	-1.515	-0.632	9.622	HFstanding
87	1575941010156	-1.506	-0.642	9.603	HFstanding
88	1575941010157	-1.496	-0.651	9.6	HFstanding
89	1575941010159	-1.501	-0.644	9.598	HFstanding
90	1575941010161	-1.503	-0.651	9.586	HFstanding
91	1575941010164	-1.489	-0.637	9.588	HFstanding
92	1575941010167	-1.48	-0.615	9.591	HFstanding
93	1575941010168	-1.465	-0.608	9.591	HFstanding
94	1575941010171	-1.458	-0.606	9.608	HFstanding
95	1575941010173	-1.458	-0.61	9.629	HFstanding
96	1575941010175	-1.456	-0.61	9.646	HFstanding
97	1575941010178	-1.441	-0.61	9.67	HFstanding
98	1575941010180	-1.422	-0.61	9.682	HFstanding
99	1575941010183	-1.429	-0.608	9.684	HFstanding
100	1575941010185	-1.422	-0.618	9.701	HFstanding
101	1575941010188	-1.408	-0.606	9.718	HFstanding
102	1575941010190	-1.417	-0.601	9.715	HFstanding
103	1575941010193	-1.424	-0.615	9.718	HFstanding
104	1575941010195	-1.42	-0.613	9.727	HFstanding
105	1575941010198	-1.42	-0.608	9.727	HFstanding
106	1575941010201	-1.413	-0.601	9.72	HFstanding
107	1575941010202	-1.398	-0.618	9.713	HFstanding
108	1575941010205	-1.381	-0.637	9.694	HFstanding
109	1575941010207	-1.377	-0.632	9.672	HFstanding
110	1575941010210	-1.379	-0.627	9.655	HFstanding
111	1575941010212	-1.379	-0.632	9.643	HFstanding
112	1575941010215	-1.381	-0.639	9.624	HFstanding
113	1575941010218	-1.374	-0.637	9.61	HFstanding
114	1575941010221	-1.374	-0.634	9.603	HFstanding
115	1575941010222	-1.384	-0.634	9.581	HFstanding
116	1575941010225	-1.386	-0.618	9.574	HFstanding
117	1575941010228	-1.377	-0.613	9.572	HFstanding
118	1575941010229	-1.377	-0.618	9.584	HFstanding
119	1575941010232	-1.379	-0.613	9.596	HFstanding
120	1575941010237	-1.391	-0.608	9.598	HFstanding
121	1575941010238	-1.41	-0.596	9.617	HFstanding
122	1575941010239	-1.42	-0.594	9.622	HFstanding
123	1575941010242	-1.434	-0.601	9.619	HFstanding
124	1575941010244	-1.429	-0.589	9.617	HFstanding
125	1575941010247	-1.432	-0.589	9.615	HFstanding
126	1575941010249	-1.444	-0.601	9.639	HFstanding
127	1575941010251	-1.444	-0.606	9.663	HFstanding
128	1575941010254	-1.448	-0.608	9.687	HFstanding
129	1575941010256	-1.444	-0.615	9.713	HFstanding
130	1575941010259	-1.434	-0.618	9.737	HFstanding
131	1575941010261	-1.417	-0.622	9.751	HFstanding
132	1575941010264	-1.398	-0.625	9.756	HFstanding
133	1575941010266	-1.401	-0.62	9.766	HFstanding
134	1575941010269	-1.405	-0.627	9.761	HFstanding
135	1575941010271	-1.393	-0.63	9.77	HFstanding
136	1575941010274	-1.389	-0.61	9.794	HFstanding
137	1575941010276	-1.386	-0.599	9.801	HFstanding
138	1575941010279	-1.386	-0.601	9.792	HFstanding
139	1575941010281	-1.386	-0.599	9.806	HFstanding
140	1575941010284	-1.374	-0.587	9.83	HFstanding
141	1575941010286	-1.367	-0.589	9.833	HFstanding
142	1575941010288	-1.36	-0.601	9.83	HFstanding
143	1575941010291	-1.336	-0.596	9.828	HFstanding
144	1575941010294	-1.314	-0.587	9.835	HFstanding
145	1575941010296	-1.305	-0.584	9.825	HFstanding
146	1575941010298	-1.29	-0.587	9.811	HFstanding
147	1575941010301	-1.269	-0.575	9.806	HFstanding
148	1575941010303	-1.262	-0.567	9.806	HFstanding
149	1575941010306	-1.264	-0.567	9.801	HFstanding
150	1575941010308	-1.257	-0.56	9.758	HFstanding
151	1575941010311	-1.245	-0.548	9.71	HFstanding
152	1575941010313	-1.262	-0.52	9.675	HFstanding
153	1575941010316	-1.302	-0.376	9.603	HFstanding
154	1575941010318	-1.434	-0.29	9.61	HFstanding
155	1575941010321	-1.559	-0.364	9.677	HFstanding
156	1575941010323	-1.535	-0.45	9.66	HFstanding
157	1575941010326	-1.456	-0.531	9.634	HFstanding
158	1575941010328	-1.365	-0.594	9.61	HFstanding
159	1575941010330	-1.3	-0.63	9.562	HFstanding
160	1575941010333	-1.247	-0.646	9.529	HFstanding
161	1575941010335	-1.195	-0.634	9.452	HFstanding
162	1575941010338	-1.18	-0.579	9.368	HFstanding
163	1575941010340	-1.19	-0.515	9.33	HFstanding
164	1575941010343	-1.211	-0.457	9.32	HFstanding
165	1575941010345	-1.228	-0.412	9.306	HFstanding
166	1575941010347	-1.266	-0.383	9.289	HFstanding
167	1575941010350	-1.317	-0.376	9.313	HFstanding
168	1575941010352	-1.343	-0.381	9.332	HFstanding
169	1575941010355	-1.353	-0.385	9.361	HFstanding
170	1575941010357	-1.355	-0.407	9.423	HFstanding
171	1575941010360	-1.362	-0.419	9.464	HFstanding
172	1575941010362	-1.362	-0.407	9.473	HFstanding
173	1575941010365	-1.338	-0.395	9.495	HFstanding
174	1575941010367	-1.298	-0.385	9.521	HFstanding
175	1575941010370	-1.278	-0.369	9.564	HFstanding
176	1575941010372	-1.278	-0.364	9.622	HFstanding
177	1575941010374	-1.278	-0.385	9.675	HFstanding
178	1575941010377	-1.271	-0.39	9.708	HFstanding
179	1575941010379	-1.259	-0.397	9.737	HFstanding
180	1575941010382	-1.259	-0.409	9.77	HFstanding
181	1575941010384	-1.252	-0.407	9.794	HFstanding
182	1575941010387	-1.24	-0.395	9.804	HFstanding
183	1575941010389	-1.247	-0.393	9.775	HFstanding
184	1575941010392	-1.252	-0.385	9.763	HFstanding
185	1575941010394	-1.259	-0.366	9.763	HFstanding
186	1575941010396	-1.276	-0.369	9.746	HFstanding
187	1575941010399	-1.298	-0.378	9.744	HFstanding
188	1575941010402	-1.312	-0.385	9.739	HFstanding
189	1575941010404	-1.324	-0.407	9.727	HFstanding
190	1575941010407	-1.343	-0.412	9.706	HFstanding
191	1575941010409	-1.365	-0.405	9.667	HFstanding
192	1575941010411	-1.386	-0.409	9.658	HFstanding
193	1575941010414	-1.405	-0.412	9.667	HFstanding
194	1575941010416	-1.408	-0.407	9.651	HFstanding
195	1575941010419	-1.415	-0.397	9.629	HFstanding
196	1575941010421	-1.427	-0.395	9.617	HFstanding
197	1575941010424	-1.429	-0.393	9.61	HFstanding
198	1575941010426	-1.441	-0.383	9.61	HFstanding
199	1575941010428	-1.444	-0.376	9.6	HFstanding
200	1575941010431	-1.439	-0.381	9.588	HFstanding
201	1575941010433	-1.424	-0.395	9.581	HFstanding
202	1575941010436	-1.405	-0.405	9.557	HFstanding
203	1575941010438	-1.389	-0.402	9.548	HFstanding
204	1575941010441	-1.374	-0.395	9.56	HFstanding
205	1575941010443	-1.36	-0.385	9.557	HFstanding
206	1575941010446	-1.341	-0.359	9.569	HFstanding
207	1575941010448	-1.329	-0.354	9.6	HFstanding
208	1575941010450	-1.336	-0.364	9.619	HFstanding
209	1575941010453	-1.338	-0.364	9.617	HFstanding
210	1575941010456	-1.334	-0.354	9.61	HFstanding
211	1575941010458	-1.338	-0.338	9.631	HFstanding
212	1575941010460	-1.334	-0.342	9.653	HFstanding
213	1575941010463	-1.343	-0.366	9.684	HFstanding
214	1575941010465	-1.355	-0.39	9.734	HFstanding
215	1575941010468	-1.35	-0.393	9.751	HFstanding
216	1575941010470	-1.341	-0.39	9.713	HFstanding
217	1575941010472	-1.31	-0.385	9.658	HFstanding
218	1575941010475	-1.274	-0.369	9.598	HFstanding
219	1575941010477	-1.264	-0.373	9.557	HFstanding
220	1575941010480	-1.255	-0.4	9.548	HFstanding
221	1575941010482	-1.252	-0.417	9.54	HFstanding
222	1575941010485	-1.266	-0.436	9.55	HFstanding
223	1575941010487	-1.271	-0.462	9.593	HFstanding
224	1575941010489	-1.274	-0.476	9.641	HFstanding
225	1575941010492	-1.276	-0.484	9.687	HFstanding
226	1575941010495	-1.271	-0.486	9.73	HFstanding
227	1575941010497	-1.264	-0.486	9.761	HFstanding
228	1575941010499	-1.269	-0.496	9.785	HFstanding
229	1575941010502	-1.257	-0.51	9.794	HFstanding
230	1575941010505	-1.235	-0.512	9.789	HFstanding
231	1575941010507	-1.243	-0.527	9.782	HFstanding
232	1575941010509	-1.259	-0.529	9.775	HFstanding
233	1575941010512	-1.266	-0.524	9.746	HFstanding
234	1575941010514	-1.281	-0.529	9.734	HFstanding
235	1575941010517	-1.302	-0.536	9.746	HFstanding
236	1575941010520	-1.319	-0.548	9.739	HFstanding
237	1575941010522	-1.331	-0.553	9.722	HFstanding
238	1575941010524	-1.343	-0.548	9.725	HFstanding
239	1575941010526	-1.357	-0.553	9.727	HFstanding
240	1575941010529	-1.357	-0.565	9.725	HFstanding
241	1575941010532	-1.35	-0.563	9.722	HFstanding
242	1575941010534	-1.35	-0.572	9.718	HFstanding
243	1575941010536	-1.348	-0.575	9.722	HFstanding
244	1575941010539	-1.341	-0.567	9.708	HFstanding
245	1575941010542	-1.324	-0.57	9.682	HFstanding
246	1575941010544	-1.31	-0.579	9.66	HFstanding
247	1575941010546	-1.298	-0.579	9.634	HFstanding
248	1575941010549	-1.283	-0.579	9.622	HFstanding
249	1575941010552	-1.274	-0.589	9.631	HFstanding
250	1575941010553	-1.271	-0.599	9.617	HFstanding
251	1575941010556	-1.274	-0.601	9.612	HFstanding
252	1575941010558	-1.274	-0.608	9.627	HFstanding
253	1575941010561	-1.278	-0.606	9.631	HFstanding
254	1575941010563	-1.293	-0.601	9.651	HFstanding
255	1575941010566	-1.314	-0.601	9.667	HFstanding
256	1575941010568	-1.329	-0.596	9.677	HFstanding
257	1575941010571	-1.343	-0.603	9.687	HFstanding
258	1575941010573	-1.362	-0.606	9.701	HFstanding
259	1575941010575	-1.384	-0.591	9.727	HFstanding
260	1575941010578	-1.41	-0.584	9.761	HFstanding
261	1575941010580	-1.424	-0.589	9.761	HFstanding
262	1575941010583	-1.436	-0.594	9.751	HFstanding
263	1575941010585	-1.453	-0.606	9.739	HFstanding
264	1575941010588	-1.465	-0.61	9.722	HFstanding
265	1575941010590	-1.451	-0.613	9.713	HFstanding
266	1575941010593	-1.453	-0.627	9.694	HFstanding
267	1575941010595	-1.46	-0.639	9.646	HFstanding
268	1575941010597	-1.463	-0.632	9.6	HFstanding
269	1575941010600	-1.48	-0.622	9.593	HFstanding
270	1575941010603	-1.487	-0.627	9.591	HFstanding
271	1575941010605	-1.501	-0.634	9.572	HFstanding
272	1575941010607	-1.513	-0.615	9.562	HFstanding
273	1575941010610	-1.511	-0.606	9.584	HFstanding
274	1575941010612	-1.499	-0.608	9.61	HFstanding
275	1575941010615	-1.48	-0.613	9.636	HFstanding
276	1575941010617	-1.458	-0.613	9.648	HFstanding
277	1575941010620	-1.439	-0.606	9.641	HFstanding
278	1575941010622	-1.42	-0.601	9.66	HFstanding
279	1575941010625	-1.398	-0.589	9.677	HFstanding
280	1575941010627	-1.386	-0.587	9.689	HFstanding
281	1575941010629	-1.379	-0.589	9.708	HFstanding
282	1575941010632	-1.355	-0.594	9.722	HFstanding
283	1575941010634	-1.353	-0.606	9.708	HFstanding
284	1575941010637	-1.362	-0.601	9.684	HFstanding
285	1575941010639	-1.362	-0.582	9.682	HFstanding
286	1575941010642	-1.367	-0.57	9.672	HFstanding
287	1575941010644	-1.372	-0.567	9.682	HFstanding
288	1575941010646	-1.379	-0.57	9.691	HFstanding
289	1575941010649	-1.381	-0.57	9.696	HFstanding
290	1575941010652	-1.384	-0.579	9.708	HFstanding
291	1575941010654	-1.384	-0.579	9.73	HFstanding
292	1575941010657	-1.386	-0.579	9.756	HFstanding
293	1575941010659	-1.401	-0.582	9.766	HFstanding
294	1575941010661	-1.401	-0.577	9.78	HFstanding
295	1575941010664	-1.403	-0.577	9.789	HFstanding
296	1575941010667	-1.403	-0.57	9.777	HFstanding
297	1575941010669	-1.403	-0.558	9.751	HFstanding
298	1575941010671	-1.413	-0.551	9.722	HFstanding
299	1575941010674	-1.424	-0.541	9.696	HFstanding
300	1575941010676	-1.434	-0.539	9.67	HFstanding
301	1575941010679	-1.422	-0.536	9.631	HFstanding
302	1575941010681	-1.396	-0.534	9.588	HFstanding
303	1575941010683	-1.396	-0.529	9.569	HFstanding
304	1575941010686	-1.396	-0.515	9.538	HFstanding
305	1575941010689	-1.389	-0.505	9.517	HFstanding
306	1575941010691	-1.403	-0.498	9.526	HFstanding
307	1575941010693	-1.429	-0.486	9.536	HFstanding
308	1575941010696	-1.441	-0.498	9.531	HFstanding
309	1575941010698	-1.465	-0.512	9.531	HFstanding
310	1575941010701	-1.501	-0.517	9.529	HFstanding
311	1575941010704	-1.527	-0.517	9.514	HFstanding
312	1575941010705	-1.537	-0.522	9.521	HFstanding
313	1575941010708	-1.532	-0.522	9.538	HFstanding
314	1575941010710	-1.539	-0.508	9.538	HFstanding
315	1575941010713	-1.549	-0.51	9.562	HFstanding
316	1575941010715	-1.537	-0.52	9.612	HFstanding
317	1575941010718	-1.527	-0.505	9.643	HFstanding
318	1575941010720	-1.525	-0.517	9.677	HFstanding
319	1575941010723	-1.513	-0.527	9.691	HFstanding
320	1575941010725	-1.489	-0.52	9.691	HFstanding
321	1575941010728	-1.472	-0.508	9.691	HFstanding
322	1575941010730	-1.465	-0.491	9.689	HFstanding
323	1575941010732	-1.446	-0.469	9.689	HFstanding
324	1575941010735	-1.436	-0.448	9.677	HFstanding
325	1575941010738	-1.434	-0.441	9.672	HFstanding
326	1575941010740	-1.408	-0.445	9.655	HFstanding
327	1575941010742	-1.384	-0.433	9.631	HFstanding
328	1575941010746	-1.377	-0.417	9.619	HFstanding
329	1575941010747	-1.374	-0.431	9.579	HFstanding
330	1575941010750	-1.372	-0.438	9.54	HFstanding
331	1575941010752	-1.367	-0.402	9.519	HFstanding
332	1575941010756	-1.369	-0.369	9.488	HFstanding
333	1575941010757	-1.367	-0.35	9.452	HFstanding
334	1575941010761	-1.367	-0.333	9.423	HFstanding
335	1575941010762	-1.372	-0.323	9.406	HFstanding
336	1575941010764	-1.389	-0.304	9.394	HFstanding
337	1575941010768	-1.413	-0.294	9.38	HFstanding
338	1575941010769	-1.427	-0.278	9.375	HFstanding
339	1575941010772	-1.453	-0.256	9.39	HFstanding
340	1575941010775	-1.48	-0.266	9.397	HFstanding
341	1575941010777	-1.503	-0.29	9.418	HFstanding
342	1575941010779	-1.527	-0.283	9.452	HFstanding
343	1575941010782	-1.554	-0.271	9.473	HFstanding
344	1575941010784	-1.571	-0.287	9.502	HFstanding
345	1575941010787	-1.554	-0.294	9.526	HFstanding
346	1575941010789	-1.52	-0.306	9.531	HFstanding
347	1575941010791	-1.487	-0.311	9.519	HFstanding
348	1575941010795	-1.453	-0.309	9.533	HFstanding
349	1575941010797	-1.42	-0.306	9.543	HFstanding
350	1575941010799	-1.381	-0.294	9.538	HFstanding
351	1575941010802	-1.35	-0.285	9.552	HFstanding
352	1575941010804	-1.338	-0.287	9.562	HFstanding
353	1575941010807	-1.348	-0.283	9.584	HFstanding
354	1575941010809	-1.381	-0.283	9.615	HFstanding
355	1575941010812	-1.41	-0.285	9.639	HFstanding
356	1575941010814	-1.429	-0.268	9.655	HFstanding
357	1575941010816	-1.477	-0.251	9.636	HFstanding
358	1575941010818	-1.52	-0.247	9.627	HFstanding
359	1575941010821	-1.559	-0.235	9.643	HFstanding
360	1575941010824	-1.606	-0.22	9.627	HFstanding
361	1575941010826	-1.633	-0.208	9.593	HFstanding
362	1575941010828	-1.65	-0.213	9.574	HFstanding
363	1575941010831	-1.688	-0.213	9.56	HFstanding
364	1575941010834	-1.721	-0.203	9.543	HFstanding
365	1575941010836	-1.731	-0.206	9.538	HFstanding
366	1575941010838	-1.733	-0.199	9.55	HFstanding
367	1575941010841	-1.736	-0.192	9.55	HFstanding
368	1575941010844	-1.75	-0.199	9.55	HFstanding
369	1575941010845	-1.745	-0.208	9.552	HFstanding
370	1575941010848	-1.736	-0.22	9.55	HFstanding
371	1575941010851	-1.743	-0.218	9.572	HFstanding
372	1575941010853	-1.731	-0.208	9.576	HFstanding
373	1575941010856	-1.712	-0.211	9.588	HFstanding
374	1575941010858	-1.707	-0.192	9.608	HFstanding
375	1575941010861	-1.693	-0.158	9.608	HFstanding
376	1575941010863	-1.654	-0.122	9.612	HFstanding
377	1575941010865	-1.63	-0.096	9.615	HFstanding
378	1575941010868	-1.623	-0.084	9.617	HFstanding
379	1575941010870	-1.609	-0.069	9.643	HFstanding
380	1575941010874	-1.602	-0.057	9.67	HFstanding
381	1575941010875	-1.602	-0.062	9.667	HFstanding
382	1575941010879	-1.606	-0.074	9.66	HFstanding
383	1575941010880	-1.618	-0.077	9.648	HFstanding
384	1575941010883	-1.621	-0.077	9.624	HFstanding
385	1575941010885	-1.621	-0.055	9.574	HFstanding
386	1575941010887	-1.621	-0.06	9.505	HFstanding
387	1575941010890	-1.616	-0.081	9.519	HFstanding
388	1575941010892	-1.616	-0.057	9.588	HFstanding
389	1575941010897	-1.604	-0.034	9.622	HFstanding
390	1575941010898	-1.58	-0.031	9.615	HFstanding
391	1575941010899	-1.559	-0.05	9.598	HFstanding
392	1575941010902	-1.542	-0.062	9.605	HFstanding
393	1575941010904	-1.535	-0.081	9.619	HFstanding
394	1575941010907	-1.527	-0.132	9.653	HFstanding
395	1575941010910	-1.501	-0.156	9.696	HFstanding
396	1575941010911	-1.475	-0.175	9.725	HFstanding
397	1575941010915	-1.453	-0.211	9.742	HFstanding
398	1575941010916	-1.432	-0.227	9.751	HFstanding
399	1575941010919	-1.41	-0.247	9.789	HFstanding
400	1575941010923	-1.393	-0.285	9.84	HFstanding
401	1575941010924	-1.398	-0.294	9.868	HFstanding
402	1575941010927	-1.41	-0.302	9.902	HFstanding
403	1575941010929	-1.403	-0.33	9.931	HFstanding
404	1575941010932	-1.391	-0.347	9.955	HFstanding
405	1575941010934	-1.384	-0.352	9.95	HFstanding
406	1575941010936	-1.381	-0.366	9.904	HFstanding
407	1575941010939	-1.391	-0.383	9.842	HFstanding
408	1575941010941	-1.379	-0.39	9.787	HFstanding
409	1575941010944	-1.377	-0.397	9.756	HFstanding
410	1575941010946	-1.384	-0.412	9.718	HFstanding
411	1575941010950	-1.372	-0.436	9.677	HFstanding
412	1575941010951	-1.372	-0.457	9.682	HFstanding
413	1575941010955	-1.362	-0.474	9.689	HFstanding
414	1575941010956	-1.319	-0.472	9.66	HFstanding
415	1575941010959	-1.283	-0.455	9.643	HFstanding
416	1575941010961	-1.255	-0.438	9.675	HFstanding
417	1575941010963	-1.216	-0.417	9.72	HFstanding
418	1575941010966	-1.195	-0.409	9.756	HFstanding
419	1575941010968	-1.192	-0.397	9.799	HFstanding
420	1575941010971	-1.192	-0.397	9.883	HFstanding
421	1575941010973	-1.195	-0.424	10.017	HFstanding
422	1575941010975	-1.207	-0.467	10.165	HFstanding
423	1575941010979	-1.245	-0.498	10.343	HFstanding
424	1575941010981	-1.295	-0.493	10.594	HFstanding
425	1575941010983	-1.314	-0.469	10.888	HFstanding
426	1575941010985	-1.319	-0.448	11.128	HFstanding
427	1575941010988	-1.319	-0.412	11.279	HFstanding
428	1575941010991	-1.336	-0.369	11.384	HFstanding
429	1575941010993	-1.386	-0.323	11.487	HFstanding
430	1575941010996	-1.448	-0.275	11.592	HFstanding
431	1575941010998	-1.52	-0.254	11.674	HFstanding
432	1575941011000	-1.616	-0.242	11.765	HFstanding
433	1575941011003	-1.702	-0.211	11.827	HFstanding
434	1575941011005	-1.805	-0.196	11.891	HFstanding
435	1575941011008	-1.927	-0.172	11.999	HFstanding
436	1575941011010	-2.047	-0.144	12.083	HFstanding
437	1575941011014	-2.181	-0.146	12.133	HFstanding
438	1575941011015	-2.294	-0.139	12.131	HFstanding
439	1575941011019	-2.382	-0.122	12.085	HFstanding
440	1575941011020	-2.454	-0.093	11.975	HFstanding
441	1575941011022	-2.497	-0.048	11.777	HFstanding
442	1575941011025	-2.511	-0.014	11.508	HFstanding
443	1575941011028	-2.514	0.031	11.183	HFstanding
444	1575941011030	-2.504	0.084	10.802	HFstanding
445	1575941011032	-2.48	0.108	10.4	HFstanding
446	1575941011034	-2.447	0.113	9.983	HFstanding
447	1575941011038	-2.437	0.084	9.588	HFstanding
448	1575941011039	-2.466	0.012	9.246	HFstanding
449	1575941011043	-2.516	-0.062	8.942	HFstanding
450	1575941011044	-2.555	-0.117	8.703	HFstanding
451	1575941011048	-2.586	-0.18	8.54	HFstanding
452	1575941011049	-2.636	-0.232	8.478	HFstanding
453	1575941011053	-2.703	-0.225	8.492	HFstanding
454	1575941011055	-2.787	-0.196	8.583	HFstanding
455	1575941011056	-2.861	-0.129	8.741	HFstanding
456	1575941011060	-2.902	-0.034	8.911	HFstanding
457	1575941011063	-2.942	0.06	9.098	HFstanding
458	1575941011065	-3.007	0.153	9.301	HFstanding
459	1575941011066	-3.043	0.227	9.485	HFstanding
460	1575941011069	-3.033	0.292	9.653	HFstanding
461	1575941011071	-3.012	0.34	9.833	HFstanding
462	1575941011074	-2.995	0.393	10.022	HFstanding
463	1575941011076	-2.969	0.436	10.199	HFstanding
464	1575941011079	-2.933	0.46	10.326	HFstanding
465	1575941011081	-2.878	0.5	10.4	HFstanding
466	1575941011083	-2.78	0.572	10.405	HFstanding
467	1575941011086	-2.677	0.651	10.326	HFstanding
468	1575941011088	-2.593	0.725	10.225	HFstanding
469	1575941011093	-2.516	0.757	10.074	HFstanding
470	1575941011095	-2.492	0.733	9.904	HFstanding
471	1575941011097	-2.497	0.692	9.78	HFstanding
472	1575941011098	-2.48	0.634	9.708	HFstanding
473	1575941011101	-2.459	0.548	9.713	HFstanding
474	1575941011103	-2.425	0.452	9.754	HFstanding
475	1575941011106	-2.361	0.376	9.818	HFstanding
476	1575941011108	-2.248	0.34	9.878	HFstanding
477	1575941011111	-2.102	0.316	9.928	HFstanding
478	1575941011113	-1.954	0.287	9.957	HFstanding
479	1575941011116	-1.796	0.275	9.986	HFstanding
480	1575941011119	-1.63	0.256	10.058	HFstanding
481	1575941011121	-1.46	0.22	10.139	HFstanding
482	1575941011122	-1.283	0.189	10.232	HFstanding
483	1575941011125	-1.089	0.156	10.304	HFstanding
484	1575941011128	-0.898	0.108	10.354	HFstanding
485	1575941011130	-0.706	0.065	10.4	HFstanding
486	1575941011132	-0.527	0.012	10.426	HFstanding
487	1575941011135	-0.378	-0.065	10.453	HFstanding
488	1575941011138	-0.235	-0.146	10.472	HFstanding
489	1575941011140	-0.129	-0.247	10.448	HFstanding
490	1575941011143	-0.067	-0.373	10.386	HFstanding
491	1575941011145	-0.041	-0.481	10.326	HFstanding
492	1575941011148	-0.06	-0.541	10.268	HFstanding
493	1575941011150	-0.074	-0.62	10.18	HFstanding
494	1575941011155	-0.081	-0.74	10.094	HFstanding
495	1575941011156	-0.103	-0.867	10.022	HFstanding
496	1575941011158	-0.141	-0.998	9.936	HFstanding
497	1575941011159	-0.213	-1.128	9.864	HFstanding
498	1575941011162	-0.29	-1.298	9.789	HFstanding
499	1575941011164	-0.34	-1.468	9.766	HFstanding
500	1575941011168	-0.362	-1.59	9.782	HFstanding
501	1575941011169	-0.366	-1.731	9.789	HFstanding
502	1575941011172	-0.354	-1.906	9.789	HFstanding
503	1575941011174	-0.328	-2.028	9.804	HFstanding
504	1575941011178	-0.285	-2.1	9.816	HFstanding
505	1575941011179	-0.208	-2.198	9.792	HFstanding
506	1575941011182	-0.117	-2.284	9.768	HFstanding
507	1575941011184	-0.053	-2.325	9.758	HFstanding
508	1575941011187	-0.01	-2.373	9.758	HFstanding
509	1575941011189	0.017	-2.442	9.744	HFstanding
510	1575941011193	0.014	-2.516	9.734	HFstanding
511	1575941011194	0.005	-2.569	9.754	HFstanding
512	1575941011196	-0.022	-2.614	9.766	HFstanding
513	1575941011198	-0.065	-2.691	9.756	HFstanding
514	1575941011201	-0.129	-2.753	9.727	HFstanding
515	1575941011205	-0.223	-2.763	9.713	HFstanding
516	1575941011206	-0.34	-2.799	9.718	HFstanding
517	1575941011211	-0.464	-2.835	9.744	HFstanding
518	1575941011213	-0.613	-2.835	9.77	HFstanding
519	1575941011214	-0.769	-2.873	9.777	HFstanding
520	1575941011216	-0.922	-2.954	9.775	HFstanding
521	1575941011220	-1.077	-3.041	9.744	HFstanding
522	1575941011222	-1.211	-3.136	9.708	HFstanding
523	1575941011223	-1.329	-3.215	9.713	HFstanding
524	1575941011226	-1.453	-3.261	9.734	HFstanding
525	1575941011231	-1.568	-3.292	9.773	HFstanding
526	1575941011232	-1.654	-3.311	9.813	HFstanding
527	1575941011233	-1.738	-3.301	9.828	HFstanding
528	1575941011235	-1.831	-3.297	9.816	HFstanding
529	1575941011240	-1.944	-3.285	9.806	HFstanding
530	1575941011241	-2.047	-3.268	9.792	HFstanding
531	1575941011244	-2.148	-3.266	9.77	HFstanding
532	1575941011245	-2.258	-3.258	9.754	HFstanding
533	1575941011249	-2.341	-3.254	9.701	HFstanding
534	1575941011250	-2.411	-3.263	9.619	HFstanding
535	1575941011255	-2.49	-3.278	9.548	HFstanding
536	1575941011256	-2.571	-3.275	9.481	HFstanding
537	1575941011258	-2.648	-3.27	9.416	HFstanding
538	1575941011272	-2.734	-3.266	9.375	HFstanding
539	1575941011273	-2.825	-3.251	9.339	HFstanding
540	1575941011274	-2.909	-3.222	9.296	HFstanding
541	1575941011275	-3.009	-3.199	9.248	HFstanding
542	1575941011276	-3.105	-3.167	9.201	HFstanding
543	1575941011277	-3.175	-3.131	9.179	HFstanding
544	1575941011278	-3.234	-3.105	9.162	HFstanding
545	1575941011279	-3.292	-3.084	9.129	HFstanding
546	1575941011281	-3.359	-3.057	9.098	HFstanding
547	1575941011283	-3.421	-3.038	9.076	HFstanding
548	1575941011284	-3.486	-3.033	9.071	HFstanding
549	1575941011289	-3.536	-3.017	9.059	HFstanding
550	1575941011290	-3.598	-3.007	9.035	HFstanding
551	1575941011292	-3.67	-3.024	9.007	HFstanding
552	1575941011296	-3.718	-3.045	8.961	HFstanding
553	1575941011297	-3.754	-3.06	8.925	HFstanding
554	1575941011300	-3.792	-3.069	8.913	HFstanding
555	1575941011303	-3.831	-3.074	8.913	HFstanding
556	1575941011304	-3.862	-3.067	8.901	HFstanding
557	1575941011307	-3.886	-3.069	8.906	HFstanding
558	1575941011309	-3.924	-3.064	8.956	HFstanding
559	1575941011311	-3.957	-3.055	9.019	HFstanding
560	1575941011314	-4.001	-3.088	9.081	HFstanding
561	1575941011316	-4.046	-3.103	9.179	HFstanding
562	1575941011319	-4.06	-3.115	9.291	HFstanding
563	1575941011321	-4.056	-3.139	9.404	HFstanding
564	1575941011323	-4.048	-3.167	9.512	HFstanding
565	1575941011327	-4.041	-3.182	9.591	HFstanding
566	1575941011329	-4.056	-3.127	9.646	HFstanding
567	1575941011331	-4.111	-3.136	9.675	HFstanding
568	1575941011334	-4.111	-3.278	9.631	HFstanding
569	1575941011336	-4.008	-3.457	9.478	HFstanding
570	1575941011339	-3.876	-3.637	9.318	HFstanding
571	1575941011341	-3.752	-3.79	9.143	HFstanding
572	1575941011344	-3.622	-3.902	8.875	HFstanding
573	1575941011348	-3.505	-3.974	8.583	HFstanding
574	1575941011349	-3.424	-4.013	8.358	HFstanding
575	1575941011352	-3.345	-4.046	8.193	HFstanding
576	1575941011355	-3.273	-4.075	8.037	HFstanding
577	1575941011357	-3.218	-4.094	7.905	HFstanding
578	1575941011358	-3.158	-4.115	7.826	HFstanding
579	1575941011360	-3.091	-4.142	7.8	HFstanding
580	1575941011365	-3.026	-4.19	7.819	HFstanding
581	1575941011366	-2.959	-4.242	7.867	HFstanding
582	1575941011370	-2.88	-4.285	7.924	HFstanding
583	1575941011371	-2.813	-4.329	8.011	HFstanding
584	1575941011373	-2.746	-4.374	8.14	HFstanding
585	1575941011375	-2.665	-4.412	8.288	HFstanding
586	1575941011378	-2.593	-4.451	8.456	HFstanding
587	1575941011380	-2.538	-4.499	8.647	HFstanding
588	1575941011383	-2.497	-4.542	8.841	HFstanding
589	1575941011386	-2.452	-4.542	9.04	HFstanding
590	1575941011388	-2.394	-4.52	9.232	HFstanding
591	1575941011390	-2.353	-4.508	9.394	HFstanding
592	1575941011393	-2.329	-4.489	9.507	HFstanding
593	1575941011396	-2.301	-4.489	9.593	HFstanding
594	1575941011397	-2.267	-4.506	9.648	HFstanding
595	1575941011403	-2.243	-4.546	9.646	HFstanding
596	1575941011404	-2.236	-4.618	9.588	HFstanding
597	1575941011406	-2.219	-4.726	9.481	HFstanding
598	1575941011407	-2.205	-4.838	9.33	HFstanding
599	1575941011420	-2.191	-4.932	9.155	HFstanding
600	1575941011421	-2.157	-5.023	8.985	HFstanding
601	1575941011422	-2.121	-5.104	8.805	HFstanding
602	1575941011423	-2.078	-5.183	8.619	HFstanding
603	1575941011424	-2.016	-5.279	8.408	HFstanding
604	1575941011426	-1.958	-5.377	8.195	HFstanding
605	1575941011427	-1.908	-5.442	7.996	HFstanding
606	1575941011428	-1.889	-5.48	7.814	HFstanding
607	1575941011429	-1.887	-5.518	7.647	HFstanding
608	1575941011434	-1.891	-5.564	7.489	HFstanding
609	1575941011435	-1.934	-5.614	7.347	HFstanding
610	1575941011437	-2.001	-5.655	7.228	HFstanding
611	1575941011439	-2.078	-5.71	7.144	HFstanding
612	1575941011442	-2.15	-5.779	7.077	HFstanding
613	1575941011445	-2.243	-5.842	7.017	HFstanding
614	1575941011448	-2.353	-5.88	6.976	HFstanding
615	1575941011451	-2.471	-5.909	6.962	HFstanding
616	1575941011452	-2.605	-5.945	6.94	HFstanding
617	1575941011454	-2.744	-5.964	6.919	HFstanding
618	1575941011456	-2.868	-5.985	6.897	HFstanding
619	1575941011460	-2.969	-6.009	6.914	HFstanding
620	1575941011461	-3.067	-6.019	6.984	HFstanding
621	1575941011464	-3.167	-6.043	7.075	HFstanding
622	1575941011466	-3.268	-6.079	7.187	HFstanding
623	1575941011468	-3.347	-6.11	7.343	HFstanding
624	1575941011474	-3.383	-6.148	7.527	HFstanding
625	1575941011475	-3.409	-6.189	7.723	HFstanding
626	1575941011476	-3.416	-6.239	7.915	HFstanding
627	1575941011478	-3.397	-6.304	8.094	HFstanding
628	1575941011481	-3.366	-6.368	8.238	HFstanding
629	1575941011484	-3.316	-6.421	8.334	HFstanding
630	1575941011485	-3.256	-6.452	8.418	HFstanding
631	1575941011488	-3.201	-6.466	8.492	HFstanding
632	1575941011490	-3.146	-6.469	8.521	HFstanding
633	1575941011494	-3.081	-6.462	8.501	HFstanding
634	1575941011495	-3.024	-6.454	8.446	HFstanding
635	1575941011498	-2.995	-6.454	8.367	HFstanding
636	1575941011500	-2.973	-6.435	8.25	HFstanding
637	1575941011503	-2.964	-6.421	8.111	HFstanding
638	1575941011505	-2.983	-6.438	7.968	HFstanding
639	1575941011508	-3	-6.445	7.814	HFstanding
640	1575941011510	-3.005	-6.454	7.647	HFstanding
641	1575941011513	-3.036	-6.469	7.474	HFstanding
642	1575941011517	-3.141	-6.366	7.324	HFstanding
643	1575941011518	-3.294	-6.299	7.166	HFstanding
644	1575941011521	-3.402	-6.395	6.948	HFstanding
645	1575941011522	-3.426	-6.514	6.694	HFstanding
646	1575941011525	-3.416	-6.624	6.5	HFstanding
647	1575941011528	-3.452	-6.708	6.373	HFstanding
648	1575941011530	-3.524	-6.725	6.215	HFstanding
649	1575941011534	-3.584	-6.703	6.002	HFstanding
650	1575941011535	-3.675	-6.692	5.844	HFstanding
651	1575941011537	-3.754	-6.668	5.763	HFstanding
652	1575941011540	-3.821	-6.641	5.729	HFstanding
653	1575941011542	-3.898	-6.622	5.731	HFstanding
654	1575941011545	-3.965	-6.627	5.751	HFstanding
655	1575941011548	-4.027	-6.653	5.763	HFstanding
656	1575941011549	-4.094	-6.701	5.779	HFstanding
657	1575941011554	-4.154	-6.773	5.827	HFstanding
658	1575941011555	-4.204	-6.85	5.885	HFstanding
659	1575941011558	-4.242	-6.94	5.947	HFstanding
660	1575941011560	-4.261	-7.041	6.038	HFstanding
661	1575941011562	-4.259	-7.156	6.155	HFstanding
662	1575941011565	-4.228	-7.285	6.304	HFstanding
663	1575941011566	-4.171	-7.412	6.466	HFstanding
664	1575941011572	-4.094	-7.541	6.605	HFstanding
665	1575941011573	-4.013	-7.642	6.73	HFstanding
666	1575941011574	-3.914	-7.738	6.871	HFstanding
667	1575941011578	-3.773	-7.848	6.984	HFstanding
668	1575941011579	-3.627	-7.953	7.041	HFstanding
669	1575941011583	-3.498	-8.008	7.01	HFstanding
670	1575941011584	-3.39	-8.003	6.9	HFstanding
671	1575941011588	-3.297	-7.924	6.818	HFstanding
672	1575941011589	-3.21	-7.824	6.814	HFstanding
673	1575941011592	-3.131	-7.762	6.83	HFstanding
674	1575941011594	-3.041	-7.683	6.794	HFstanding
675	1575941011596	-2.971	-7.558	6.715	HFstanding
676	1575941011599	-2.911	-7.419	6.672	HFstanding
677	1575941011603	-2.842	-7.319	6.656	HFstanding
678	1575941011604	-2.78	-7.237	6.62	HFstanding
679	1575941011606	-2.71	-7.158	6.56	HFstanding
680	1575941011609	-2.631	-7.089	6.488	HFstanding
681	1575941011611	-2.574	-7.003	6.399	HFstanding
682	1575941011613	-2.526	-6.924	6.311	HFstanding
683	1575941011615	-2.471	-6.878	6.225	HFstanding
684	1575941011620	-2.43	-6.845	6.134	HFstanding
685	1575941011621	-2.437	-6.809	6.033	HFstanding
686	1575941011623	-2.452	-6.823	5.93	HFstanding
687	1575941011626	-2.466	-6.869	5.87	HFstanding
688	1575941011628	-2.521	-6.945	5.844	HFstanding
689	1575941011631	-2.569	-7.048	5.832	HFstanding
690	1575941011633	-2.602	-7.175	5.803	HFstanding
691	1575941011637	-2.645	-7.295	5.729	HFstanding
692	1575941011638	-2.684	-7.383	5.676	HFstanding
693	1575941011640	-2.722	-7.467	5.648	HFstanding
694	1575941011645	-2.763	-7.525	5.633	HFstanding
695	1575941011646	-2.818	-7.565	5.633	HFstanding
696	1575941011648	-2.863	-7.618	5.621	HFstanding
697	1575941011651	-2.897	-7.661	5.612	HFstanding
698	1575941011654	-2.926	-7.683	5.593	HFstanding
699	1575941011655	-2.935	-7.697	5.581	HFstanding
700	1575941011659	-2.935	-7.695	5.607	HFstanding
701	1575941011660	-2.918	-7.685	5.688	HFstanding
702	1575941011672	-2.885	-7.692	5.813	HFstanding
703	1575941011673	-2.849	-7.692	5.942	HFstanding
704	1575941011674	-2.842	-7.659	6.093	HFstanding
705	1575941011675	-2.847	-7.618	6.246	HFstanding
706	1575941011676	-2.849	-7.582	6.383	HFstanding
707	1575941011677	-2.882	-7.556	6.531	HFstanding
708	1575941011678	-2.928	-7.537	6.639	HFstanding
709	1575941011679	-2.973	-7.503	6.68	HFstanding
710	1575941011682	-3.009	-7.47	6.703	HFstanding
711	1575941011684	-3.055	-7.448	6.754	HFstanding
712	1575941011687	-3.108	-7.453	6.797	HFstanding
713	1575941011689	-3.141	-7.489	6.782	HFstanding
714	1575941011691	-3.16	-7.534	6.747	HFstanding
715	1575941011694	-3.167	-7.573	6.713	HFstanding
716	1575941011696	-3.165	-7.611	6.67	HFstanding
717	1575941011699	-3.16	-7.652	6.641	HFstanding
718	1575941011701	-3.143	-7.704	6.596	HFstanding
719	1575941011704	-3.103	-7.754	6.526	HFstanding
720	1575941011706	-3.06	-7.783	6.466	HFstanding
721	1575941011710	-2.99	-7.829	6.385	HFstanding
722	1575941011711	-2.914	-7.853	6.261	HFstanding
723	1575941011715	-2.832	-7.845	6.143	HFstanding
724	1575941011716	-2.732	-7.836	6.043	HFstanding
725	1575941011720	-2.665	-7.793	5.961	HFstanding
726	1575941011723	-2.595	-7.754	5.866	HFstanding
727	1575941011726	-2.521	-7.702	5.753	HFstanding
728	1575941011727	-2.442	-7.62	5.645	HFstanding
729	1575941011728	-2.344	-7.546	5.547	HFstanding
730	1575941011731	-2.255	-7.501	5.444	HFstanding
731	1575941011734	-2.164	-7.482	5.348	HFstanding
732	1575941011735	-2.066	-7.462	5.255	HFstanding
733	1575941011738	-1.973	-7.47	5.188	HFstanding
734	1575941011740	-1.896	-7.503	5.126	HFstanding
735	1575941011743	-1.827	-7.539	5.008	HFstanding
736	1575941011745	-1.755	-7.582	4.865	HFstanding
737	1575941011748	-1.685	-7.63	4.714	HFstanding
738	1575941011751	-1.635	-7.664	4.53	HFstanding
739	1575941011753	-1.597	-7.683	4.329	HFstanding
740	1575941011755	-1.559	-7.687	4.135	HFstanding
741	1575941011758	-1.527	-7.668	3.919	HFstanding
742	1575941011761	-1.499	-7.644	3.708	HFstanding
743	1575941011763	-1.482	-7.649	3.515	HFstanding
744	1575941011765	-1.463	-7.644	3.33	HFstanding
745	1575941011767	-1.446	-7.625	3.187	HFstanding
746	1575941011770	-1.446	-7.608	3.055	HFstanding
747	1575941011772	-1.429	-7.585	2.942	HFstanding
748	1575941011775	-1.398	-7.532	2.863	HFstanding
749	1575941011778	-1.372	-7.46	2.815	HFstanding
750	1575941011779	-1.338	-7.4	2.789	HFstanding
751	1575941011783	-1.317	-7.357	2.772	HFstanding
752	1575941011785	-1.302	-7.345	2.799	HFstanding
753	1575941011787	-1.295	-7.343	2.863	HFstanding
754	1575941011790	-1.293	-7.343	2.935	HFstanding
755	1575941011793	-1.274	-7.374	3.009	HFstanding
756	1575941011795	-1.262	-7.403	3.12	HFstanding
757	1575941011799	-1.274	-7.415	3.282	HFstanding
758	1575941011800	-1.266	-7.41	3.414	HFstanding
759	1575941011804	-1.216	-7.4	3.534	HFstanding
760	1575941011805	-1.14	-7.443	3.682	HFstanding
761	1575941011807	-1.061	-7.537	3.795	HFstanding
762	1575941011809	-0.994	-7.642	3.862	HFstanding
763	1575941011812	-0.948	-7.702	3.948	HFstanding
764	1575941011814	-0.91	-7.731	4.039	HFstanding
765	1575941011817	-0.891	-7.754	4.099	HFstanding
766	1575941011819	-0.874	-7.752	4.147	HFstanding
767	1575941011821	-0.859	-7.766	4.194	HFstanding
768	1575941011825	-0.874	-7.793	4.235	HFstanding
769	1575941011826	-0.905	-7.829	4.257	HFstanding
770	1575941011830	-0.938	-7.865	4.261	HFstanding
771	1575941011831	-0.96	-7.901	4.242	HFstanding
772	1575941011834	-0.974	-7.958	4.204	HFstanding
773	1575941011836	-0.994	-7.994	4.151	HFstanding
774	1575941011838	-1.003	-8.015	4.092	HFstanding
775	1575941011842	-1.015	-8.039	4.029	HFstanding
776	1575941011844	-1.044	-8.042	3.967	HFstanding
777	1575941011846	-1.08	-8.042	3.917	HFstanding
778	1575941011848	-1.106	-8.049	3.857	HFstanding
779	1575941011851	-1.132	-8.061	3.787	HFstanding
780	1575941011853	-1.178	-8.078	3.713	HFstanding
781	1575941011856	-1.228	-8.106	3.632	HFstanding
782	1575941011859	-1.264	-8.147	3.548	HFstanding
783	1575941011860	-1.295	-8.178	3.481	HFstanding
784	1575941011864	-1.322	-8.19	3.419	HFstanding
785	1575941011866	-1.345	-8.214	3.376	HFstanding
786	1575941011868	-1.365	-8.243	3.342	HFstanding
787	1575941011871	-1.384	-8.252	3.301	HFstanding
788	1575941011873	-1.405	-8.272	3.266	HFstanding
789	1575941011875	-1.427	-8.272	3.225	HFstanding
790	1575941011878	-1.444	-8.24	3.189	HFstanding
791	1575941011885	-1.453	-8.217	3.158	HFstanding
792	1575941011886	-1.465	-8.185	3.139	HFstanding
793	1575941011887	-1.48	-8.14	3.1	HFstanding
794	1575941011888	-1.487	-8.111	3.062	HFstanding
795	1575941011891	-1.494	-8.097	3.052	HFstanding
796	1575941011893	-1.494	-8.078	3.029	HFstanding
797	1575941011897	-1.489	-8.054	3.007	HFstanding
798	1575941011898	-1.513	-8.032	3.005	HFstanding
799	1575941011900	-1.53	-8.001	2.964	HFstanding
800	1575941011902	-1.511	-7.963	2.875	HFstanding
801	1575941011906	-1.496	-7.929	2.792	HFstanding
802	1575941011907	-1.506	-7.901	2.72	HFstanding
803	1575941011912	-1.518	-7.874	2.624	HFstanding
804	1575941011913	-1.542	-7.848	2.514	HFstanding
805	1575941011917	-1.563	-7.817	2.396	HFstanding
806	1575941011918	-1.59	-7.79	2.274	HFstanding
807	1575941011921	-1.621	-7.766	2.176	HFstanding
808	1575941011925	-1.669	-7.74	2.09	HFstanding
809	1575941011926	-1.721	-7.747	2.006	HFstanding
810	1575941011927	-1.784	-7.764	1.934	HFstanding
811	1575941011929	-1.86	-7.769	1.884	HFstanding
812	1575941011934	-1.927	-7.778	1.827	HFstanding
813	1575941011935	-1.989	-7.766	1.774	HFstanding
814	1575941011937	-2.047	-7.745	1.736	HFstanding
815	1575941011939	-2.1	-7.723	1.695	HFstanding
816	1575941011942	-2.157	-7.699	1.671	HFstanding
817	1575941011944	-2.227	-7.671	1.7	HFstanding
818	1575941011947	-2.286	-7.632	1.743	HFstanding
819	1575941011949	-2.322	-7.592	1.805	HFstanding
820	1575941011951	-2.344	-7.553	1.899	HFstanding
821	1575941011956	-2.375	-7.491	2.045	HFstanding
822	1575941011957	-2.413	-7.415	2.234	HFstanding
823	1575941011961	-2.42	-7.355	2.408	HFstanding
824	1575941011962	-2.411	-7.304	2.602	HFstanding
825	1575941011964	-2.413	-7.302	2.815	HFstanding
826	1575941011969	-2.416	-7.333	3.009	HFstanding
827	1575941011970	-2.385	-7.355	3.203	HFstanding
828	1575941011973	-2.351	-7.357	3.395	HFstanding
829	1575941011974	-2.315	-7.362	3.589	HFstanding
830	1575941011976	-2.284	-7.391	3.768	HFstanding
831	1575941011979	-2.248	-7.422	3.905	HFstanding
832	1575941011985	-2.198	-7.426	4.013	HFstanding
833	1575941011986	-2.148	-7.419	4.099	HFstanding
834	1575941011987	-2.083	-7.429	4.194	HFstanding
835	1575941011989	-2.033	-7.422	4.288	HFstanding
836	1575941011992	-1.994	-7.398	4.321	HFstanding
837	1575941011993	-1.961	-7.383	4.326	HFstanding
838	1575941011996	-1.951	-7.371	4.338	HFstanding
839	1575941012004	-1.954	-7.35	4.324	HFstanding
840	1575941012005	-1.954	-7.307	4.257	HFstanding
841	1575941012006	-1.97	-7.276	4.187	HFstanding
842	1575941012007	-2.006	-7.233	4.13	HFstanding
843	1575941012008	-2.049	-7.199	4.06	HFstanding
844	1575941012010	-2.085	-7.204	4.001	HFstanding
845	1575941012013	-2.131	-7.218	3.979	HFstanding
846	1575941012015	-2.183	-7.257	3.967	HFstanding
847	1575941012018	-2.227	-7.283	3.929	HFstanding
848	1575941012020	-2.253	-7.292	3.876	HFstanding
849	1575941012023	-2.289	-7.304	3.823	HFstanding
850	1575941012025	-2.332	-7.319	3.737	HFstanding
851	1575941012028	-2.365	-7.328	3.62	HFstanding
852	1575941012030	-2.385	-7.326	3.488	HFstanding
853	1575941012035	-2.406	-7.34	3.371	HFstanding
854	1575941012036	-2.428	-7.359	3.27	HFstanding
855	1575941012039	-2.437	-7.405	3.143	HFstanding
856	1575941012040	-2.44	-7.467	3.043	HFstanding
857	1575941012044	-2.425	-7.52	2.976	HFstanding
858	1575941012045	-2.42	-7.575	2.89	HFstanding
859	1575941012050	-2.418	-7.63	2.775	HFstanding
860	1575941012051	-2.404	-7.68	2.691	HFstanding
861	1575941012052	-2.394	-7.702	2.634	HFstanding
862	1575941012055	-2.394	-7.714	2.555	HFstanding
863	1575941012057	-2.411	-7.726	2.478	HFstanding
864	1575941012059	-2.428	-7.716	2.416	HFstanding
865	1575941012064	-2.442	-7.707	2.375	HFstanding
866	1575941012065	-2.471	-7.697	2.368	HFstanding
867	1575941012069	-2.48	-7.68	2.373	HFstanding
868	1575941012070	-2.497	-7.656	2.37	HFstanding
869	1575941012073	-2.502	-7.642	2.377	HFstanding
870	1575941012074	-2.483	-7.644	2.432	HFstanding
871	1575941012078	-2.471	-7.649	2.509	HFstanding
872	1575941012079	-2.456	-7.644	2.6	HFstanding
873	1575941012082	-2.447	-7.656	2.689	HFstanding
874	1575941012084	-2.442	-7.68	2.787	HFstanding
875	1575941012086	-2.44	-7.721	2.928	HFstanding
876	1575941012090	-2.459	-7.766	3.084	HFstanding
877	1575941012092	-2.492	-7.836	3.208	HFstanding
878	1575941012094	-2.569	-7.953	3.325	HFstanding
879	1575941012097	-2.684	-8.104	3.462	HFstanding
880	1575941012099	-2.823	-8.312	3.589	HFstanding
881	1575941012101	-3.019	-8.602	3.696	HFstanding
882	1575941012104	-3.249	-8.973	3.783	HFstanding
883	1575941012106	-3.486	-9.392	3.833	HFstanding
884	1575941012111	-3.74	-9.78	3.876	HFstanding
885	1575941012112	-3.993	-10.082	3.89	HFstanding
886	1575941012114	-4.211	-10.28	3.869	HFstanding
887	1575941012117	-4.405	-10.386	3.859	HFstanding
888	1575941012119	-4.554	-10.422	3.874	HFstanding
889	1575941012122	-4.673	-10.422	3.895	HFstanding
890	1575941012124	-4.771	-10.412	3.91	HFstanding
891	1575941012126	-4.846	-10.398	3.936	HFstanding
892	1575941012128	-4.915	-10.39	3.984	HFstanding
893	1575941012131	-4.975	-10.381	4.032	HFstanding
894	1575941012133	-5.03	-10.366	4.058	HFstanding
895	1575941012135	-5.061	-10.366	4.06	HFstanding
896	1575941012138	-5.095	-10.335	4.07	HFstanding
897	1575941012140	-5.131	-10.28	4.092	HFstanding
898	1575941012144	-5.131	-10.216	4.115	HFstanding
899	1575941012145	-5.095	-10.141	4.151	HFstanding
900	1575941012148	-5.011	-10.072	4.204	HFstanding
901	1575941012150	-4.879	-10.01	4.271	HFstanding
902	1575941012153	-4.688	-9.921	4.341	HFstanding
903	1575941012155	-4.455	-9.809	4.405	HFstanding
904	1575941012158	-4.192	-9.718	4.482	HFstanding
905	1575941012160	-3.883	-9.636	4.554	HFstanding
906	1575941012163	-3.562	-9.543	4.594	HFstanding
907	1575941012165	-3.244	-9.414	4.63	HFstanding
908	1575941012169	-2.928	-9.275	4.645	HFstanding
909	1575941012170	-2.624	-9.162	4.633	HFstanding
910	1575941012173	-2.341	-9.059	4.606	HFstanding
911	1575941012175	-2.09	-8.964	4.568	HFstanding
912	1575941012177	-1.882	-8.863	4.51	HFstanding
913	1575941012179	-1.693	-8.753	4.448	HFstanding
914	1575941012183	-1.535	-8.645	4.372	HFstanding
915	1575941012185	-1.424	-8.537	4.25	HFstanding
916	1575941012187	-1.365	-8.449	4.092	HFstanding
917	1575941012190	-1.348	-8.391	3.924	HFstanding
918	1575941012192	-1.355	-8.355	3.728	HFstanding
919	1575941012194	-1.415	-8.331	3.486	HFstanding
920	1575941012197	-1.496	-8.331	3.225	HFstanding
921	1575941012200	-1.592	-8.351	2.966	HFstanding
922	1575941012202	-1.721	-8.372	2.708	HFstanding
923	1575941012204	-1.882	-8.408	2.452	HFstanding
924	1575941012207	-2.071	-8.461	2.193	HFstanding
925	1575941012209	-2.274	-8.533	1.937	HFstanding
926	1575941012212	-2.533	-8.602	1.738	HFstanding
927	1575941012214	-2.847	-8.657	1.513	HFstanding
928	1575941012217	-3.057	-8.726	1.166	HFstanding
929	1575941012219	-3.127	-8.817	0.895	HFstanding
930	1575941012222	-3.187	-8.916	0.682	HFstanding
931	1575941012224	-3.256	-9.035	0.39	HFstanding
932	1575941012226	-3.304	-9.11	0.117	HFstanding
933	1575941012228	-3.323	-9.098	-0.108	HFstanding
934	1575941012231	-3.301	-9.043	-0.292	HFstanding
935	1575941012234	-3.227	-8.98	-0.455	HFstanding
936	1575941012236	-3.139	-8.923	-0.613	HFstanding
937	1575941012238	-3.062	-8.858	-0.747	HFstanding
938	1575941012241	-2.973	-8.798	-0.836	HFstanding
939	1575941012244	-2.902	-8.755	-0.893	HFstanding
940	1575941012245	-2.851	-8.729	-0.95	HFstanding
941	1575941012249	-2.784	-8.695	-1.041	HFstanding
942	1575941012250	-2.71	-8.667	-1.125	HFstanding
943	1575941012254	-2.631	-8.662	-1.195	HFstanding
944	1575941012255	-2.538	-8.671	-1.283	HFstanding
945	1575941012259	-2.44	-8.662	-1.374	HFstanding
946	1575941012261	-2.368	-8.604	-1.456	HFstanding
947	1575941012263	-2.339	-8.58	-1.484	HFstanding
948	1575941012265	-2.282	-8.65	-1.487	HFstanding
949	1575941012268	-2.162	-8.765	-1.496	HFstanding
950	1575941012270	-2.018	-8.88	-1.53	HFstanding
951	1575941012274	-1.894	-8.944	-1.578	HFstanding
952	1575941012275	-1.812	-8.964	-1.642	HFstanding
953	1575941012278	-1.772	-8.99	-1.726	HFstanding
954	1575941012280	-1.741	-9.023	-1.788	HFstanding
955	1575941012284	-1.729	-9.078	-1.822	HFstanding
956	1575941012285	-1.75	-9.148	-1.848	HFstanding
957	1575941012288	-1.788	-9.258	-1.877	HFstanding
958	1575941012290	-1.841	-9.411	-1.877	HFstanding
959	1575941012293	-1.903	-9.548	-1.846	HFstanding
960	1575941012294	-1.992	-9.66	-1.767	HFstanding
961	1575941012297	-2.088	-9.761	-1.635	HFstanding
962	1575941012300	-2.195	-9.876	-1.477	HFstanding
963	1575941012303	-2.341	-10.029	-1.3	HFstanding
964	1575941012304	-2.492	-10.201	-1.082	HFstanding
965	1575941012307	-2.653	-10.333	-0.826	HFstanding
966	1575941012309	-2.813	-10.441	-0.56	HFstanding
967	1575941012312	-2.964	-10.556	-0.297	HFstanding
968	1575941012314	-3.115	-10.685	-0.022	HFstanding
969	1575941012317	-3.27	-10.821	0.283	HFstanding
970	1575941012319	-3.409	-10.927	0.606	HFstanding
971	1575941012323	-3.538	-11.003	0.927	HFstanding
972	1575941012324	-3.675	-11.075	1.245	HFstanding
973	1575941012327	-3.787	-11.135	1.585	HFstanding
974	1575941012329	-3.881	-11.188	1.942	HFstanding
975	1575941012332	-3.95	-11.231	2.291	HFstanding
976	1575941012334	-3.993	-11.255	2.631	HFstanding
977	1575941012337	-4.034	-11.257	2.959	HFstanding
978	1575941012339	-4.056	-11.204	3.309	HFstanding
979	1575941012341	-4.051	-11.082	3.653	HFstanding
980	1575941012344	-4.003	-10.934	3.972	HFstanding
981	1575941012346	-3.898	-10.766	4.29	HFstanding
982	1575941012349	-3.756	-10.544	4.597	HFstanding
983	1575941012351	-3.596	-10.275	4.915	HFstanding
984	1575941012354	-3.4	-10.017	5.245	HFstanding
985	1575941012356	-3.199	-9.775	5.571	HFstanding
986	1575941012359	-3.021	-9.569	5.899	HFstanding
987	1575941012361	-2.868	-9.406	6.189	HFstanding
988	1575941012364	-2.734	-9.263	6.445	HFstanding
989	1575941012367	-2.636	-9.138	6.656	HFstanding
990	1575941012368	-2.576	-9.05	6.806	HFstanding
991	1575941012372	-2.545	-8.992	6.912	HFstanding
992	1575941012374	-2.547	-8.935	6.984	HFstanding
993	1575941012375	-2.595	-8.899	7.029	HFstanding
994	1575941012379	-2.66	-8.889	7.015	HFstanding
995	1575941012381	-2.729	-8.884	6.943	HFstanding
996	1575941012383	-2.83	-8.88	6.828	HFstanding
997	1575941012385	-2.909	-8.851	6.656	HFstanding
998	1575941012389	-2.964	-8.822	6.416	HFstanding
999	1575941012390	-3.033	-8.777	6.136	HFstanding
1000	1575941012393	-3.084	-8.717	5.82	HFstanding
1001	1575941012395	-3.115	-8.691	5.468	HFstanding
1002	1575941012398	-3.117	-8.681	5.095	HFstanding
1003	1575941012400	-3.096	-8.688	4.752	HFstanding
1004	1575941012405	-3.062	-8.705	4.436	HFstanding
1005	1575941012408	-3.026	-8.729	4.115	HFstanding
1006	1575941012409	-2.983	-8.765	3.79	HFstanding
1007	1575941012410	-2.918	-8.803	3.495	HFstanding
1008	1575941012415	-2.859	-8.827	3.227	HFstanding
1009	1575941012416	-2.796	-8.849	2.952	HFstanding
1010	1575941012417	-2.739	-8.884	2.693	HFstanding
1011	1575941012420	-2.698	-8.911	2.449	HFstanding
1012	1575941012425	-2.665	-8.925	2.21	HFstanding
1013	1575941012426	-2.645	-8.947	1.973	HFstanding
1014	1575941012427	-2.643	-8.968	1.745	HFstanding
1015	1575941012429	-2.672	-9.004	1.537	HFstanding
1016	1575941012432	-2.727	-9.038	1.343	HFstanding
1017	1575941012436	-2.808	-9.059	1.147	HFstanding
1018	1575941012437	-2.885	-9.093	0.962	HFstanding
1019	1575941012440	-2.973	-9.122	0.812	HFstanding
1020	1575941012441	-3.079	-9.143	0.678	HFstanding
1021	1575941012444	-3.172	-9.138	0.539	HFstanding
1022	1575941012446	-3.268	-9.122	0.417	HFstanding
1023	1575941012449	-3.373	-9.107	0.328	HFstanding
1024	1575941012451	-3.5	-9.098	0.227	HFstanding
1025	1575941012453	-3.632	-9.086	0.134	HFstanding
1026	1575941012456	-3.752	-9.069	0.057	HFstanding
1027	1575941012458	-3.878	-9.064	-0.029	HFstanding
1028	1575941012461	-3.996	-9.064	-0.103	HFstanding
1029	1575941012463	-4.111	-9.069	-0.184	HFstanding
1030	1575941012466	-4.226	-9.071	-0.259	HFstanding
1031	1575941012469	-4.312	-9.066	-0.316	HFstanding
1032	1575941012470	-4.372	-9.057	-0.345	HFstanding
1033	1575941012474	-4.431	-9.057	-0.342	HFstanding
1034	1575941012475	-4.472	-9.064	-0.335	HFstanding
1035	1575941012478	-4.499	-9.088	-0.335	HFstanding
1036	1575941012480	-4.51	-9.117	-0.306	HFstanding
1037	1575941012483	-4.52	-9.141	-0.275	HFstanding
1038	1575941012485	-4.527	-9.15	-0.239	HFstanding
1039	1575941012487	-4.537	-9.15	-0.172	HFstanding
1040	1575941012490	-4.561	-9.167	-0.105	HFstanding
1041	1575941012493	-4.587	-9.177	-0.031	HFstanding
1042	1575941012495	-4.606	-9.198	0.055	HFstanding
1043	1575941012498	-4.621	-9.224	0.16	HFstanding
1044	1575941012500	-4.623	-9.244	0.304	HFstanding
1045	1575941012503	-4.594	-9.28	0.481	HFstanding
1046	1575941012505	-4.53	-9.318	0.697	HFstanding
1047	1575941012508	-4.41	-9.342	0.922	HFstanding
1048	1575941012511	-4.228	-9.354	1.12	HFstanding
1049	1575941012513	-3.984	-9.342	1.341	HFstanding
1050	1575941012515	-3.699	-9.323	1.573	HFstanding
1051	1575941012518	-3.397	-9.32	1.817	HFstanding
1052	1575941012520	-3.103	-9.315	2.119	HFstanding
1053	1575941012523	-2.803	-9.306	2.432	HFstanding
1054	1575941012525	-2.521	-9.294	2.76	HFstanding
1055	1575941012527	-2.284	-9.294	3.115	HFstanding
1056	1575941012530	-2.078	-9.277	3.443	HFstanding
1057	1575941012533	-1.894	-9.256	3.747	HFstanding
1058	1575941012535	-1.741	-9.239	4.039	HFstanding
1059	1575941012537	-1.621	-9.208	4.288	HFstanding
1060	1575941012541	-1.496	-9.169	4.51	HFstanding
1061	1575941012543	-1.36	-9.145	4.702	HFstanding
1062	1575941012545	-1.245	-9.119	4.827	HFstanding
1063	1575941012547	-1.154	-9.078	4.913	HFstanding
1064	1575941012550	-1.082	-9.043	4.968	HFstanding
1065	1575941012552	-1.032	-9.019	4.958	HFstanding
1066	1575941012554	-1.013	-8.99	4.903	HFstanding
1067	1575941012557	-1.022	-8.971	4.822	HFstanding
1068	1575941012559	-1.061	-8.973	4.7	HFstanding
1069	1575941012562	-1.118	-8.98	4.542	HFstanding
1070	1575941012565	-1.197	-8.997	4.348	HFstanding
1071	1575941012567	-1.29	-9.004	4.113	HFstanding
1072	1575941012570	-1.389	-8.999	3.843	HFstanding
1073	1575941012572	-1.503	-9.011	3.546	HFstanding
1074	1575941012574	-1.64	-9.014	3.246	HFstanding
1075	1575941012579	-1.788	-9.007	2.966	HFstanding
1076	1575941012580	-1.937	-9.021	2.693	HFstanding
1077	1575941012581	-2.085	-9.047	2.413	HFstanding
1078	1575941012585	-2.231	-9.066	2.138	HFstanding
1079	1575941012587	-2.368	-9.095	1.879	HFstanding
1080	1575941012589	-2.49	-9.15	1.616	HFstanding
1081	1575941012593	-2.617	-9.208	1.369	HFstanding
1082	1575941012594	-2.746	-9.241	1.152	HFstanding
1083	1575941012596	-2.866	-9.263	0.948	HFstanding
1084	1575941012600	-2.978	-9.291	0.747	HFstanding
1085	1575941012601	-3.093	-9.313	0.555	HFstanding
1086	1575941012606	-3.203	-9.335	0.383	HFstanding
1087	1575941012607	-3.297	-9.342	0.239	HFstanding
1088	1575941012609	-3.4	-9.361	0.127	HFstanding
1089	1575941012612	-3.524	-9.414	0.031	HFstanding
1090	1575941012614	-3.641	-9.447	-0.034	HFstanding
1091	1575941012616	-3.749	-9.454	-0.067	HFstanding
1092	1575941012618	-3.845	-9.457	-0.098	HFstanding
1093	1575941012623	-3.941	-9.469	-0.124	HFstanding
1094	1575941012624	-4.024	-9.473	-0.122	HFstanding
1095	1575941012626	-4.101	-9.469	-0.108	HFstanding
1096	1575941012629	-4.171	-9.471	-0.086	HFstanding
1097	1575941012631	-4.204	-9.469	-0.041	HFstanding
1098	1575941012634	-4.242	-9.447	0.022	HFstanding
1099	1575941012636	-4.271	-9.43	0.086	HFstanding
1100	1575941012638	-4.266	-9.416	0.16	HFstanding
1101	1575941012643	-4.259	-9.406	0.22	HFstanding
1102	1575941012644	-4.247	-9.368	0.28	HFstanding
1103	1575941012645	-4.209	-9.323	0.369	HFstanding
1104	1575941012650	-4.147	-9.291	0.464	HFstanding
1105	1575941012651	-4.084	-9.272	0.534	HFstanding
1106	1575941012654	-4.013	-9.268	0.579	HFstanding
1107	1575941012655	-3.912	-9.284	0.661	HFstanding
1108	1575941012658	-3.792	-9.294	0.759	HFstanding
1109	1575941012660	-3.68	-9.282	0.85	HFstanding
1110	1575941012663	-3.555	-9.277	0.958	HFstanding
1111	1575941012667	-3.424	-9.277	1.068	HFstanding
1112	1575941012671	-3.278	-9.256	1.18	HFstanding
1113	1575941012672	-3.131	-9.224	1.293	HFstanding
1114	1575941012673	-2.99	-9.205	1.403	HFstanding
1115	1575941012677	-2.835	-9.201	1.503	HFstanding
1116	1575941012678	-2.693	-9.186	1.621	HFstanding
1117	1575941012682	-2.574	-9.179	1.741	HFstanding
1118	1575941012683	-2.461	-9.177	1.827	HFstanding
1119	1575941012685	-2.377	-9.179	1.896	HFstanding
1120	1575941012690	-2.325	-9.208	1.963	HFstanding
1121	1575941012691	-2.27	-9.26	2.025	HFstanding
1122	1575941012692	-2.227	-9.318	2.064	HFstanding
1123	1575941012697	-2.186	-9.373	2.071	HFstanding
1124	1575941012698	-2.143	-9.416	2.076	HFstanding
1125	1575941012701	-2.109	-9.435	2.057	HFstanding
1126	1575941012703	-2.088	-9.442	2.023	HFstanding
1127	1575941012704	-2.09	-9.457	1.966	HFstanding
1128	1575941012708	-2.1	-9.464	1.906	HFstanding
1129	1575941012710	-2.119	-9.49	1.848	HFstanding
1130	1575941012712	-2.152	-9.517	1.786	HFstanding
1131	1575941012714	-2.193	-9.529	1.743	HFstanding
1132	1575941012717	-2.248	-9.533	1.721	HFstanding
1133	1575941012721	-2.306	-9.538	1.702	HFstanding
1134	1575941012722	-2.351	-9.538	1.688	HFstanding
1135	1575941012724	-2.382	-9.538	1.693	HFstanding
1136	1575941012726	-2.423	-9.557	1.702	HFstanding
1137	1575941012731	-2.444	-9.56	1.724	HFstanding
1138	1575941012733	-2.437	-9.56	1.743	HFstanding
1139	1575941012735	-2.432	-9.56	1.752	HFstanding
1140	1575941012736	-2.416	-9.55	1.764	HFstanding
1141	1575941012740	-2.401	-9.552	1.764	HFstanding
1142	1575941012741	-2.382	-9.55	1.764	HFstanding
1143	1575941012743	-2.341	-9.538	1.781	HFstanding
1144	1575941012746	-2.291	-9.519	1.791	HFstanding
1145	1575941012749	-2.248	-9.502	1.784	HFstanding
1146	1575941012751	-2.215	-9.485	1.752	HFstanding
1147	1575941012754	-2.176	-9.466	1.7	HFstanding
1148	1575941012756	-2.162	-9.478	1.64	HFstanding
1149	1575941012758	-2.15	-9.485	1.568	HFstanding
1150	1575941012761	-2.133	-9.478	1.465	HFstanding
1151	1575941012764	-2.138	-9.488	1.35	HFstanding
1152	1575941012766	-2.155	-9.495	1.231	HFstanding
1153	1575941012768	-2.183	-9.497	1.106	HFstanding
1154	1575941012770	-2.234	-9.505	0.982	HFstanding
1155	1575941012774	-2.282	-9.5	0.857	HFstanding
1156	1575941012776	-2.332	-9.483	0.742	HFstanding
1157	1575941012778	-2.389	-9.473	0.632	HFstanding
1158	1575941012780	-2.428	-9.452	0.541	HFstanding
1159	1575941012783	-2.454	-9.421	0.455	HFstanding
1160	1575941012785	-2.492	-9.39	0.373	HFstanding
1161	1575941012788	-2.526	-9.361	0.321	HFstanding
1162	1575941012790	-2.569	-9.339	0.271	HFstanding
1163	1575941012793	-2.602	-9.311	0.232	HFstanding
1164	1575941012795	-2.638	-9.289	0.247	HFstanding
1165	1575941012803	-2.679	-9.27	0.242	HFstanding
1166	1575941012804	-2.705	-9.244	0.242	HFstanding
1167	1575941012805	-2.727	-9.229	0.285	HFstanding
1168	1575941012806	-2.744	-9.208	0.304	HFstanding
1169	1575941012808	-2.753	-9.184	0.342	HFstanding
1170	1575941012810	-2.756	-9.153	0.388	HFstanding
1171	1575941012812	-2.756	-9.124	0.429	HFstanding
1172	1575941012815	-2.753	-9.11	0.481	HFstanding
1173	1575941012817	-2.772	-9.09	0.517	HFstanding
1174	1575941012820	-2.801	-9.076	0.553	HFstanding
1175	1575941012822	-2.832	-9.074	0.603	HFstanding
1176	1575941012824	-2.88	-9.088	0.644	HFstanding
1177	1575941012828	-2.928	-9.112	0.685	HFstanding
1178	1575941012829	-2.981	-9.15	0.711	HFstanding
1179	1575941012832	-3.033	-9.186	0.735	HFstanding
1180	1575941012834	-3.086	-9.215	0.769	HFstanding
1181	1575941012837	-3.134	-9.253	0.8	HFstanding
1182	1575941012839	-3.163	-9.282	0.838	HFstanding
1183	1575941012842	-3.206	-9.301	0.876	HFstanding
1184	1575941012844	-3.239	-9.318	0.891	HFstanding
1185	1575941012848	-3.237	-9.33	0.895	HFstanding
1186	1575941012849	-3.239	-9.337	0.917	HFstanding
1187	1575941012851	-3.234	-9.342	0.931	HFstanding
1188	1575941012854	-3.206	-9.354	0.95	HFstanding
1189	1575941012857	-3.177	-9.38	0.972	HFstanding
1190	1575941012858	-3.139	-9.402	0.994	HFstanding
1191	1575941012862	-3.079	-9.418	1.006	HFstanding
1192	1575941012864	-3.031	-9.418	0.998	HFstanding
1193	1575941012866	-2.993	-9.399	1.006	HFstanding
1194	1575941012869	-2.95	-9.404	0.998	HFstanding
1195	1575941012871	-2.916	-9.418	0.991	HFstanding
1196	1575941012874	-2.904	-9.421	0.991	HFstanding
1197	1575941012876	-2.914	-9.435	0.974	HFstanding
1198	1575941012879	-2.938	-9.45	0.974	HFstanding
1199	1575941012882	-2.952	-9.454	0.977	HFstanding
1200	1575941012883	-2.954	-9.466	0.984	HFstanding
1201	1575941012886	-2.971	-9.49	0.996	HFstanding
1202	1575941012888	-2.973	-9.505	1.013	HFstanding
1203	1575941012890	-2.971	-9.493	1.039	HFstanding
1204	1575941012895	-2.976	-9.497	1.073	HFstanding
1205	1575941012896	-2.985	-9.517	1.111	HFstanding
1206	1575941012899	-2.995	-9.514	1.137	HFstanding
1207	1575941012900	-2.983	-9.519	1.178	HFstanding
1208	1575941012904	-2.973	-9.517	1.221	HFstanding
1209	1575941012905	-2.971	-9.512	1.238	HFstanding
1210	1575941012907	-2.954	-9.502	1.262	HFstanding
1211	1575941012910	-2.947	-9.493	1.3	HFstanding
1212	1575941012922	-2.938	-9.49	1.345	HFstanding
1213	1575941012923	-2.911	-9.49	1.379	HFstanding
1214	1575941012924	-2.887	-9.509	1.408	HFstanding
1215	1575941012925	-2.861	-9.531	1.439	HFstanding
1216	1575941012926	-2.825	-9.54	1.46	HFstanding
1217	1575941012927	-2.792	-9.545	1.468	HFstanding
1218	1575941012928	-2.758	-9.555	1.458	HFstanding
1219	1575941012930	-2.701	-9.562	1.439	HFstanding
1220	1575941012932	-2.636	-9.545	1.417	HFstanding
1221	1575941012934	-2.578	-9.519	1.379	HFstanding
1222	1575941012939	-2.528	-9.512	1.345	HFstanding
1223	1575941012940	-2.495	-9.514	1.314	HFstanding
1224	1575941012943	-2.437	-9.502	1.276	HFstanding
1225	1575941012944	-2.385	-9.505	1.243	HFstanding
1226	1575941012946	-2.351	-9.502	1.204	HFstanding
1227	1575941012949	-2.296	-9.495	1.173	HFstanding
1228	1575941012951	-2.248	-9.49	1.142	HFstanding
1229	1575941012955	-2.222	-9.485	1.087	HFstanding
1230	1575941012958	-2.191	-9.469	1.032	HFstanding
1231	1575941012960	-2.159	-9.457	0.986	HFstanding
1232	1575941012961	-2.148	-9.452	0.941	HFstanding
1233	1575941012964	-2.15	-9.44	0.905	HFstanding
1234	1575941012966	-2.159	-9.44	0.857	HFstanding
1235	1575941012969	-2.159	-9.454	0.814	HFstanding
1236	1575941012971	-2.15	-9.454	0.788	HFstanding
1237	1575941012974	-2.155	-9.438	0.78	HFstanding
1238	1575941012976	-2.164	-9.44	0.778	HFstanding
1239	1575941012978	-2.186	-9.442	0.761	HFstanding
1240	1575941012981	-2.217	-9.438	0.754	HFstanding
1241	1575941012984	-2.258	-9.445	0.757	HFstanding
1242	1575941012986	-2.294	-9.445	0.778	HFstanding
1243	1575941012988	-2.306	-9.423	0.797	HFstanding
1244	1575941012991	-2.332	-9.402	0.797	HFstanding
1245	1575941012993	-2.368	-9.397	0.79	HFstanding
1246	1575941012996	-2.387	-9.399	0.785	HFstanding
1247	1575941012998	-2.408	-9.385	0.783	HFstanding
1248	1575941013001	-2.44	-9.373	0.795	HFstanding
1249	1575941013003	-2.473	-9.38	0.802	HFstanding
1250	1575941013006	-2.521	-9.387	0.802	HFstanding
1251	1575941013008	-2.566	-9.394	0.802	HFstanding
1252	1575941013011	-2.61	-9.404	0.797	HFstanding
1253	1575941013013	-2.641	-9.404	0.78	HFstanding
1254	1575941013015	-2.677	-9.416	0.769	HFstanding
1255	1575941013018	-2.727	-9.423	0.749	HFstanding
1256	1575941013020	-2.763	-9.423	0.718	HFstanding
1257	1575941013023	-2.796	-9.433	0.694	HFstanding
1258	1575941013025	-2.837	-9.43	0.682	HFstanding
1259	1575941013028	-2.859	-9.428	0.661	HFstanding
1260	1575941013030	-2.875	-9.433	0.632	HFstanding
1261	1575941013033	-2.892	-9.423	0.61	HFstanding
1262	1575941013036	-2.894	-9.409	0.591	HFstanding
1263	1575941013037	-2.906	-9.404	0.565	HFstanding
1264	1575941013041	-2.921	-9.399	0.558	HFstanding
1265	1575941013043	-2.923	-9.399	0.546	HFstanding
1266	1575941013045	-2.914	-9.402	0.522	HFstanding
1267	1575941013048	-2.902	-9.404	0.503	HFstanding
1268	1575941013050	-2.892	-9.418	0.481	HFstanding
1269	1575941013053	-2.882	-9.438	0.469	HFstanding
1270	1575941013054	-2.875	-9.447	0.469	HFstanding
1271	1575941013057	-2.868	-9.445	0.452	HFstanding
1272	1575941013060	-2.856	-9.445	0.426	HFstanding
1273	1575941013063	-2.854	-9.442	0.409	HFstanding
1274	1575941013064	-2.868	-9.445	0.395	HFstanding
1275	1575941013067	-2.873	-9.442	0.395	HFstanding
1276	1575941013069	-2.856	-9.435	0.39	HFstanding
1277	1575941013073	-2.837	-9.421	0.376	HFstanding
1278	1575941013075	-2.825	-9.387	0.381	HFstanding
1279	1575941013077	-2.801	-9.378	0.426	HFstanding
1280	1575941013080	-2.777	-9.371	0.469	HFstanding
1281	1575941013082	-2.76	-9.342	0.52	HFstanding
1282	1575941013085	-2.734	-9.318	0.596	HFstanding
1283	1575941013087	-2.708	-9.303	0.682	HFstanding
1284	1575941013089	-2.686	-9.291	0.776	HFstanding
1285	1575941013092	-2.681	-9.263	0.874	HFstanding
1286	1575941013094	-2.703	-9.234	0.977	HFstanding
1287	1575941013096	-2.71	-9.222	1.096	HFstanding
1288	1575941013099	-2.72	-9.208	1.219	HFstanding
1289	1575941013102	-2.741	-9.203	1.314	HFstanding
1290	1575941013104	-2.746	-9.212	1.41	HFstanding
1291	1575941013106	-2.741	-9.201	1.513	HFstanding
1292	1575941013109	-2.741	-9.191	1.616	HFstanding
1293	1575941013112	-2.734	-9.215	1.724	HFstanding
1294	1575941013115	-2.705	-9.224	1.8	HFstanding
1295	1575941013116	-2.677	-9.22	1.858	HFstanding
1296	1575941013119	-2.653	-9.215	1.925	HFstanding
1297	1575941013122	-2.624	-9.21	1.978	HFstanding
1298	1575941013125	-2.6	-9.227	2.009	HFstanding
1299	1575941013126	-2.576	-9.232	2.021	HFstanding
1300	1575941013129	-2.557	-9.239	1.982	HFstanding
1301	1575941013131	-2.538	-9.28	1.925	HFstanding
1302	1575941013134	-2.49	-9.313	1.901	HFstanding
1303	1575941013136	-2.442	-9.318	1.87	HFstanding
1304	1575941013138	-2.399	-9.308	1.796	HFstanding
1305	1575941013140	-2.353	-9.299	1.724	HFstanding
1306	1575941013144	-2.334	-9.289	1.645	HFstanding
1307	1575941013146	-2.317	-9.299	1.566	HFstanding
1308	1575941013148	-2.31	-9.289	1.484	HFstanding
1309	1575941013150	-2.317	-9.275	1.374	HFstanding
1310	1575941013154	-2.337	-9.291	1.259	HFstanding
1311	1575941013156	-2.358	-9.301	1.166	HFstanding
1312	1575941013158	-2.385	-9.306	1.082	HFstanding
1313	1575941013160	-2.42	-9.327	1.008	HFstanding
1314	1575941013163	-2.468	-9.363	0.936	HFstanding
1315	1575941013166	-2.507	-9.38	0.874	HFstanding
1316	1575941013169	-2.547	-9.385	0.831	HFstanding
1317	1575941013170	-2.586	-9.399	0.792	HFstanding
1318	1575941013173	-2.624	-9.404	0.759	HFstanding
1319	1575941013175	-2.686	-9.409	0.735	HFstanding
1320	1575941013177	-2.741	-9.421	0.721	HFstanding
1321	1575941013180	-2.789	-9.428	0.723	HFstanding
1322	1575941013182	-2.842	-9.433	0.74	HFstanding
1323	1575941013185	-2.904	-9.435	0.759	HFstanding
1324	1575941013190	-2.954	-9.445	0.795	HFstanding
1325	1575941013191	-2.988	-9.459	0.845	HFstanding
1326	1575941013192	-3.041	-9.473	0.9	HFstanding
1327	1575941013197	-3.088	-9.481	0.977	HFstanding
1328	1575941013198	-3.127	-9.466	1.056	HFstanding
1329	1575941013199	-3.151	-9.464	1.135	HFstanding
1330	1575941013203	-3.163	-9.461	1.209	HFstanding
1331	1575941013205	-3.203	-9.438	1.288	HFstanding
1332	1575941013207	-3.242	-9.428	1.362	HFstanding
1333	1575941013210	-3.278	-9.411	1.441	HFstanding
1334	1575941013212	-3.325	-9.39	1.506	HFstanding
1335	1575941013214	-3.366	-9.392	1.53	HFstanding
1336	1575941013216	-3.388	-9.399	1.578	HFstanding
1337	1575941013221	-3.404	-9.409	1.626	HFstanding
1338	1575941013222	-3.426	-9.426	1.666	HFstanding
1339	1575941013224	-3.433	-9.418	1.712	HFstanding
1340	1575941013229	-3.438	-9.411	1.748	HFstanding
1341	1575941013230	-3.45	-9.411	1.776	HFstanding
1342	1575941013231	-3.457	-9.394	1.784	HFstanding
1343	1575941013234	-3.436	-9.38	1.784	HFstanding
1344	1575941013237	-3.4	-9.385	1.803	HFstanding
1345	1575941013239	-3.342	-9.402	1.8	HFstanding
1346	1575941013241	-3.292	-9.404	1.781	HFstanding
1347	1575941013246	-3.242	-9.402	1.767	HFstanding
1348	1575941013247	-3.16	-9.39	1.75	HFstanding
1349	1575941013249	-3.084	-9.378	1.733	HFstanding
1350	1575941013251	-3.031	-9.363	1.707	HFstanding
1351	1575941013254	-2.988	-9.344	1.673	HFstanding
1352	1575941013258	-2.938	-9.349	1.633	HFstanding
1353	1575941013259	-2.875	-9.351	1.59	HFstanding
1354	1575941013260	-2.801	-9.335	1.566	HFstanding
1355	1575941013265	-2.729	-9.313	1.556	HFstanding
1356	1575941013266	-2.677	-9.306	1.511	HFstanding
1357	1575941013268	-2.636	-9.313	1.47	HFstanding
1358	1575941013270	-2.598	-9.325	1.477	HFstanding
1359	1575941013276	-2.562	-9.318	1.472	HFstanding
1360	1575941013277	-2.543	-9.311	1.472	HFstanding
1361	1575941013278	-2.528	-9.308	1.482	HFstanding
1362	1575941013282	-2.531	-9.296	1.506	HFstanding
1363	1575941013283	-2.562	-9.303	1.551	HFstanding
1364	1575941013287	-2.602	-9.318	1.604	HFstanding
1365	1575941013288	-2.65	-9.327	1.652	HFstanding
1366	1575941013290	-2.705	-9.335	1.697	HFstanding
1367	1575941013293	-2.753	-9.344	1.748	HFstanding
1368	1575941013295	-2.799	-9.349	1.791	HFstanding
1369	1575941013300	-2.842	-9.332	1.848	HFstanding
1370	1575941013302	-2.897	-9.301	1.908	HFstanding
1371	1575941013303	-2.959	-9.289	1.987	HFstanding
1372	1575941013305	-3.026	-9.301	2.08	HFstanding
1373	1575941013307	-3.115	-9.308	2.164	HFstanding
1374	1575941013310	-3.177	-9.318	2.255	HFstanding
1375	1575941013313	-3.227	-9.356	2.327	HFstanding
1376	1575941013315	-3.287	-9.38	2.37	HFstanding
1377	1575941013318	-3.352	-9.394	2.394	HFstanding
1378	1575941013319	-3.407	-9.426	2.396	HFstanding
1379	1575941013322	-3.462	-9.457	2.373	HFstanding
1380	1575941013327	-3.517	-9.485	2.325	HFstanding
1381	1575941013328	-3.567	-9.5	2.272	HFstanding
1382	1575941013332	-3.601	-9.538	2.21	HFstanding
1383	1575941013333	-3.584	-9.586	2.157	HFstanding
1384	1575941013334	-3.538	-9.61	2.14	HFstanding
1385	1575941013337	-3.479	-9.643	2.143	HFstanding
1386	1575941013339	-3.39	-9.66	2.148	HFstanding
1387	1575941013341	-3.28	-9.643	2.15	HFstanding
1388	1575941013344	-3.155	-9.612	2.128	HFstanding
1389	1575941013346	-3	-9.572	2.104	HFstanding
1390	1575941013349	-2.854	-9.514	2.085	HFstanding
1391	1575941013351	-2.72	-9.447	2.061	HFstanding
1392	1575941013354	-2.583	-9.382	2.042	HFstanding
1393	1575941013357	-2.466	-9.323	2.03	HFstanding
1394	1575941013358	-2.361	-9.263	2.009	HFstanding
1395	1575941013361	-2.27	-9.224	1.999	HFstanding
1396	1575941013364	-2.186	-9.196	1.994	HFstanding
1397	1575941013366	-2.102	-9.141	1.994	HFstanding
1398	1575941013368	-2.045	-9.1	1.992	HFstanding
1399	1575941013371	-2.011	-9.074	1.992	HFstanding
1400	1575941013374	-2.016	-9.043	2.011	HFstanding
1401	1575941013378	-2.059	-9.033	2.033	HFstanding
1402	1575941013379	-2.121	-9.016	2.066	HFstanding
1403	1575941013381	-2.212	-8.992	2.107	HFstanding
1404	1575941013385	-2.317	-8.985	2.152	HFstanding
1405	1575941013386	-2.43	-8.98	2.195	HFstanding
1406	1575941013388	-2.545	-8.973	2.222	HFstanding
1407	1575941013391	-2.669	-8.971	2.25	HFstanding
1408	1575941013393	-2.811	-8.983	2.284	HFstanding
1409	1575941013396	-2.978	-9.011	2.315	HFstanding
1410	1575941013398	-3.179	-9.045	2.334	HFstanding
1411	1575941013401	-3.407	-9.062	2.337	HFstanding
1412	1575941013403	-3.629	-9.081	2.346	HFstanding
1413	1575941013405	-3.85	-9.062	2.375	HFstanding
1414	1575941013408	-4.257	-8.796	2.507	HFstanding
1415	1575941013411	-4.625	-8.578	2.538	HFstanding
1416	1575941013412	-4.678	-8.681	2.387	HFstanding
1417	1575941013416	-4.609	-8.904	2.325	HFstanding
1418	1575941013418	-4.534	-9.143	2.408	HFstanding
1419	1575941013421	-4.58	-9.294	2.576	HFstanding
1420	1575941013422	-4.599	-9.375	2.617	HFstanding
1421	1575941013425	-4.522	-9.435	2.665	HFstanding
1422	1575941013427	-4.503	-9.495	2.77	HFstanding
1423	1575941013430	-4.494	-9.552	2.758	HFstanding
1424	1575941013432	-4.475	-9.557	2.763	HFstanding
1425	1575941013436	-4.446	-9.505	2.803	HFstanding
1426	1575941013437	-4.403	-9.438	2.875	HFstanding
1427	1575941013440	-4.348	-9.371	2.985	HFstanding
1428	1575941013442	-4.302	-9.291	3.117	HFstanding
1429	1575941013445	-4.257	-9.227	3.244	HFstanding
1430	1575941013447	-4.194	-9.157	3.38	HFstanding
1431	1575941013450	-4.132	-9.069	3.495	HFstanding
1432	1575941013452	-4.077	-8.995	3.555	HFstanding
1433	1575941013454	-4.029	-8.932	3.567	HFstanding
1434	1575941013456	-3.986	-8.896	3.553	HFstanding
1435	1575941013459	-3.945	-8.894	3.548	HFstanding
1436	1575941013462	-3.9	-8.894	3.55	HFstanding
1437	1575941013464	-3.843	-8.906	3.546	HFstanding
1438	1575941013466	-3.787	-8.923	3.498	HFstanding
1439	1575941013469	-3.732	-8.916	3.448	HFstanding
1440	1575941013471	-3.68	-8.911	3.414	HFstanding
1441	1575941013474	-3.629	-8.942	3.378	HFstanding
1442	1575941013477	-3.553	-8.975	3.342	HFstanding
1443	1575941013479	-3.448	-9.031	3.294	HFstanding
1444	1575941013482	-3.321	-9.095	3.232	HFstanding
1445	1575941013484	-3.153	-9.117	3.158	HFstanding
1446	1575941013487	-2.973	-9.107	3.086	HFstanding
1447	1575941013489	-2.82	-9.054	3.036	HFstanding
1448	1575941013491	-2.691	-8.992	2.981	HFstanding
1449	1575941013494	-2.574	-8.92	2.897	HFstanding
1450	1575941013496	-2.461	-8.875	2.78	HFstanding
1451	1575941013498	-2.406	-8.868	2.655	HFstanding
1452	1575941013501	-2.413	-8.858	2.562	HFstanding
1453	1575941013504	-2.459	-8.87	2.449	HFstanding
1454	1575941013506	-2.557	-8.868	2.322	HFstanding
1455	1575941013508	-2.669	-8.808	2.26	HFstanding
1456	1575941013510	-2.808	-8.75	2.277	HFstanding
1457	1575941013514	-3.017	-8.688	2.327	HFstanding
1458	1575941013515	-3.196	-8.621	2.42	HFstanding
1459	1575941013518	-3.309	-8.595	2.531	HFstanding
1460	1575941013521	-3.402	-8.607	2.636	HFstanding
1461	1575941013523	-3.512	-8.631	2.741	HFstanding
1462	1575941013525	-3.596	-8.655	2.847	HFstanding
1463	1575941013528	-3.637	-8.647	2.978	HFstanding
1464	1575941013530	-3.67	-8.602	3.105	HFstanding
1465	1575941013533	-3.694	-8.537	3.239	HFstanding
1466	1575941013535	-3.685	-8.454	3.407	HFstanding
1467	1575941013538	-3.649	-8.375	3.512	HFstanding
1468	1575941013540	-3.629	-8.322	3.55	HFstanding
1469	1575941013543	-3.627	-8.288	3.567	HFstanding
1470	1575941013545	-3.641	-8.243	3.57	HFstanding
1471	1575941013548	-3.665	-8.183	3.594	HFstanding
1472	1575941013550	-3.689	-8.147	3.613	HFstanding
1473	1575941013553	-3.742	-8.15	3.594	HFstanding
1474	1575941013555	-3.799	-8.2	3.579	HFstanding
1475	1575941013558	-3.838	-8.269	3.582	HFstanding
1476	1575941013559	-3.886	-8.341	3.515	HFstanding
1477	1575941013563	-3.945	-8.42	3.419	HFstanding
1478	1575941013566	-3.996	-8.468	3.304	HFstanding
1479	1575941013569	-3.996	-8.48	3.199	HFstanding
1480	1575941013571	-4.001	-8.451	3.218	HFstanding
1481	1575941013572	-4.07	-8.458	3.251	HFstanding
1482	1575941013575	-4.192	-8.525	3.189	HFstanding
1483	1575941013576	-4.307	-8.561	3.088	HFstanding
1484	1575941013579	-4.367	-8.513	2.997	HFstanding
1485	1575941013582	-4.376	-8.396	2.914	HFstanding
1486	1575941013584	-4.357	-8.272	2.842	HFstanding
1487	1575941013587	-4.305	-8.188	2.729	HFstanding
1488	1575941013589	-4.24	-8.111	2.631	HFstanding
1489	1575941013592	-4.199	-8.047	2.617	HFstanding
1490	1575941013594	-4.161	-8.039	2.626	HFstanding
1491	1575941013596	-4.127	-8.054	2.645	HFstanding
1492	1575941013599	-4.087	-8.051	2.677	HFstanding
1493	1575941013601	-4.024	-8.023	2.705	HFstanding
1494	1575941013604	-3.955	-7.982	2.713	HFstanding
1495	1575941013606	-3.881	-7.936	2.693	HFstanding
1496	1575941013609	-3.795	-7.884	2.66	HFstanding
1497	1575941013611	-3.694	-7.829	2.612	HFstanding
1498	1575941013614	-3.615	-7.759	2.576	HFstanding
1499	1575941013616	-3.548	-7.699	2.547	HFstanding
1500	1575941013619	-3.476	-7.659	2.533	HFstanding
1501	1575941013621	-3.426	-7.618	2.55	HFstanding
1502	1575941013624	-3.385	-7.573	2.593	HFstanding
1503	1575941013626	-3.352	-7.537	2.653	HFstanding
1504	1575941013629	-3.337	-7.525	2.713	HFstanding
1505	1575941013631	-3.342	-7.52	2.794	HFstanding
1506	1575941013634	-3.366	-7.513	2.892	HFstanding
1507	1575941013636	-3.392	-7.51	2.959	HFstanding
1508	1575941013638	-3.412	-7.51	3.014	HFstanding
1509	1575941013642	-3.414	-7.529	3.076	HFstanding
1510	1575941013643	-3.445	-7.582	3.136	HFstanding
1511	1575941013646	-3.486	-7.652	3.191	HFstanding
1512	1575941013649	-3.486	-7.745	3.254	HFstanding
1513	1575941013650	-3.459	-7.853	3.352	HFstanding
1514	1575941013653	-3.455	-7.946	3.464	HFstanding
1515	1575941013655	-3.464	-8.008	3.589	HFstanding
1516	1575941013660	-3.483	-8.032	3.732	HFstanding
1517	1575941013663	-3.524	-8.042	3.85	HFstanding
1518	1575941013664	-3.55	-8.035	3.941	HFstanding
1519	1575941013667	-3.577	-8.032	4.015	HFstanding
1520	1575941013668	-3.594	-8.063	4.024	HFstanding
1521	1575941013671	-3.579	-8.106	4.017	HFstanding
1522	1575941013674	-3.55	-8.145	3.991	HFstanding
1523	1575941013676	-3.486	-8.14	3.924	HFstanding
1524	1575941013678	-3.4	-8.126	3.881	HFstanding
1525	1575941013681	-3.292	-8.104	3.826	HFstanding
1526	1575941013683	-3.175	-8.056	3.754	HFstanding
1527	1575941013685	-3.088	-7.968	3.708	HFstanding
1528	1575941013688	-3.014	-7.877	3.685	HFstanding
1529	1575941013690	-2.945	-7.802	3.632	HFstanding
1530	1575941013693	-2.909	-7.754	3.613	HFstanding
1531	1575941013695	-2.902	-7.752	3.594	HFstanding
1532	1575941013697	-2.909	-7.747	3.538	HFstanding
1533	1575941013711	-2.921	-7.75	3.5	HFstanding
1534	1575941013712	-2.916	-7.766	3.469	HFstanding
1535	1575941013713	-2.909	-7.79	3.488	HFstanding
1536	1575941013714	-2.894	-7.833	3.565	HFstanding
1537	1575941013715	-2.873	-7.879	3.653	HFstanding
1538	1575941013716	-2.847	-7.927	3.768	HFstanding
1539	1575941013717	-2.823	-7.965	3.888	HFstanding
1540	1575941013718	-2.803	-8.015	4.02	HFstanding
1541	1575941013722	-2.787	-8.102	4.18	HFstanding
1542	1575941013723	-2.765	-8.173	4.338	HFstanding
1543	1575941013724	-2.734	-8.226	4.496	HFstanding
1544	1575941013728	-2.729	-8.276	4.64	HFstanding
1545	1575941013729	-2.734	-8.298	4.764	HFstanding
1546	1575941013733	-2.734	-8.276	4.86	HFstanding
1547	1575941013734	-2.748	-8.212	4.944	HFstanding
1548	1575941013737	-2.746	-8.121	5.018	HFstanding
1549	1575941013739	-2.732	-8.018	5.052	HFstanding
1550	1575941013741	-2.717	-7.922	5.056	HFstanding
1551	1575941013744	-2.696	-7.841	5.049	HFstanding
1552	1575941013747	-2.708	-7.781	5.044	HFstanding
1553	1575941013749	-2.739	-7.75	5.054	HFstanding
1554	1575941013751	-2.792	-7.743	5.049	HFstanding
1555	1575941013754	-2.861	-7.776	5.042	HFstanding
1556	1575941013757	-2.947	-7.826	5.032	HFstanding
1557	1575941013760	-3.062	-7.874	5.018	HFstanding
1558	1575941013761	-3.187	-7.932	5.006	HFstanding
1559	1575941013766	-3.294	-7.968	4.973	HFstanding
1560	1575941013767	-3.38	-7.958	4.946	HFstanding
1561	1575941013770	-3.462	-7.951	4.977	HFstanding
1562	1575941013771	-3.524	-7.958	5.035	HFstanding
1563	1575941013774	-3.565	-7.972	5.085	HFstanding
1564	1575941013776	-3.608	-7.994	5.178	HFstanding
1565	1575941013780	-3.634	-8.035	5.303	HFstanding
1566	1575941013781	-3.644	-8.087	5.432	HFstanding
1567	1575941013784	-3.656	-8.121	5.552	HFstanding
1568	1575941013785	-3.649	-8.14	5.662	HFstanding
1569	1575941013789	-3.629	-8.157	5.727	HFstanding
1570	1575941013790	-3.603	-8.157	5.717	HFstanding
1571	1575941013794	-3.55	-8.14	5.674	HFstanding
1572	1575941013795	-3.505	-8.114	5.597	HFstanding
1573	1575941013799	-3.476	-8.082	5.494	HFstanding
1574	1575941013800	-3.464	-8.049	5.372	HFstanding
1575	1575941013804	-3.462	-8.025	5.202	HFstanding
1576	1575941013806	-3.44	-7.987	4.999	HFstanding
1577	1575941013807	-3.412	-7.941	4.791	HFstanding
1578	1575941013810	-3.395	-7.915	4.578	HFstanding
1579	1575941013814	-3.397	-7.889	4.348	HFstanding
1580	1575941013815	-3.414	-7.889	4.147	HFstanding
1581	1575941013817	-3.426	-7.884	3.981	HFstanding
1582	1575941013821	-3.436	-7.869	3.811	HFstanding
1583	1575941013824	-3.474	-7.872	3.649	HFstanding
1584	1575941013825	-3.517	-7.853	3.498	HFstanding
1585	1575941013828	-3.558	-7.855	3.376	HFstanding
1586	1575941013830	-3.596	-7.872	3.287	HFstanding
1587	1575941013834	-3.641	-7.865	3.232	HFstanding
1588	1575941013835	-3.696	-7.833	3.227	HFstanding
1589	1575941013837	-3.752	-7.807	3.263	HFstanding
1590	1575941013839	-3.823	-7.778	3.304	HFstanding
1591	1575941013843	-3.893	-7.745	3.357	HFstanding
1592	1575941013845	-3.962	-7.731	3.455	HFstanding
1593	1575941013848	-4.046	-7.74	3.603	HFstanding
1594	1575941013849	-4.13	-7.764	3.792	HFstanding
1595	1575941013854	-4.233	-7.786	3.967	HFstanding
1596	1575941013855	-4.341	-7.793	4.111	HFstanding
1597	1575941013857	-4.422	-7.774	4.266	HFstanding
1598	1575941013859	-4.479	-7.745	4.427	HFstanding
1599	1575941013861	-4.532	-7.728	4.554	HFstanding
1600	1575941013865	-4.573	-7.726	4.661	HFstanding
1601	1575941013867	-4.587	-7.721	4.733	HFstanding
1602	1575941013869	-4.601	-7.743	4.781	HFstanding
1603	1575941013871	-4.609	-7.783	4.829	HFstanding
1604	1575941013875	-4.589	-7.81	4.877	HFstanding
1605	1575941013878	-4.551	-7.86	4.927	HFstanding
1606	1575941013882	-4.52	-7.929	4.977	HFstanding
1607	1575941013883	-4.472	-7.98	5.006	HFstanding
1608	1575941013884	-4.403	-8.02	4.987	HFstanding
1609	1575941013887	-4.341	-8.037	4.951	HFstanding
1610	1575941013888	-4.276	-8.011	4.929	HFstanding
1611	1575941013892	-4.192	-7.946	4.906	HFstanding
1612	1575941013895	-4.13	-7.869	4.879	HFstanding
1613	1575941013897	-4.087	-7.817	4.822	HFstanding
1614	1575941013898	-4.051	-7.788	4.712	HFstanding
1615	1575941013903	-4.036	-7.786	4.585	HFstanding
1616	1575941013904	-4.039	-7.812	4.46	HFstanding
1617	1575941013907	-4.075	-7.862	4.355	HFstanding
1618	1575941013908	-4.113	-7.915	4.297	HFstanding
1619	1575941013911	-4.135	-7.968	4.238	HFstanding
1620	1575941013913	-4.139	-8.001	4.159	HFstanding
1621	1575941013915	-4.135	-8.025	4.082	HFstanding
1622	1575941013918	-4.135	-8.049	4.015	HFstanding
1623	1575941013923	-4.149	-8.051	3.974	HFstanding
1624	1575941013924	-4.168	-8.037	3.919	HFstanding
1625	1575941013925	-4.173	-8.02	3.828	HFstanding
1626	1575941013928	-4.147	-8.015	3.761	HFstanding
1627	1575941013930	-4.13	-8.011	3.742	HFstanding
1628	1575941013934	-4.137	-7.996	3.728	HFstanding
1629	1575941013938	-4.127	-7.975	3.716	HFstanding
1630	1575941013939	-4.096	-7.948	3.704	HFstanding
1631	1575941013940	-4.075	-7.903	3.725	HFstanding
1632	1575941013945	-4.058	-7.881	3.752	HFstanding
1633	1575941013946	-4.046	-7.869	3.744	HFstanding
1634	1575941013949	-4.032	-7.829	3.752	HFstanding
1635	1575941013950	-4.02	-7.793	3.766	HFstanding
1636	1575941013953	-4.013	-7.793	3.783	HFstanding
1637	1575941013957	-4.001	-7.788	3.79	HFstanding
1638	1575941013958	-3.984	-7.752	3.821	HFstanding
1639	1575941013960	-3.986	-7.745	3.874	HFstanding
1640	1575941013963	-4.001	-7.778	3.917	HFstanding
1641	1575941013965	-4.036	-7.848	3.986	HFstanding
1642	1575941013969	-4.089	-7.929	4.024	HFstanding
1643	1575941013970	-4.068	-7.932	3.967	HFstanding
1644	1575941013972	-4.003	-7.872	3.919	HFstanding
1645	1575941013975	-3.965	-7.867	3.922	HFstanding
1646	1575941013977	-3.969	-7.944	3.945	HFstanding
1647	1575941013980	-3.979	-8.032	3.986	HFstanding
1648	1575941013982	-3.967	-8.082	3.989	HFstanding
1649	1575941013984	-3.945	-8.087	3.979	HFstanding
1650	1575941013990	-3.914	-8.042	3.953	HFstanding
1651	1575941013991	-3.869	-7.98	3.886	HFstanding
1652	1575941013992	-3.828	-7.941	3.828	HFstanding
1653	1575941013994	-3.814	-7.934	3.79	HFstanding
1654	1575941013996	-3.811	-7.953	3.73	HFstanding
1655	1575941014000	-3.809	-7.984	3.651	HFstanding
1656	1575941014001	-3.787	-7.994	3.572	HFstanding
1657	1575941014004	-3.778	-7.97	3.517	HFstanding
1658	1575941014006	-3.78	-7.963	3.483	HFstanding
1659	1575941014008	-3.783	-7.982	3.436	HFstanding
1660	1575941014011	-3.783	-7.982	3.397	HFstanding
1661	1575941014016	-3.773	-7.975	3.354	HFstanding
1662	1575941014017	-3.771	-7.982	3.321	HFstanding
1663	1575941014031	-3.773	-7.98	3.301	HFstanding
1664	1575941014032	-3.766	-7.982	3.285	HFstanding
1665	1575941014033	-3.754	-7.987	3.287	HFstanding
1666	1575941014034	-3.732	-7.987	3.278	HFstanding
1667	1575941014035	-3.716	-7.975	3.234	HFstanding
1668	1575941014036	-3.701	-7.987	3.151	HFstanding
1669	1575941014037	-3.68	-8.025	3.052	HFstanding
1670	1575941014038	-3.663	-8.039	2.995	HFstanding
1671	1575941014039	-3.677	-8.051	2.918	HFstanding
1672	1575941014040	-3.685	-8.087	2.832	HFstanding
1673	1575941014043	-3.685	-8.15	2.784	HFstanding
1674	1575941014045	-3.716	-8.176	2.715	HFstanding
1675	1575941014048	-3.754	-8.152	2.576	HFstanding
1676	1575941014050	-3.768	-8.164	2.416	HFstanding
1677	1575941014053	-3.785	-8.193	2.284	HFstanding
1678	1575941014056	-3.802	-8.202	2.159	HFstanding
1679	1575941014063	-3.792	-8.185	2.054	HFstanding
1680	1575941014064	-3.795	-8.135	1.987	HFstanding
1681	1575941014065	-3.811	-8.104	1.966	HFstanding
1682	1575941014066	-3.823	-8.116	1.973	HFstanding
1683	1575941014067	-3.847	-8.142	2.066	HFstanding
1684	1575941014071	-3.864	-8.178	2.236	HFstanding
1685	1575941014073	-3.864	-8.197	2.387	HFstanding
1686	1575941014074	-3.864	-8.185	2.497	HFstanding
1687	1575941014077	-3.869	-8.185	2.588	HFstanding
1688	1575941014079	-3.876	-8.19	2.657	HFstanding
1689	1575941014082	-3.895	-8.188	2.713	HFstanding
1690	1575941014084	-3.9	-8.205	2.768	HFstanding
1691	1575941014086	-3.895	-8.231	2.794	HFstanding
1692	1575941014089	-3.905	-8.264	2.847	HFstanding
1693	1575941014092	-3.922	-8.322	2.916	HFstanding
1694	1575941014094	-3.917	-8.387	2.969	HFstanding
1695	1575941014096	-3.914	-8.439	3.019	HFstanding
1696	1575941014099	-3.941	-8.482	3.05	HFstanding
1697	1575941014101	-3.972	-8.492	3.064	HFstanding
1698	1575941014105	-3.991	-8.482	3.108	HFstanding
1699	1575941014106	-4.001	-8.578	3.191	HFstanding
1700	1575941014108	-4.01	-8.655	3.299	HFstanding
1701	1575941014111	-4.008	-8.58	3.392	HFstanding
1702	1575941014114	-3.989	-8.446	3.469	HFstanding
1703	1575941014117	-3.969	-8.341	3.541	HFstanding
1704	1575941014119	-3.967	-8.315	3.598	HFstanding
1705	1575941014121	-3.967	-8.355	3.67	HFstanding
1706	1575941014123	-3.974	-8.439	3.783	HFstanding
1707	1575941014126	-3.998	-8.528	3.924	HFstanding
1708	1575941014128	-4.032	-8.585	4.089	HFstanding
1709	1575941014131	-4.046	-8.607	4.23	HFstanding
1710	1575941014133	-4.039	-8.621	4.384	HFstanding
1711	1575941014136	-4.015	-8.64	4.554	HFstanding
1712	1575941014138	-3.977	-8.643	4.707	HFstanding
1713	1575941014141	-3.931	-8.643	4.853	HFstanding
1714	1575941014143	-3.888	-8.645	4.977	HFstanding
1715	1575941014145	-3.859	-8.64	5.083	HFstanding
1716	1575941014148	-3.826	-8.621	5.176	HFstanding
1717	1575941014150	-3.775	-8.588	5.265	HFstanding
1718	1575941014153	-3.742	-8.561	5.322	HFstanding
1719	1575941014156	-3.713	-8.566	5.353	HFstanding
1720	1575941014158	-3.685	-8.578	5.372	HFstanding
1721	1575941014160	-3.689	-8.592	5.37	HFstanding
1722	1575941014163	-3.696	-8.633	5.324	HFstanding
1723	1575941014166	-3.694	-8.686	5.289	HFstanding
1724	1575941014168	-3.689	-8.707	5.265	HFstanding
1725	1575941014171	-3.668	-8.695	5.214	HFstanding
1726	1575941014173	-3.637	-8.64	5.131	HFstanding
1727	1575941014175	-3.613	-8.549	4.999	HFstanding
