1575941098501.0	-5.267	-7.573	3.562
1575941098502.0	-5.265	-7.585	3.567
1575941098503.0	-5.253	-7.594	3.572
1575941098524.0	-5.25	-7.592	3.574
1575941098525.0	-5.243	-7.575	3.582
1575941098526.0	-5.245	-7.575	3.584
1575941098527.0	-5.241	-7.57	3.565
1575941098528.0	-5.236	-7.553	3.56
1575941098529.0	-5.234	-7.546	3.562
1575941098530.0	-5.222	-7.541	3.55
1575941098531.0	-5.222	-7.532	3.553
1575941098532.0	-5.217	-7.51	3.553
1575941098533.0	-5.202	-7.498	3.555
1575941098534.0	-5.193	-7.491	3.543
1575941098535.0	-5.193	-7.491	3.543
1575941098570.0	-5.193	-7.482	3.534
1575941098571.0	-5.212	-7.474	3.529
1575941098572.0	-5.226	-7.453	3.503
1575941098573.0	-5.226	-7.45	3.493
1575941098574.0	-5.229	-7.436	3.5
1575941098575.0	-5.241	-7.426	3.491
1575941098576.0	-5.26	-7.438	3.467
1575941098577.0	-5.274	-7.431	3.459
1575941098578.0	-5.284	-7.422	3.448
1575941098579.0	-5.301	-7.426	3.424
1575941098580.0	-5.315	-7.448	3.424
1575941098581.0	-5.308	-7.448	3.426
1575941098582.0	-5.305	-7.448	3.414
1575941098583.0	-5.32	-7.448	3.409
1575941098584.0	-5.324	-7.458	3.409
1575941098585.0	-5.32	-7.465	3.407
1575941098586.0	-5.313	-7.472	3.414
1575941098587.0	-5.31	-7.486	3.419
1575941098588.0	-5.313	-7.479	3.416
1575941098589.0	-5.303	-7.467	3.414
1575941098590.0	-5.293	-7.489	3.419
1575941098591.0	-5.289	-7.503	3.426
1575941098592.0	-5.284	-7.513	3.431
1575941098593.0	-5.272	-7.52	3.44
1575941098594.0	-5.267	-7.51	3.45
1575941098595.0	-5.265	-7.503	3.452
1575941098596.0	-5.253	-7.508	3.45
1575941098597.0	-5.248	-7.544	3.428
1575941098598.0	-5.238	-7.565	3.409
1575941098599.0	-5.234	-7.551	3.404
1575941098600.0	-5.217	-7.553	3.392
1575941098602.0	-5.195	-7.553	3.383
1575941098605.0	-5.193	-7.553	3.388
1575941098607.0	-5.186	-7.563	3.376
1575941098609.0	-5.162	-7.573	3.373
1575941098612.0	-5.14	-7.585	3.392
1575941098615.0	-5.131	-7.596	3.39
1575941098617.0	-5.119	-7.599	3.392
1575941098619.0	-5.121	-7.599	3.38
1575941098622.0	-5.131	-7.604	3.39
1575941098624.0	-5.123	-7.606	3.407
1575941098627.0	-5.131	-7.601	3.4
1575941098629.0	-5.157	-7.596	3.404
1575941098631.0	-5.162	-7.604	3.407
1575941098635.0	-5.15	-7.604	3.395
1575941098637.0	-5.14	-7.604	3.38
1575941098640.0	-5.135	-7.618	3.34
1575941098641.0	-5.14	-7.62	3.311
1575941098644.0	-5.15	-7.616	3.297
1575941098648.0	-5.15	-7.611	3.28
1575941098649.0	-5.157	-7.604	3.268
1575941098650.0	-5.178	-7.589	3.239
1575941098653.0	-5.186	-7.57	3.239
1575941098655.0	-5.188	-7.568	3.254
1575941098658.0	-5.205	-7.561	3.256
1575941098660.0	-5.214	-7.544	3.261
1575941098665.0	-5.212	-7.549	3.263
1575941098667.0	-5.229	-7.565	3.273
1575941098669.0	-5.243	-7.573	3.282
1575941098673.0	-5.241	-7.561	3.282
1575941098674.0	-5.229	-7.551	3.282
1575941098675.0	-5.231	-7.537	3.292
1575941098677.0	-5.238	-7.537	3.294
1575941098682.0	-5.241	-7.546	3.297
1575941098683.0	-5.234	-7.556	3.297
1575941098685.0	-5.222	-7.573	3.297
1575941098688.0	-5.224	-7.565	3.301
1575941098689.0	-5.222	-7.565	3.306
1575941098691.0	-5.229	-7.577	3.313
1575941098694.0	-5.245	-7.577	3.318
1575941098698.0	-5.238	-7.573	3.321
1575941098699.0	-5.234	-7.57	3.311
1575941098701.0	-5.243	-7.565	3.311
1575941098705.0	-5.238	-7.561	3.306
1575941098706.0	-5.226	-7.568	3.292
1575941098708.0	-5.217	-7.573	3.282
1575941098711.0	-5.207	-7.582	3.282
1575941098714.0	-5.212	-7.589	3.292
1575941098716.0	-5.212	-7.585	3.285
1575941098722.0	-5.193	-7.594	3.273
1575941098723.0	-5.178	-7.608	3.294
1575941098724.0	-5.176	-7.63	3.321
1575941098725.0	-5.166	-7.642	3.333
1575941098728.0	-5.164	-7.644	3.352
1575941098731.0	-5.157	-7.642	3.364
1575941098733.0	-5.14	-7.654	3.376
1575941098735.0	-5.135	-7.666	3.392
1575941098738.0	-5.133	-7.668	3.404
1575941098740.0	-5.128	-7.683	3.402
1575941098743.0	-5.128	-7.687	3.395
1575941098745.0	-5.128	-7.68	3.404
1575941098747.0	-5.119	-7.69	3.392
1575941098750.0	-5.114	-7.702	3.385
1575941098752.0	-5.116	-7.709	3.385
1575941098755.0	-5.121	-7.738	3.4
1575941098757.0	-5.119	-7.764	3.459
1575941098759.0	-5.107	-7.798	3.505
1575941098763.0	-5.099	-7.829	3.534
1575941098765.0	-5.097	-7.85	3.572
1575941098767.0	-5.09	-7.865	3.608
1575941098769.0	-5.092	-7.869	3.634
1575941098772.0	-5.107	-7.881	3.653
1575941098774.0	-5.128	-7.893	3.661
1575941098777.0	-5.169	-7.898	3.653
1575941098779.0	-5.212	-7.891	3.665
1575941098782.0	-5.229	-7.881	3.706
1575941098784.0	-5.217	-7.877	3.728
1575941098787.0	-5.195	-7.881	3.744
1575941098789.0	-5.171	-7.881	3.754
1575941098792.0	-5.14	-7.881	3.73
1575941098794.0	-5.131	-7.872	3.677
1575941098797.0	-5.145	-7.857	3.632
1575941098799.0	-5.157	-7.845	3.603
1575941098801.0	-5.159	-7.814	3.574
1575941098804.0	-5.147	-7.8	3.543
1575941098806.0	-5.128	-7.798	3.515
1575941098809.0	-5.128	-7.783	3.517
1575941098811.0	-5.145	-7.786	3.538
1575941098814.0	-5.152	-7.817	3.562
1575941098816.0	-5.135	-7.843	3.613
1575941098818.0	-5.116	-7.872	3.613
1575941098821.0	-5.095	-7.891	3.617
1575941098823.0	-5.085	-7.898	3.658
1575941098827.0	-5.104	-7.905	3.677
1575941098829.0	-5.131	-7.877	3.701
1575941098831.0	-5.157	-7.843	3.708
1575941098833.0	-5.193	-7.817	3.682
1575941098835.0	-5.217	-7.776	3.634
1575941098838.0	-5.222	-7.74	3.574
1575941098840.0	-5.214	-7.711	3.483
1575941098843.0	-5.198	-7.69	3.392
1575941098845.0	-5.181	-7.661	3.311
1575941098848.0	-5.169	-7.62	3.232
1575941098852.0	-5.147	-7.592	3.175
1575941098853.0	-5.131	-7.585	3.148
1575941098855.0	-5.133	-7.599	3.11
1575941098859.0	-5.131	-7.608	3.064
1575941098862.0	-5.126	-7.613	3.036
1575941098864.0	-5.119	-7.632	3.031
1575941098866.0	-5.097	-7.654	3.055
1575941098867.0	-5.066	-7.664	3.093
1575941098873.0	-5.047	-7.678	3.124
1575941098874.0	-5.035	-7.709	3.151
1575941098875.0	-5.011	-7.757	3.22
1575941098878.0	-4.977	-7.788	3.297
1575941098879.0	-4.941	-7.826	3.383
1575941098883.0	-4.91	-7.877	3.459
1575941098884.0	-4.874	-7.92	3.505
1575941098888.0	-4.846	-7.946	3.553
1575941098892.0	-4.831	-7.958	3.61
1575941098893.0	-4.829	-7.965	3.653
1575941098894.0	-4.824	-7.984	3.673
1575941098896.0	-4.817	-8.006	3.67
1575941098899.0	-4.795	-8.015	3.644
1575941098901.0	-4.781	-8.027	3.629
1575941098904.0	-4.779	-8.015	3.617
1575941098906.0	-4.769	-7.989	3.603
1575941098909.0	-4.769	-7.965	3.586
1575941098911.0	-4.757	-7.953	3.57
1575941098915.0	-4.731	-7.922	3.558
1575941098917.0	-4.721	-7.877	3.527
1575941098919.0	-4.733	-7.843	3.481
1575941098923.0	-4.745	-7.79	3.448
1575941098924.0	-4.759	-7.752	3.416
1575941098929.0	-4.769	-7.723	3.39
1575941098930.0	-4.769	-7.68	3.337
1575941098931.0	-4.774	-7.659	3.278
1575941098934.0	-4.786	-7.625	3.249
1575941098935.0	-4.8	-7.585	3.237
1575941098938.0	-4.807	-7.546	3.22
1575941098942.0	-4.812	-7.522	3.182
1575941098944.0	-4.81	-7.503	3.136
1575941098945.0	-4.807	-7.479	3.108
1575941098948.0	-4.829	-7.467	3.084
1575941098950.0	-4.846	-7.467	3.06
1575941098954.0	-4.858	-7.484	3.041
1575941098956.0	-4.882	-7.501	3.048
1575941098959.0	-4.903	-7.529	3.064
1575941098960.0	-4.915	-7.549	3.072
1575941098964.0	-4.929	-7.544	3.098
1575941098965.0	-4.939	-7.539	3.117
1575941098968.0	-4.953	-7.539	3.122
1575941098970.0	-4.968	-7.549	3.122
1575941098972.0	-4.973	-7.561	3.134
1575941098974.0	-4.98	-7.553	3.155
1575941098978.0	-5.004	-7.553	3.165
1575941098979.0	-5.032	-7.551	3.17
1575941098983.0	-5.059	-7.549	3.189
1575941098985.0	-5.075	-7.568	3.208
1575941098987.0	-5.078	-7.606	3.222
1575941098989.0	-5.085	-7.64	3.256
1575941098992.0	-5.087	-7.666	3.292
1575941098994.0	-5.095	-7.687	3.323
1575941098997.0	-5.104	-7.699	3.349
1575941098999.0	-5.099	-7.714	3.376
1575941099001.0	-5.107	-7.714	3.4
1575941099004.0	-5.104	-7.719	3.414
1575941099007.0	-5.097	-7.733	3.428
1575941099008.0	-5.097	-7.745	3.445
1575941099011.0	-5.09	-7.757	3.457
1575941099014.0	-5.066	-7.75	3.455
1575941099015.0	-5.056	-7.743	3.45
1575941099018.0	-5.066	-7.769	3.44
1575941099021.0	-5.066	-7.8	3.428
1575941099023.0	-5.059	-7.814	3.436
1575941099026.0	-5.047	-7.845	3.452
1575941099028.0	-5.037	-7.867	3.457
1575941099030.0	-5.006	-7.857	3.462
1575941099033.0	-4.953	-7.86	3.471
1575941099035.0	-4.898	-7.843	3.455
1575941099037.0	-4.87	-7.826	3.428
1575941099040.0	-4.822	-7.822	3.404
1575941099042.0	-4.774	-7.814	3.38
1575941099045.0	-4.733	-7.812	3.34
1575941099047.0	-4.695	-7.817	3.294
1575941099050.0	-4.673	-7.836	3.263
1575941099052.0	-4.647	-7.831	3.246
1575941099054.0	-4.633	-7.824	3.258
1575941099057.0	-4.618	-7.833	3.285
1575941099059.0	-4.604	-7.831	3.297
1575941099062.0	-4.587	-7.824	3.311
1575941099064.0	-4.568	-7.819	3.316
1575941099069.0	-4.558	-7.836	3.301
1575941099070.0	-4.542	-7.845	3.294
1575941099072.0	-4.532	-7.853	3.301
1575941099077.0	-4.537	-7.874	3.325
1575941099078.0	-4.544	-7.901	3.337
1575941099079.0	-4.561	-7.915	3.361
1575941099088.0	-4.575	-7.908	3.404
1575941099089.0	-4.597	-7.901	3.438
1575941099090.0	-4.613	-7.901	3.457
1575941099091.0	-4.633	-7.917	3.467
1575941099092.0	-4.645	-7.92	3.464
1575941099095.0	-4.633	-7.903	3.455
1575941099099.0	-4.599	-7.896	3.443
1575941099100.0	-4.585	-7.91	3.414
1575941099102.0	-4.58	-7.922	3.361
1575941099104.0	-4.561	-7.932	3.321
1575941099105.0	-4.539	-7.944	3.289
1575941099108.0	-4.51	-7.951	3.254
1575941099110.0	-4.482	-7.965	3.237
1575941099115.0	-4.47	-7.992	3.222
1575941099116.0	-4.453	-8.011	3.218
1575941099117.0	-4.436	-8.008	3.218
1575941099120.0	-4.429	-7.996	3.199
1575941099123.0	-4.417	-7.992	3.182
1575941099125.0	-4.412	-7.977	3.163
1575941099127.0	-4.4	-7.968	3.153
1575941099130.0	-4.381	-7.968	3.139
1575941099134.0	-4.352	-7.968	3.134
1575941099135.0	-4.307	-7.956	3.117
1575941099137.0	-4.269	-7.953	3.081
1575941099139.0	-4.247	-7.946	3.055
1575941099142.0	-4.218	-7.939	3.029
1575941099144.0	-4.178	-7.939	2.981
1575941099147.0	-4.137	-7.927	2.918
1575941099149.0	-4.101	-7.927	2.863
1575941099151.0	-4.07	-7.941	2.806
1575941099154.0	-4.044	-7.953	2.775
1575941099156.0	-4.02	-7.977	2.758
1575941099159.0	-3.996	-8.006	2.736
1575941099161.0	-3.974	-8.015	2.727
1575941099164.0	-3.965	-8.03	2.722
1575941099166.0	-3.962	-8.063	2.746
1575941099169.0	-3.953	-8.102	2.775
1575941099171.0	-3.938	-8.128	2.787
1575941099174.0	-3.929	-8.15	2.794
1575941099176.0	-3.936	-8.183	2.803
1575941099179.0	-3.943	-8.19	2.823
1575941099181.0	-3.95	-8.183	2.837
1575941099184.0	-3.957	-8.185	2.851
1575941099186.0	-3.953	-8.185	2.897
1575941099188.0	-3.943	-8.173	2.981
1575941099191.0	-3.926	-8.15	3.086
1575941099193.0	-3.914	-8.123	3.177
1575941099196.0	-3.905	-8.111	3.234
1575941099199.0	-3.895	-8.109	3.287
1575941099201.0	-3.888	-8.109	3.313
1575941099203.0	-3.871	-8.099	3.304
1575941099205.0	-3.854	-8.082	3.266
1575941099208.0	-3.833	-8.047	3.177
1575941099211.0	-3.831	-7.996	3.076
1575941099213.0	-3.838	-7.963	2.94
1575941099215.0	-3.792	-7.951	2.794
1575941099218.0	-3.761	-7.97	2.629
1575941099221.0	-3.775	-7.989	2.466
1575941099223.0	-3.821	-7.989	2.344
1575941099225.0	-3.907	-7.987	2.227
1575941099227.0	-3.984	-7.994	2.126
1575941099230.0	-4.053	-8.008	2.059
1575941099232.0	-4.125	-8.006	1.997
1575941099235.0	-4.187	-7.994	1.908
1575941099237.0	-4.233	-7.972	1.843
1575941099240.0	-4.259	-7.953	1.76
1575941099242.0	-4.285	-7.936	1.647
1575941099245.0	-4.293	-7.927	1.554
1575941099248.0	-4.29	-7.98	1.489
1575941099250.0	-4.29	-8.075	1.46
1575941099253.0	-4.278	-8.205	1.441
1575941099255.0	-4.278	-8.353	1.422
1575941099260.0	-4.269	-8.478	1.427
1575941099261.0	-4.247	-8.566	1.432
1575941099262.0	-4.233	-8.659	1.451
1575941099264.0	-4.221	-8.724	1.518
1575941099267.0	-4.187	-8.746	1.597
1575941099270.0	-4.135	-8.746	1.681
1575941099273.0	-4.068	-8.738	1.752
1575941099274.0	-3.998	-8.726	1.764
1575941099279.0	-3.912	-8.686	1.736
1575941099280.0	-3.826	-8.612	1.726
1575941099282.0	-3.766	-8.53	1.693
1575941099286.0	-3.716	-8.451	1.602
1575941099287.0	-3.67	-8.36	1.508
1575941099290.0	-3.639	-8.26	1.427
1575941099291.0	-3.617	-8.157	1.334
1575941099294.0	-3.606	-8.056	1.262
1575941099296.0	-3.613	-7.953	1.231
1575941099299.0	-3.639	-7.865	1.223
1575941099301.0	-3.675	-7.79	1.216
1575941099304.0	-3.706	-7.704	1.197
1575941099305.0	-3.742	-7.616	1.183
1575941099309.0	-3.797	-7.541	1.176
1575941099311.0	-3.857	-7.453	1.192
1575941099313.0	-3.902	-7.376	1.238
1575941099315.0	-3.95	-7.316	1.312
1575941099319.0	-3.991	-7.233	1.389
1575941099321.0	-4.02	-7.149	1.441
1575941099323.0	-4.039	-7.079	1.441
1575941099325.0	-4.053	-7.0	1.389
1575941099328.0	-4.065	-6.914	1.357
1575941099331.0	-4.063	-6.873	1.336
1575941099332.0	-4.048	-6.895	1.281
1575941099335.0	-4.005	-6.979	1.164
1575941099340.0	-3.943	-7.089	1.044
1575941099341.0	-3.893	-7.17	0.97
1575941099342.0	-3.859	-7.216	0.893
1575941099345.0	-3.857	-7.247	0.852
1575941099349.0	-3.878	-7.278	0.848
1575941099350.0	-3.926	-7.288	0.845
1575941099353.0	-3.986	-7.278	0.871
1575941099354.0	-4.048	-7.268	0.874
1575941099357.0	-4.099	-7.264	0.819
1575941099359.0	-4.149	-7.257	0.759
1575941099362.0	-4.19	-7.23	0.694
1575941099365.0	-4.209	-7.168	0.622
1575941099368.0	-4.23	-7.079	0.553
1575941099369.0	-4.226	-7.0	0.508
1575941099374.0	-4.197	-6.921	0.455
1575941099376.0	-4.197	-6.814	0.359
1575941099377.0	-4.211	-6.706	0.218
1575941099381.0	-4.199	-6.605	0.036
1575941099382.0	-4.178	-6.51	-0.168
1575941099385.0	-4.156	-6.431	-0.357
1575941099386.0	-4.12	-6.373	-0.527
1575941099390.0	-4.068	-6.311	-0.68
1575941099393.0	-3.993	-6.277	-0.802
1575941099395.0	-3.919	-6.296	-0.912
1575941099396.0	-3.847	-6.361	-1.006
1575941099398.0	-3.802	-6.476	-1.092
1575941099402.0	-3.759	-6.636	-1.187
1575941099403.0	-3.716	-6.818	-1.312
1575941099405.0	-3.694	-7.019	-1.446
1575941099408.0	-3.692	-7.225	-1.571
1575941099411.0	-3.704	-7.398	-1.671
1575941099414.0	-3.718	-7.537	-1.731
1575941099417.0	-3.735	-7.644	-1.745
1575941099418.0	-3.759	-7.714	-1.724
1575941099431.0	-3.785	-7.731	-1.707
1575941099432.0	-3.799	-7.719	-1.741
1575941099433.0	-3.807	-7.678	-1.827
1575941099434.0	-3.819	-7.611	-1.889
1575941099435.0	-3.809	-7.537	-1.937
1575941099436.0	-3.78	-7.45	-2.023
1575941099437.0	-3.747	-7.364	-2.09
1575941099438.0	-3.696	-7.268	-2.092
1575941099440.0	-3.656	-7.168	-2.085
1575941099443.0	-3.634	-7.101	-2.08
1575941099446.0	-3.608	-7.079	-2.071
1575941099448.0	-3.586	-7.082	-2.059
1575941099449.0	-3.56	-7.108	-2.042
1575941099455.0	-3.538	-7.166	-2.009
1575941099456.0	-3.517	-7.242	-1.944
1575941099457.0	-3.474	-7.321	-1.846
1575941099460.0	-3.426	-7.376	-1.729
1575941099461.0	-3.404	-7.388	-1.638
1575941099464.0	-3.402	-7.371	-1.592
1575941099467.0	-3.383	-7.324	-1.585
1575941099469.0	-3.337	-7.245	-1.616
1575941099472.0	-3.28	-7.144	-1.7
1575941099474.0	-3.227	-7.027	-1.798
1575941099478.0	-3.194	-6.897	-1.903
1575941099480.0	-3.163	-6.749	-2.013
1575941099481.0	-3.146	-6.601	-2.102
1575941099485.0	-3.165	-6.454	-2.157
1575941099486.0	-3.199	-6.289	-2.183
1575941099489.0	-3.254	-6.115	-2.198
1575941099491.0	-3.328	-5.94	-2.243
1575941099496.0	-3.416	-5.789	-2.349
1575941099497.0	-3.534	-5.684	-2.478
1575941099499.0	-3.665	-5.59	-2.607
1575941099500.0	-3.79	-5.542	-2.71
1575941099505.0	-3.91	-5.559	-2.796
1575941099506.0	-4.036	-5.576	-2.88
1575941099508.0	-4.166	-5.573	-2.954
1575941099511.0	-4.302	-5.564	-3.041
1575941099513.0	-4.451	-5.528	-3.136
1575941099515.0	-4.563	-5.485	-3.232
1575941099517.0	-4.647	-5.451	-3.345
1575941099522.0	-4.721	-5.415	-3.469
1575941099524.0	-4.769	-5.399	-3.579
1575941099525.0	-4.795	-5.401	-3.685
1575941099528.0	-4.819	-5.401	-3.807
1575941099529.0	-4.848	-5.403	-3.914
1575941099532.0	-4.848	-5.411	-4.02
1575941099535.0	-4.843	-5.413	-4.12
1575941099539.0	-4.829	-5.415	-4.214
1575941099540.0	-4.788	-5.399	-4.3
1575941099542.0	-4.712	-5.363	-4.396
1575941099547.0	-4.616	-5.324	-4.491
1575941099548.0	-4.532	-5.265	-4.554
1575941099549.0	-4.427	-5.181	-4.657
1575941099553.0	-4.297	-5.107	-4.788
1575941099555.0	-4.175	-5.042	-4.886
1575941099556.0	-4.051	-4.97	-4.968
1575941099560.0	-3.926	-4.896	-5.035
1575941099562.0	-3.807	-4.827	-5.068
1575941099564.0	-3.687	-4.779	-5.047
1575941099566.0	-3.586	-4.747	-5.013
1575941099569.0	-3.517	-4.728	-4.973
1575941099574.0	-3.469	-4.731	-4.889
1575941099575.0	-3.431	-4.745	-4.798
1575941099576.0	-3.409	-4.767	-4.731
1575941099579.0	-3.414	-4.791	-4.688
1575941099581.0	-3.428	-4.781	-4.683
1575941099584.0	-3.428	-4.75	-4.707
1575941099586.0	-3.419	-4.716	-4.712
1575941099590.0	-3.395	-4.704	-4.685
1575941099591.0	-3.364	-4.726	-4.645
1575941099594.0	-3.347	-4.759	-4.582
1575941099595.0	-3.333	-4.815	-4.499
1575941099599.0	-3.347	-4.86	-4.396
1575941099601.0	-3.402	-4.896	-4.29
1575941099604.0	-3.467	-4.934	-4.199
1575941099605.0	-3.55	-4.951	-4.137
1575941099618.0	-3.615	-4.927	-4.084
1575941099619.0	-3.649	-4.889	-4.034
1575941099620.0	-3.668	-4.848	-4.003
1575941099621.0	-3.653	-4.781	-3.998
1575941099622.0	-3.627	-4.704	-4.01
1575941099623.0	-3.591	-4.599	-4.017
1575941099624.0	-3.546	-4.465	-4.041
1575941099625.0	-3.505	-4.319	-4.096
1575941099627.0	-3.469	-4.154	-4.147
1575941099630.0	-3.428	-3.977	-4.202
1575941099632.0	-3.39	-3.797	-4.259
1575941099635.0	-3.364	-3.615	-4.321
1575941099637.0	-3.347	-3.44	-4.393
1575941099640.0	-3.333	-3.275	-4.453
1575941099642.0	-3.304	-3.136	-4.479
1575941099644.0	-3.275	-3.007	-4.472
1575941099649.0	-3.266	-2.89	-4.47
1575941099650.0	-3.268	-2.803	-4.47
1575941099652.0	-3.289	-2.722	-4.501
1575941099654.0	-3.318	-2.634	-4.578
1575941099658.0	-3.354	-2.552	-4.688
1575941099659.0	-3.397	-2.468	-4.822
1575941099662.0	-3.424	-2.38	-4.985
1575941099664.0	-3.452	-2.294	-5.159
1575941099666.0	-3.488	-2.21	-5.351
1575941099669.0	-3.503	-2.128	-5.557
1575941099673.0	-3.51	-2.057	-5.753
1575941099675.0	-3.531	-2.006	-5.966
1575941099676.0	-3.55	-2.006	-6.179
1575941099678.0	-3.562	-2.037	-6.364
1575941099683.0	-3.584	-2.09	-6.526
1575941099684.0	-3.594	-2.176	-6.694
1575941099686.0	-3.582	-2.272	-6.854
1575941099690.0	-3.55	-2.361	-6.993
1575941099691.0	-3.522	-2.444	-7.084
1575941099693.0	-3.505	-2.519	-7.11
1575941099695.0	-3.474	-2.578	-7.087
1575941099700.0	-3.462	-2.631	-7.041
1575941099701.0	-3.476	-2.684	-6.964
1575941099703.0	-3.459	-2.713	-6.83
1575941099705.0	-3.421	-2.724	-6.66
1575941099711.0	-3.39	-2.732	-6.481
1575941099712.0	-3.354	-2.715	-6.316
1575941099713.0	-3.321	-2.679	-6.189
1575941099718.0	-3.275	-2.605	-6.105
1575941099719.0	-3.206	-2.519	-6.057
1575941099720.0	-3.129	-2.425	-6.004
1575941099722.0	-3.06	-2.315	-5.925
1575941099725.0	-3.014	-2.188	-5.868
1575941099727.0	-2.962	-2.059	-5.827
1575941099729.0	-2.911	-1.932	-5.796
1575941099732.0	-2.88	-1.817	-5.81
1575941099734.0	-2.849	-1.724	-5.856
1575941099737.0	-2.811	-1.638	-5.873
1575941099739.0	-2.799	-1.549	-5.849
1575941099742.0	-2.811	-1.456	-5.839
1575941099745.0	-2.842	-1.369	-5.834
1575941099748.0	-2.878	-1.3	-5.858
1575941099752.0	-2.909	-1.243	-5.93
1575941099753.0	-2.945	-1.187	-6.014
1575941099754.0	-2.988	-1.164	-6.088
1575941099758.0	-3.038	-1.168	-6.162
1575941099759.0	-3.084	-1.161	-6.215
1575941099764.0	-3.146	-1.168	-6.22
1575941099765.0	-3.239	-1.178	-6.191
1575941099766.0	-3.345	-1.178	-6.143
1575941099769.0	-3.462	-1.18	-6.122
1575941099771.0	-3.572	-1.199	-6.182
1575941099773.0	-3.651	-1.211	-6.313
1575941099776.0	-3.701	-1.207	-6.51
1575941099779.0	-3.72	-1.209	-6.737
1575941099780.0	-3.718	-1.211	-6.964
1575941099786.0	-3.708	-1.219	-7.204
1575941099787.0	-3.668	-1.226	-7.436
1575941099789.0	-3.598	-1.216	-7.644
1575941099790.0	-3.529	-1.202	-7.831
1575941099794.0	-3.476	-1.192	-7.972
1575941099796.0	-3.436	-1.187	-8.063
1575941099803.0	-3.402	-1.176	-8.128
1575941099804.0	-3.402	-1.161	-8.15
1575941099805.0	-3.421	-1.144	-8.142
1575941099806.0	-3.424	-1.13	-8.145
1575941099807.0	-3.412	-1.106	-8.176
1575941099811.0	-3.392	-1.075	-8.231
1575941099812.0	-3.385	-1.068	-8.26
1575941099815.0	-3.359	-1.077	-8.248
1575941099818.0	-3.328	-1.073	-8.231
1575941099822.0	-3.301	-1.058	-8.197
1575941099823.0	-3.258	-1.041	-8.161
1575941099825.0	-3.203	-1.02	-8.13
1575941099827.0	-3.143	-0.967	-8.085
1575941099831.0	-3.098	-0.917	-7.999
1575941099832.0	-3.05	-0.905	-7.886
1575941099834.0	-3.007	-0.888	-7.745
1575941099839.0	-2.988	-0.879	-7.575
1575941099841.0	-2.978	-0.886	-7.41
1575941099842.0	-2.99	-0.888	-7.223
1575941099847.0	-3.017	-0.891	-7.01
1575941099848.0	-3.033	-0.871	-6.861
1575941099849.0	-3.041	-0.855	-6.799
1575941099853.0	-3.021	-0.84	-6.802
1575941099854.0	-2.981	-0.807	-6.838
1575941099856.0	-2.916	-0.769	-6.871
1575941099861.0	-2.854	-0.704	-6.885
1575941099862.0	-2.808	-0.634	-6.893
1575941099864.0	-2.76	-0.565	-6.885
1575941099867.0	-2.739	-0.472	-6.888
1575941099869.0	-2.751	-0.39	-6.926
1575941099871.0	-2.77	-0.318	-6.976
1575941099874.0	-2.782	-0.232	-7.07
1575941099877.0	-2.799	-0.144	-7.209
1575941099879.0	-2.823	-0.048	-7.367
1575941099880.0	-2.873	0.034	-7.546
1575941099885.0	-2.945	0.074	-7.75
1575941099886.0	-3.029	0.089	-7.963
1575941099889.0	-3.129	0.098	-8.178
1575941099890.0	-3.254	0.11	-8.425
1575941099894.0	-3.395	0.122	-8.693
1575941099896.0	-3.538	0.165	-8.99
1575941099899.0	-3.661	0.23	-9.308
1575941099900.0	-3.771	0.263	-9.598
1575941099903.0	-3.866	0.273	-9.852
1575941099905.0	-3.936	0.275	-10.113
1575941099907.0	-3.979	0.263	-10.424
1575941099911.0	-4.008	0.239	-10.785
1575941099915.0	-4.056	0.23	-11.152
1575941099916.0	-4.106	0.218	-11.47
1575941099917.0	-4.156	0.201	-11.693
1575941099920.0	-4.209	0.182	-11.779
1575941099923.0	-4.242	0.144	-11.722
1575941099924.0	-4.264	0.113	-11.575
1575941099927.0	-4.312	0.081	-11.41
1575941099933.0	-4.381	0.048	-11.276
1575941099934.0	-4.436	0.019	-11.173
1575941099935.0	-4.465	0.012	-11.109
1575941099937.0	-4.482	0.026	-11.089
1575941099938.0	-4.494	0.043	-11.08
1575941099942.0	-4.51	0.055	-11.046
1575941099944.0	-4.53	0.05	-10.965
1575941099947.0	-4.532	0.045	-10.829
1575941099949.0	-4.561	0.05	-10.659
1575941099951.0	-4.616	0.041	-10.467
1575941099954.0	-4.671	0.022	-10.307
1575941099956.0	-4.709	-0.002	-10.199
1575941099958.0	-4.714	-0.007	-10.079
1575941099961.0	-4.709	0.005	-9.926
1575941099963.0	-4.688	0.014	-9.756
1575941099965.0	-4.668	0.014	-9.576
1575941099969.0	-4.668	-0.0	-9.406
1575941099970.0	-4.657	-0.01	-9.263
1575941099976.0	-4.63	-0.019	-9.208
1575941099977.0	-4.575	-0.017	-9.227
1575941099978.0	-4.487	-0.007	-9.294
1575941099983.0	-4.393	-0.005	-9.39
1575941099984.0	-4.305	0.029	-9.45
1575941099985.0	-4.235	0.079	-9.483
1575941099989.0	-4.218	0.101	-9.507
1575941099990.0	-4.214	0.091	-9.509
1575941099994.0	-4.209	0.036	-9.512
1575941099995.0	-4.223	-0.053	-9.552
1575941099999.0	-4.242	-0.146	-9.636
1575941100001.0	-4.278	-0.259	-9.713
1575941100003.0	-4.319	-0.376	-9.768
1575941100005.0	-4.364	-0.479	-9.813
1575941100007.0	-4.42	-0.548	-9.871
1575941100009.0	-4.475	-0.56	-9.938
1575941100012.0	-4.527	-0.517	-10.007
1575941100014.0	-4.58	-0.441	-10.094
1575941100017.0	-4.625	-0.328	-10.211
1575941100019.0	-4.683	-0.189	-10.338
1575941100021.0	-4.709	-0.067	-10.501
1575941100024.0	-4.724	0.048	-10.723
1575941100027.0	-4.817	0.165	-10.924
1575941100029.0	-4.944	0.273	-11.121
1575941100032.0	-5.042	0.381	-11.346
1575941100035.0	-5.133	0.469	-11.621
1575941100036.0	-5.21	0.587	-11.98
1575941100039.0	-5.267	0.723	-12.38
1575941100041.0	-5.296	0.826	-12.799
1575941100044.0	-5.317	0.912	-13.215
1575941100046.0	-5.341	0.962	-13.61
1575941100048.0	-5.348	0.984	-13.96
1575941100051.0	-5.351	0.982	-14.274
1575941100054.0	-5.344	0.982	-14.592
1575941100056.0	-5.32	1.008	-14.906
1575941100058.0	-5.289	1.041	-15.2
1575941100060.0	-5.25	1.087	-15.48
1575941100063.0	-5.231	1.137	-15.744
1575941100066.0	-5.241	1.178	-15.954
1575941100069.0	-5.265	1.202	-16.115
1575941100070.0	-5.284	1.185	-16.234
1575941100073.0	-5.296	1.149	-16.318
1575941100075.0	-5.317	1.12	-16.385
1575941100077.0	-5.36	1.07	-16.397
1575941100080.0	-5.399	0.996	-16.361
1575941100082.0	-5.423	0.912	-16.289
1575941100085.0	-5.451	0.819	-16.177
1575941100087.0	-5.482	0.718	-16.04
1575941100089.0	-5.502	0.608	-15.882
1575941100092.0	-5.526	0.496	-15.691
1575941100094.0	-5.561	0.381	-15.468
1575941100097.0	-5.609	0.275	-15.236
1575941100099.0	-5.655	0.196	-15.011
1575941100102.0	-5.712	0.148	-14.774
1575941100104.0	-5.772	0.132	-14.53
1575941100107.0	-5.818	0.139	-14.259
1575941100109.0	-5.866	0.148	-14.015
1575941100111.0	-5.909	0.146	-13.809
1575941100114.0	-5.933	0.156	-13.598
1575941100116.0	-5.992	0.153	-13.393
1575941100119.0	-6.119	0.136	-13.153
1575941100121.0	-6.294	0.132	-12.892
1575941100123.0	-6.495	0.12	-12.66
1575941100126.0	-6.72	0.098	-12.473
1575941100128.0	-6.931	0.079	-12.421
1575941100131.0	-7.084	0.057	-12.502
1575941100133.0	-7.197	0.041	-12.665
1575941100136.0	-7.273	0.019	-12.885
1575941100138.0	-7.302	0.002	-13.103
1575941100140.0	-7.304	0.017	-13.28
1575941100143.0	-7.273	0.043	-13.421
1575941100145.0	-7.221	0.062	-13.553
1575941100148.0	-7.166	0.069	-13.675
1575941100150.0	-7.108	0.103	-13.752
1575941100152.0	-7.031	0.17	-13.766
1575941100155.0	-6.938	0.22	-13.74
1575941100158.0	-6.835	0.259	-13.663
1575941100160.0	-6.73	0.287	-13.529
1575941100164.0	-6.629	0.33	-13.364
1575941100166.0	-6.512	0.362	-13.177
1575941100170.0	-6.38	0.366	-12.942
1575941100173.0	-6.27	0.364	-12.617
1575941100174.0	-6.194	0.357	-12.219
1575941100177.0	-6.122	0.359	-11.877
1575941100178.0	-6.009	0.378	-11.621
1575941100182.0	-5.87	0.409	-11.439
1575941100183.0	-5.731	0.441	-11.281
1575941100187.0	-5.583	0.479	-11.097
1575941100192.0	-5.42	0.515	-10.9
1575941100193.0	-5.25	0.548	-10.73
1575941100196.0	-5.08	0.603	-10.615
1575941100197.0	-4.915	0.642	-10.493
1575941100200.0	-4.757	0.644	-10.366
1575941100201.0	-4.604	0.658	-10.256
1575941100206.0	-4.467	0.682	-10.146
1575941100207.0	-4.329	0.68	-10.031
1575941100210.0	-4.182	0.69	-9.924
1575941100211.0	-4.063	0.718	-9.84
1575941100217.0	-3.962	0.733	-9.763
1575941100218.0	-3.857	0.754	-9.698
1575941100219.0	-3.752	0.771	-9.641
1575941100222.0	-3.637	0.778	-9.612
1575941100223.0	-3.529	0.771	-9.567
1575941100227.0	-3.45	0.733	-9.485
1575941100228.0	-3.397	0.69	-9.409
1575941100231.0	-3.392	0.634	-9.335
1575941100234.0	-3.426	0.555	-9.253
1575941100235.0	-3.479	0.189	-8.695
1575941100240.0	-3.5	-0.342	-7.34
1575941100241.0	-3.345	-0.764	-6.17
1575941100245.0	-2.923	-1.324	-6.004
1575941100246.0	-2.286	-1.973	-6.663
1575941100248.0	-1.549	-2.432	-7.771
1575941100251.0	-0.852	-2.523	-9.028
1575941100252.0	-0.373	-2.212	-10.345
1575941100256.0	-0.192	-1.764	-11.604
1575941100257.0	-0.235	-1.468	-12.416
1575941100258.0	-0.333	-1.274	-12.662
1575941100269.0	-0.51	-0.891	-12.394
1575941100270.0	-0.845	-0.35	-11.544
1575941100271.0	-1.238	0.096	-10.321
1575941100273.0	-1.755	0.345	-8.521
1575941100274.0	-2.969	0.311	-6.502
1575941100275.0	-4.621	0.144	-6.888
1575941100276.0	-5.76	-0.163	-10.532
1575941100277.0	-6.119	-0.663	-15.995
1575941100287.0	-5.933	-1.176	-21.554
1575941100288.0	-5.751	-1.669	-25.105
1575941100289.0	-6.11	-2.09	-26.297
1575941100291.0	-7.245	-2.286	-26.242
1575941100292.0	-8.777	-2.277	-26.074
1575941100293.0	-10.019	-2.128	-26.354
1575941100294.0	-11.03	-1.872	-26.661
1575941100297.0	-11.592	-1.647	-25.899
1575941100299.0	-11.437	-1.532	-24.259
1575941100307.0	-10.915	-1.496	-22.296
1575941100308.0	-10.153	-1.537	-19.802
1575941100309.0	-9.371	-1.592	-16.979
1575941100310.0	-8.664	-1.621	-14.247
1575941100311.0	-8.02	-1.633	-11.822
1575941100313.0	-7.386	-1.669	-9.71
1575941100317.0	-6.759	-1.702	-7.965
1575941100318.0	-6.261	-1.673	-6.67
1575941100321.0	-5.889	-1.563	-5.782
1575941100324.0	-5.564	-1.403	-5.214
1575941100326.0	-5.293	-1.202	-4.968
1575941100328.0	-5.09	-0.977	-4.994
1575941100331.0	-4.91	-0.759	-5.238
1575941100334.0	-4.771	-0.529	-5.648
1575941100336.0	-4.702	-0.278	-6.227
1575941100340.0	-4.724	0.012	-6.89
1575941100341.0	-4.745	0.29	-7.484
1575941100344.0	-4.666	0.479	-8.071
1575941100345.0	-4.506	0.591	-8.758
1575941100349.0	-4.273	0.666	-9.473
1575941100350.0	-3.993	0.709	-10.125
1575941100353.0	-3.689	0.716	-10.673
1575941100355.0	-3.371	0.697	-11.061
1575941100358.0	-3.043	0.661	-11.31
1575941100361.0	-2.758	0.622	-11.47
1575941100363.0	-2.526	0.577	-11.54
1575941100365.0	-2.308	0.527	-11.504
1575941100369.0	-2.076	0.496	-11.405
1575941100371.0	-1.824	0.472	-11.286
1575941100374.0	-1.621	0.457	-11.135
1575941100375.0	-1.489	0.462	-10.958
1575941100378.0	-1.403	0.491	-10.714
1575941100380.0	-1.389	0.524	-10.414
1575941100382.0	-1.386	0.555	-10.127
1575941100385.0	-1.36	0.587	-9.871
1575941100388.0	-1.374	0.634	-9.608
1575941100389.0	-1.398	0.682	-9.351
1575941100392.0	-1.408	0.723	-9.124
1575941100394.0	-1.417	0.769	-8.911
1575941100397.0	-1.42	0.792	-8.719
1575941100399.0	-1.42	0.8	-8.573
1575941100402.0	-1.405	0.809	-8.461
1575941100404.0	-1.365	0.831	-8.348
1575941100407.0	-1.331	0.845	-8.243
1575941100409.0	-1.338	0.843	-8.195
1575941100411.0	-1.353	0.824	-8.197
1575941100415.0	-1.381	0.821	-8.231
1575941100416.0	-1.424	0.814	-8.31
1575941100419.0	-1.53	0.821	-8.406
1575941100421.0	-1.664	0.836	-8.406
1575941100424.0	-1.709	0.807	-8.499
1575941100426.0	-1.767	0.778	-8.853
1575941100429.0	-1.899	0.761	-9.251
1575941100431.0	-2.109	0.73	-9.588
1575941100434.0	-2.361	0.673	-9.892
1575941100435.0	-2.614	0.589	-10.201
1575941100438.0	-2.866	0.486	-10.563
1575941100440.0	-3.098	0.371	-10.929
1575941100443.0	-3.333	0.232	-11.212
1575941100445.0	-3.567	0.06	-11.377
1575941100448.0	-3.756	-0.158	-11.434
1575941100450.0	-3.886	-0.388	-11.425
1575941100452.0	-4.008	-0.608	-11.365
1575941100455.0	-4.142	-0.79	-11.255
1575941100457.0	-4.259	-0.941	-11.087
1575941100460.0	-4.36	-1.094	-10.884
1575941100462.0	-4.465	-1.216	-10.666
1575941100464.0	-4.57	-1.322	-10.448
1575941100467.0	-4.671	-1.417	-10.244
1575941100469.0	-4.759	-1.487	-10.048
1575941100472.0	-4.815	-1.525	-9.883
1575941100474.0	-4.843	-1.547	-9.744
1575941100477.0	-4.874	-1.539	-9.619
1575941100479.0	-4.901	-1.499	-9.529
1575941100481.0	-4.932	-1.46	-9.459
1575941100483.0	-4.953	-1.413	-9.428
1575941100486.0	-4.98	-1.329	-9.461
1575941100489.0	-4.999	-1.233	-9.56
1575941100491.0	-5.004	-1.113	-9.655
1575941100494.0	-5.008	-0.979	-9.725
1575941100496.0	-4.992	-0.898	-9.77
1575941100499.0	-4.956	-0.859	-9.823
1575941100501.0	-4.927	-0.843	-9.873
1575941100504.0	-4.901	-0.845	-9.916
1575941100506.0	-4.886	-0.85	-9.981
1575941100509.0	-4.889	-0.893	-10.034
1575941100511.0	-4.908	-0.958	-10.038
1575941100513.0	-4.915	-1.039	-10.007
1575941100517.0	-4.913	-1.137	-9.993
1575941100519.0	-4.925	-1.24	-9.983
1575941100521.0	-4.925	-1.331	-9.936
1575941100524.0	-4.92	-1.429	-9.852
1575941100525.0	-4.953	-1.542	-9.718
1575941100529.0	-5.001	-1.659	-9.55
1575941100530.0	-5.025	-1.745	-9.38
1575941100534.0	-5.013	-1.81	-9.157
1575941100535.0	-4.965	-1.913	-8.865
1575941100539.0	-4.846	-2.018	-8.58
1575941100540.0	-4.659	-2.14	-8.439
1575941100544.0	-4.439	-2.31	-8.31
1575941100545.0	-4.242	-2.478	-8.15
1575941100548.0	-4.396	-2.578	-8.102
1575941100550.0	-5.073	-2.545	-8.334
1575941100553.0	-5.858	-2.408	-8.662
1575941100555.0	-6.342	-2.27	-8.109
1575941100557.0	-6.605	-2.054	-6.682
1575941100559.0	-6.84	-1.733	-5.375
1575941100562.0	-7.168	-1.47	-4.604
1575941100565.0	-7.582	-1.427	-4.661
1575941100567.0	-7.999	-1.626	-5.851
1575941100570.0	-9.11	-2.025	-9.167
1575941100571.0	-11.226	-2.387	-17.85
1575941100575.0	-11.956	-2.301	-28.933
1575941100577.0	-10.395	-1.961	-32.895
1575941100580.0	-7.98	-1.599	-26.864
1575941100582.0	-5.971	-1.168	-15.847
1575941100585.0	-5.37	-0.596	-6.311
1575941100589.0	-5.765	0.103	-1.341
1575941100590.0	-6.368	0.536	-0.347
1575941100592.0	-6.931	0.474	-1.525
1575941100594.0	-7.403	0.041	-3.103
1575941100598.0	-7.424	-0.555	-3.775
1575941100600.0	-7.618	-1.104	-3.945
1575941100601.0	-8.475	-1.52	-4.625
1575941100605.0	-9.083	-1.736	-5.308
1575941100606.0	-9.641	-2.025	-5.878
1575941100610.0	-10.182	-2.416	-6.629
1575941100611.0	-9.873	-2.538	-7.565
1575941100614.0	-8.913	-2.418	-8.741
1575941100616.0	-8.3	-2.303	-9.56
1575941100619.0	-8.267	-2.332	-9.112
1575941100621.0	-8.219	-2.444	-7.86
1575941100624.0	-7.908	-2.523	-6.806
1575941100627.0	-6.905	-2.303	-5.131
1575941100630.0	-6.081	-2.14	-3.414
1575941100631.0	-7.043	-2.49	-3.582
1575941100634.0	-9.351	-3.124	-5.394
1575941100636.0	-11.166	-3.73	-7.901
1575941100638.0	-10.417	-3.505	-9.224
1575941100651.0	-7.455	-2.411	-7.233
1575941100652.0	-5.82	-1.75	-4.13
1575941100653.0	-5.935	-1.582	-1.992
1575941100654.0	-6.294	-1.463	-0.651
1575941100655.0	-6.548	-1.274	0.326
1575941100656.0	-6.972	-1.243	1.006
1575941100657.0	-8.523	-1.7	-0.409
1575941100658.0	-9.574	-1.889	-2.313
1575941100660.0	-10.517	-2.171	-4.561
1575941100662.0	-10.376	-1.942	-6.026
1575941100665.0	-8.892	-1.281	-5.559
1575941100668.0	-8.341	-1.128	-4.956
1575941100669.0	-8.518	-1.029	-4.939
1575941100674.0	-7.745	-0.378	-4.202
1575941100675.0	-6.519	0.359	-2.377
1575941100679.0	-6.548	0.452	-1.884
1575941100680.0	-6.696	0.706	-2.555
1575941100683.0	-6.562	1.278	-3.232
1575941100685.0	-6.426	1.808	-3.17
1575941100686.0	-6.574	1.942	-2.533
1575941100689.0	-6.933	1.69	-1.626
1575941100691.0	-7.522	1.159	-0.773
1575941100695.0	-8.24	0.464	-0.309
1575941100697.0	-8.925	-0.333	-0.283
1575941100699.0	-9.438	-1.233	-0.388
1575941100703.0	-9.718	-2.195	-0.225
1575941100704.0	-9.821	-3.158	0.026
1575941100706.0	-9.897	-4.156	0.098
1575941100709.0	-10.0	-5.111	0.139
1575941100711.0	-10.079	-5.945	-0.141
1575941100714.0	-10.12	-6.596	-0.61
1575941100716.0	-10.086	-7.005	-1.017
1575941100718.0	-9.991	-7.259	-1.487
1575941100729.0	-9.866	-7.371	-1.934
1575941100730.0	-9.701	-7.34	-2.217
1575941100731.0	-9.478	-7.163	-2.308
1575941100733.0	-9.244	-6.888	-2.425
1575941100734.0	-9.033	-6.589	-2.677
1575941100735.0	-8.865	-6.258	-3.031
1575941100736.0	-8.777	-5.952	-3.469
1575941100738.0	-8.774	-5.71	-3.847
1575941100741.0	-8.863	-5.499	-3.957
1575941100742.0	-9.026	-5.224	-3.799
1575941100745.0	-9.229	-4.915	-3.56
1575941100747.0	-9.466	-4.625	-3.33
1575941100750.0	-9.684	-4.355	-3.122
1575941100752.0	-9.873	-4.089	-2.959
1575941100754.0	-10.046	-3.854	-2.799
1575941100758.0	-10.177	-3.649	-2.571
1575941100759.0	-10.261	-3.474	-2.289
1575941100762.0	-10.323	-3.342	-2.018
1575941100765.0	-10.395	-3.232	-1.781
1575941100767.0	-10.481	-3.151	-1.575
1575941100770.0	-10.589	-3.112	-1.42
1575941100772.0	-10.699	-3.122	-1.329
1575941100777.0	-10.773	-3.136	-1.209
1575941100778.0	-10.809	-3.127	-1.037
1575941100779.0	-10.728	-3.12	-0.855
1575941100782.0	-10.56	-3.112	-0.63
1575941100785.0	-10.431	-3.062	-0.373
1575941100786.0	-10.311	-2.985	-0.192
1575941100791.0	-10.175	-2.906	-0.127
1575941100792.0	-10.022	-2.799	-0.043
1575941100796.0	-9.861	-2.648	0.172
1575941100797.0	-9.708	-2.456	0.539
1575941100799.0	-9.581	-2.222	1.022
1575941100801.0	-9.49	-1.985	1.58
1575941100805.0	-9.378	-1.781	2.191
1575941100806.0	-9.244	-1.64	2.801
1575941100811.0	-9.119	-1.52	3.222
1575941100812.0	-9.009	-1.396	3.44
1575941100814.0	-8.901	-1.278	3.574
1575941100817.0	-8.789	-1.176	3.649
1575941100818.0	-8.722	-1.073	3.689
1575941100823.0	-8.688	-0.984	3.764
1575941100824.0	-8.659	-0.888	3.898
1575941100826.0	-8.657	-0.78	4.036
1575941100828.0	-8.679	-0.678	4.19
1575941100830.0	-8.712	-0.575	4.343
1575941100845.0	-8.755	-0.441	4.431
1575941100846.0	-8.786	-0.259	4.429
1575941100847.0	-8.801	-0.065	4.317
1575941100848.0	-8.803	0.129	4.096
1575941100849.0	-8.817	0.34	3.857
1575941100850.0	-8.817	0.558	3.68
1575941100851.0	-8.803	0.785	3.572
1575941100852.0	-8.817	1.015	3.546
1575941100853.0	-8.856	1.216	3.565
1575941100855.0	-8.882	1.413	3.598
1575941100858.0	-8.925	1.587	3.668
1575941100862.0	-8.985	1.736	3.747
1575941100863.0	-9.047	1.872	3.797
1575941100864.0	-9.112	1.97	3.785
1575941100869.0	-9.186	2.037	3.73
1575941100870.0	-9.268	2.09	3.625
1575941100872.0	-9.349	2.114	3.522
1575941100877.0	-9.433	2.104	3.424
1575941100879.0	-9.517	2.071	3.275
1575941100880.0	-9.593	2.021	3.136
1575941100883.0	-9.672	1.951	3.005
1575941100884.0	-9.73	1.877	2.892
1575941100889.0	-9.756	1.817	2.803
1575941100890.0	-9.766	1.779	2.713
1575941100892.0	-9.756	1.741	2.629
1575941100894.0	-9.756	1.695	2.583
1575941100896.0	-9.744	1.685	2.569
1575941100899.0	-9.687	1.721	2.55
1575941100902.0	-9.608	1.757	2.514
1575941100903.0	-9.517	1.791	2.456
1575941100906.0	-9.438	1.829	2.387
1575941100911.0	-9.351	1.858	2.308
1575941100912.0	-9.26	1.877	2.234
1575941100914.0	-9.186	1.863	2.116
1575941100917.0	-9.114	1.843	1.997
1575941100918.0	-9.031	1.841	1.908
1575941100921.0	-8.937	1.87	1.839
1575941100923.0	-8.846	1.939	1.829
1575941100925.0	-8.782	2.016	1.908
1575941100928.0	-8.753	2.1	2.054
1575941100930.0	-8.743	2.174	2.2
1575941100943.0	-8.75	2.219	2.325
1575941100944.0	-8.767	2.248	2.432
1575941100945.0	-8.782	2.248	2.543
1575941100946.0	-8.815	2.231	2.681
1575941100947.0	-8.853	2.219	2.832
1575941100948.0	-8.882	2.21	3.012
1575941100949.0	-8.932	2.188	3.191
1575941100950.0	-8.983	2.157	3.359
1575941100954.0	-9.019	2.112	3.519
1575941100955.0	-9.05	2.049	3.665
1575941100957.0	-9.071	1.949	3.792
1575941100959.0	-9.069	1.853	3.912
1575941100961.0	-9.038	1.76	4.029
1575941100964.0	-9.002	1.685	4.147
1575941100967.0	-8.952	1.63	4.261
1575941100969.0	-8.846	1.559	4.352
1575941100972.0	-8.719	1.515	4.451
1575941100975.0	-8.58	1.492	4.539
1575941100976.0	-8.451	1.463	4.582
1575941100981.0	-8.315	1.439	4.609
1575941100982.0	-8.171	1.424	4.64
1575941100984.0	-8.035	1.448	4.666
1575941100986.0	-7.877	1.501	4.685
1575941100990.0	-7.721	1.561	4.707
1575941100993.0	-7.585	1.642	4.752
1575941100994.0	-7.446	1.729	4.822
1575941100997.0	-7.297	1.81	4.87
1575941100999.0	-7.178	1.903	4.891
1575941101001.0	-7.067	1.992	4.903
1575941101004.0	-6.94	2.045	4.963
1575941101005.0	-6.536	2.03	5.609
1575941101010.0	-5.736	1.961	7.063
1575941101011.0	-4.92	1.877	8.439
1575941101015.0	-4.525	1.784	8.815
1575941101017.0	-4.558	1.7	8.257
1575941101018.0	-4.661	1.626	7.604
1575941101020.0	-4.69	1.513	7.34
1575941101023.0	-4.747	1.372	7.333
1575941101025.0	-4.87	1.24	7.17
1575941101028.0	-5.09	1.132	6.603
1575941101030.0	-5.408	1.025	5.959
1575941101035.0	-5.76	0.893	5.425
1575941101036.0	-6.093	0.757	4.956
1575941101038.0	-6.409	0.644	4.582
1575941101040.0	-6.701	0.577	4.254
1575941101042.0	-6.972	0.527	3.96
1575941101044.0	-7.221	0.464	3.728
1575941101047.0	-7.458	0.426	3.579
1575941101052.0	-7.704	0.407	3.519
1575941101053.0	-7.917	0.383	3.498
1575941101054.0	-8.092	0.376	3.522
1575941101059.0	-8.25	0.366	3.622
1575941101060.0	-8.384	0.326	3.768
1575941101071.0	-8.468	0.247	3.977
1575941101072.0	-8.509	0.175	4.238
1575941101073.0	-8.513	0.103	4.542
1575941101074.0	-8.461	0.034	4.891
1575941101076.0	-8.382	0.002	5.303
1575941101077.0	-8.298	-0.019	5.746
1575941101078.0	-8.207	-0.029	6.155
1575941101079.0	-8.128	-0.029	6.502
1575941101083.0	-8.044	-0.022	6.751
1575941101084.0	-7.958	-0.022	6.883
1575941101087.0	-7.886	-0.034	6.921
1575941101089.0	-7.795	-0.024	6.89
1575941101091.0	-7.683	-0.007	6.809
1575941101096.0	-7.582	0.034	6.727
1575941101097.0	-7.472	0.084	6.632
1575941101098.0	-7.364	0.134	6.522
1575941101103.0	-7.28	0.206	6.407
1575941101104.0	-7.225	0.278	6.268
1575941101105.0	-7.204	0.352	6.122
1575941101117.0	-7.209	0.433	5.973
1575941101118.0	-7.189	0.536	5.82
1575941101119.0	-7.189	0.656	5.696
1575941101120.0	-7.218	0.754	5.581
1575941101121.0	-7.211	0.848	5.38
1575941101123.0	-7.189	0.927	5.08
1575941101124.0	-7.156	1.025	4.786
1575941101125.0	-7.12	1.149	4.566
1575941101136.0	-7.099	1.274	4.388
1575941101137.0	-7.072	1.405	4.264
1575941101138.0	-7.065	1.556	4.202
1575941101139.0	-7.089	1.729	4.168
1575941101140.0	-7.11	1.906	4.209
1575941101142.0	-7.156	2.071	4.288
1575941101143.0	-7.245	2.195	4.352
1575941101147.0	-7.331	2.296	4.439
1575941101148.0	-7.383	2.37	4.585
1575941101149.0	-7.422	2.411	4.759
1575941101151.0	-7.47	2.423	4.889
1575941101155.0	-7.517	2.43	4.975
1575941101156.0	-7.539	2.435	5.078
1575941101161.0	-7.568	2.435	5.198
1575941101163.0	-7.62	2.447	5.265
1575941101165.0	-7.685	2.454	5.341
1575941101166.0	-7.766	2.444	5.463
1575941101169.0	-7.843	2.44	5.542
1575941101171.0	-7.905	2.444	5.564
1575941101175.0	-7.924	2.435	5.569
1575941101176.0	-7.908	2.406	5.576
1575941101179.0	-7.855	2.368	5.597
1575941101181.0	-7.766	2.315	5.633
1575941101184.0	-7.678	2.26	5.667
1575941101186.0	-7.592	2.229	5.691
1575941101190.0	-7.503	2.195	5.727
1575941101191.0	-7.405	2.148	5.767
1575941101195.0	-7.319	2.114	5.806
1575941101196.0	-7.233	2.088	5.846
1575941101198.0	-7.144	2.033	5.894
1575941101201.0	-7.075	1.961	5.973
1575941101203.0	-7.012	1.92	6.069
1575941101205.0	-6.969	1.896	6.184
1575941101210.0	-6.943	1.872	6.287
1575941101211.0	-6.929	1.865	6.402
1575941101213.0	-6.926	1.863	6.529
1575941101215.0	-6.926	1.855	6.624
1575941101219.0	-6.96	1.858	6.701
1575941101221.0	-7.003	1.836	6.771
1575941101223.0	-7.043	1.8	6.842
1575941101224.0	-7.115	1.774	6.919
1575941101228.0	-7.18	1.738	6.984
1575941101229.0	-7.242	1.676	7.039
1575941101233.0	-7.328	1.616	7.051
1575941101234.0	-7.443	1.578	7.022
1575941101238.0	-7.573	1.53	6.981
1575941101239.0	-7.745	1.468	6.929
1575941101242.0	-7.953	1.386	6.878
1575941101244.0	-8.154	1.278	6.823
1575941101247.0	-8.351	1.171	6.756
1575941101249.0	-8.54	1.07	6.668
1575941101251.0	-8.705	0.95	6.584
1575941101255.0	-8.846	0.802	6.505
1575941101256.0	-8.973	0.675	6.421
1575941101258.0	-9.062	0.555	6.361
1575941101261.0	-9.124	0.429	6.318
1575941101263.0	-9.153	0.328	6.304
1575941101266.0	-9.157	0.237	6.308
1575941101268.0	-9.141	0.182	6.311
1575941101270.0	-9.083	0.136	6.332
1575941101274.0	-9.004	0.091	6.414
1575941101275.0	-8.868	0.048	6.507
1575941101277.0	-8.683	0.024	6.584
1575941101280.0	-8.504	0.022	6.684
1575941101283.0	-8.317	0.012	6.792
1575941101285.0	-8.111	0.043	6.876
1575941101287.0	-7.903	0.077	6.955
1575941101290.0	-7.702	0.091	7.036
1575941101292.0	-7.489	0.129	7.113
1575941101296.0	-7.312	0.17	7.197
1575941101297.0	-7.17	0.211	7.249
1575941101300.0	-7.024	0.251	7.271
1575941101303.0	-6.907	0.283	7.307
1575941101305.0	-6.802	0.306	7.345
1575941101307.0	-6.696	0.326	7.369
1575941101310.0	-6.598	0.354	7.381
1575941101313.0	-6.505	0.376	7.391
1575941101315.0	-6.431	0.412	7.381
1575941101317.0	-6.378	0.443	7.333
1575941101320.0	-6.33	0.469	7.283
1575941101322.0	-6.287	0.498	7.223
1575941101325.0	-6.237	0.51	7.168
1575941101327.0	-6.201	0.512	7.113
1575941101329.0	-6.182	0.486	7.06
1575941101333.0	-6.167	0.445	7.029
1575941101335.0	-6.15	0.409	6.996
1575941101337.0	-6.153	0.371	6.962
1575941101340.0	-6.165	0.328	6.933
1575941101342.0	-6.162	0.251	6.893
1575941101344.0	-6.138	0.189	6.85
1575941101347.0	-6.131	0.165	6.83
1575941101349.0	-6.141	0.136	6.842
1575941101354.0	-6.153	0.141	6.873
1575941101355.0	-6.167	0.165	6.926
1575941101356.0	-6.206	0.199	6.979
1575941101359.0	-6.253	0.254	7.034
1575941101361.0	-6.294	0.323	7.096
1575941101364.0	-6.337	0.383	7.142
1575941101369.0	-6.368	0.388	7.137
1575941101370.0	-6.387	0.369	7.12
1575941101372.0	-6.397	0.373	7.101
1575941101374.0	-6.397	0.388	7.094
1575941101375.0	-6.407	0.431	7.106
1575941101379.0	-6.433	0.479	7.113
1575941101381.0	-6.474	0.51	7.101
1575941101384.0	-6.531	0.531	7.034
1575941101385.0	-6.598	0.553	6.917
1575941101389.0	-6.682	0.575	6.802
1575941101390.0	-6.761	0.584	6.696
1575941101395.0	-6.828	0.599	6.593
1575941101396.0	-6.883	0.622	6.5
1575941101398.0	-6.921	0.615	6.39
1575941101402.0	-6.945	0.584	6.239
1575941101403.0	-6.976	0.531	6.069
1575941101405.0	-7.008	0.476	5.901
1575941101407.0	-7.046	0.441	5.76
1575941101412.0	-7.106	0.419	5.657
1575941101413.0	-7.163	0.402	5.595
1575941101415.0	-7.201	0.421	5.595
1575941101419.0	-7.216	0.493	5.681
1575941101420.0	-7.218	0.596	5.794
1575941101423.0	-7.221	0.704	5.911
1575941101424.0	-7.211	0.8	6.038
1575941101429.0	-7.185	0.895	6.146
1575941101430.0	-7.173	0.96	6.249
1575941101432.0	-7.163	0.998	6.356
1575941101435.0	-7.161	1.015	6.457
1575941101452.0	-7.173	1.02	6.565
1575941101453.0	-7.192	1.001	6.663
1575941101454.0	-7.221	0.962	6.72
1575941101455.0	-7.247	0.934	6.78
1575941101457.0	-7.273	0.907	6.826
1575941101458.0	-7.302	0.876	6.83
1575941101459.0	-7.324	0.852	6.845
1575941101460.0	-7.319	0.824	6.852
1575941101461.0	-7.307	0.804	6.84
1575941101462.0	-7.28	0.797	6.833
1575941101463.0	-7.225	0.79	6.842
1575941101467.0	-7.154	0.79	6.854
1575941101468.0	-7.067	0.785	6.861
1575941101469.0	-6.979	0.776	6.885
1575941101470.0	-6.9	0.79	6.921
1575941101473.0	-6.828	0.816	6.969
1575941101475.0	-6.775	0.828	7.022
1575941101478.0	-6.747	0.848	7.087
1575941101480.0	-6.725	0.867	7.125
1575941101482.0	-6.723	0.857	7.142
1575941101486.0	-6.744	0.838	7.158
1575941101488.0	-6.775	0.814	7.156
1575941101492.0	-6.811	0.79	7.158
1575941101493.0	-6.852	0.764	7.158
1575941101496.0	-6.905	0.733	7.142
1575941101498.0	-6.957	0.697	7.103
1575941101501.0	-7.003	0.694	7.067
1575941101503.0	-7.067	0.716	7.024
1575941101506.0	-7.158	0.742	6.993
1575941101508.0	-7.264	0.785	6.996
1575941101510.0	-7.388	0.831	6.991
1575941101513.0	-7.52	0.879	6.957
1575941101515.0	-7.675	0.929	6.9
1575941101518.0	-7.833	0.955	6.818
1575941101520.0	-7.977	0.97	6.754
1575941101523.0	-8.121	0.977	6.708
1575941101525.0	-8.255	0.984	6.651
1575941101528.0	-8.353	0.998	6.574
1575941101530.0	-8.418	1.01	6.507
1575941101532.0	-8.463	1.01	6.459
1575941101535.0	-8.48	1.013	6.423
1575941101537.0	-8.463	1.029	6.385
1575941101540.0	-8.422	1.053	6.364
1575941101542.0	-8.384	1.092	6.354
1575941101545.0	-8.327	1.13	6.323
1575941101547.0	-8.257	1.154	6.304
1575941101549.0	-8.173	1.195	6.296
1575941101551.0	-8.082	1.226	6.275
1575941101554.0	-8.008	1.252	6.261
1575941101556.0	-7.905	1.29	6.258
1575941101558.0	-7.79	1.326	6.251
1575941101561.0	-7.69	1.369	6.239
1575941101563.0	-7.575	1.403	6.227
1575941101565.0	-7.458	1.432	6.203
1575941101568.0	-7.369	1.472	6.179
1575941101570.0	-7.271	1.523	6.146
1575941101573.0	-7.173	1.549	6.107
1575941101576.0	-7.089	1.568	6.079
1575941101578.0	-7.0	1.594	6.031
1575941101580.0	-6.919	1.616	5.985
1575941101583.0	-6.859	1.614	5.947
1575941101586.0	-6.816	1.611	5.937
1575941101588.0	-6.782	1.611	5.94
1575941101590.0	-6.768	1.602	6.021
1575941101593.0	-6.782	1.453	6.349
1575941101595.0	-6.806	1.14	6.914
1575941101597.0	-6.782	1.01	7.503
1575941101600.0	-6.694	1.051	7.905
1575941101603.0	-6.629	0.977	8.054
1575941101605.0	-6.677	0.694	7.972
1575941101609.0	-6.818	0.266	7.711
1575941101610.0	-7.008	-0.139	7.419
1575941101612.0	-7.209	-0.443	7.233
1575941101614.0	-7.345	-0.639	7.182
1575941101619.0	-7.403	-0.73	7.24
1575941101620.0	-7.415	-0.745	7.314
1575941101621.0	-7.391	-0.723	7.386
1575941101624.0	-7.352	-0.675	7.443
1575941101626.0	-7.309	-0.577	7.462
1575941101628.0	-7.245	-0.426	7.462
1575941101631.0	-7.182	-0.23	7.431
1575941101633.0	-7.132	-0.036	7.336
1575941101636.0	-7.087	0.134	7.178
1575941101638.0	-7.06	0.318	6.993
1575941101641.0	-7.036	0.496	6.821
1575941101643.0	-7.019	0.654	6.675
1575941101646.0	-7.015	0.814	6.557
1575941101649.0	-7.034	0.953	6.478
1575941101651.0	-7.079	1.061	6.416
1575941101654.0	-7.142	1.137	6.356
1575941101656.0	-7.213	1.18	6.316
1575941101658.0	-7.288	1.187	6.275
1575941101661.0	-7.371	1.147	6.239
1575941101663.0	-7.448	1.077	6.239
1575941101665.0	-7.496	0.991	6.292
1575941101667.0	-7.52	0.917	6.399
1575941101670.0	-7.52	0.845	6.553
1575941101673.0	-7.501	0.778	6.759
1575941101675.0	-7.455	0.773	6.996
1575941101677.0	-7.395	0.814	7.245
1575941101679.0	-7.328	0.855	7.491
1575941101682.0	-7.278	0.876	7.721
1575941101685.0	-7.247	0.864	7.903
1575941101687.0	-7.221	0.824	8.011
1575941101689.0	-7.213	0.749	8.071
1575941101692.0	-7.223	0.651	8.087
1575941101694.0	-7.268	0.522	8.08
