1	1575490534352	-0.473	1.126	9.896	Sitting
2	1575490534353	-0.458	1.138	9.701	Sitting
3	1575490534354	-0.46	1.135	9.709	Sitting
4	1575490534355	-0.472	1.13	9.76	Sitting
5	1575490534419	-0.475	1.116	9.755	Sitting
6	1575490534420	-0.504	1.086	9.736	Sitting
7	1575490534421	-0.516	1.083	9.733	Sitting
8	1575490534486	-0.494	1.095	9.761	Sitting
9	1575490534487	-0.502	1.116	9.754	Sitting
10	1575490534488	-0.534	1.124	9.726	Sitting
11	1575490534489	-0.549	1.131	9.749	Sitting
12	1575490534553	-0.545	1.128	9.782	Sitting
13	1575490534554	-0.531	1.112	9.755	Sitting
14	1575490534555	-0.531	1.113	9.72	Sitting
15	1575490534619	-0.523	1.108	9.743	Sitting
16	1575490534620	-0.509	1.11	9.768	Sitting
17	1575490534621	-0.506	1.117	9.757	Sitting
18	1575490534686	-0.516	1.118	9.745	Sitting
19	1575490534687	-0.506	1.105	9.739	Sitting
20	1575490534688	-0.482	1.124	9.757	Sitting
21	1575490534689	-0.478	1.134	9.751	Sitting
22	1575490534752	-0.494	1.138	9.732	Sitting
23	1575490534753	-0.509	1.135	9.746	Sitting
24	1575490534754	-0.524	1.102	9.766	Sitting
25	1575490534819	-0.499	1.108	9.761	Sitting
26	1575490534820	-0.522	1.1	9.744	Sitting
27	1575490534821	-0.515	1.105	9.734	Sitting
28	1575490534822	-0.52	1.111	9.755	Sitting
29	1575490534886	-0.557	1.113	9.757	Sitting
30	1575490534887	-0.54	1.13	9.748	Sitting
31	1575490534888	-0.521	1.122	9.734	Sitting
32	1575490534953	-0.503	1.118	9.742	Sitting
33	1575490534954	-0.487	1.111	9.749	Sitting
34	1575490534955	-0.482	1.117	9.746	Sitting
35	1575490534956	-0.472	1.114	9.743	Sitting
36	1575490535019	-0.466	1.102	9.744	Sitting
37	1575490535020	-0.466	1.107	9.738	Sitting
38	1575490535021	-0.47	1.107	9.748	Sitting
39	1575490535085	-0.49	1.108	9.762	Sitting
40	1575490535086	-0.509	1.116	9.761	Sitting
41	1575490535087	-0.581	1.108	9.811	Sitting
42	1575490535152	-0.656	1.081	9.901	Sitting
43	1575490535153	-0.785	1.003	10.029	Sitting
44	1575490535154	-0.839	0.931	10.015	Sitting
45	1575490535155	-0.952	1.017	9.714	Sitting
46	1575490535219	-1.178	1.191	9.455	Sitting
47	1575490535220	-1.387	1.22	9.402	Sitting
48	1575490535221	-1.312	1.125	9.556	Sitting
49	1575490535285	-0.976	1.101	9.77	Sitting
50	1575490535286	-0.711	1.131	9.857	Sitting
51	1575490535287	-0.579	1.102	9.847	Sitting
52	1575490535288	-0.479	1.075	9.764	Sitting
53	1575490535352	-0.412	1.102	9.689	Sitting
54	1575490535353	-0.364	1.128	9.615	Sitting
55	1575490535354	-0.315	1.089	9.636	Sitting
56	1575490535420	-0.29	1.099	9.772	Sitting
57	1575490535421	-0.315	1.059	9.867	Sitting
58	1575490535422	-0.33	1.021	9.907	Sitting
59	1575490535423	-0.348	1.05	9.828	Sitting
60	1575490535486	-0.457	1.128	9.704	Sitting
61	1575490535487	-0.649	1.155	9.612	Sitting
62	1575490535488	-0.758	1.128	9.653	Sitting
63	1575490535552	-0.831	1.102	9.775	Sitting
64	1575490535553	-0.789	1.104	9.763	Sitting
65	1575490535554	-0.763	1.17	9.713	Sitting
66	1575490535619	-0.791	1.222	9.673	Sitting
67	1575490535620	-0.759	1.198	9.679	Sitting
68	1575490535621	-0.672	1.178	9.682	Sitting
69	1575490535622	-0.558	1.171	9.684	Sitting
70	1575490535686	-0.487	1.132	9.789	Sitting
71	1575490535687	-0.402	1.07	9.84	Sitting
72	1575490535688	-0.339	1.068	9.782	Sitting
73	1575490535752	-0.363	1.071	9.731	Sitting
74	1575490535753	-0.376	1.068	9.713	Sitting
75	1575490535754	-0.391	1.086	9.769	Sitting
76	1575490535755	-0.425	1.071	9.801	Sitting
77	1575490535819	-0.444	1.079	9.8	Sitting
78	1575490535820	-0.504	1.098	9.8	Sitting
79	1575490535821	-0.608	1.12	9.776	Sitting
80	1575490535885	-0.685	1.162	9.689	Sitting
81	1575490535886	-0.751	1.191	9.647	Sitting
82	1575490535887	-0.798	1.156	9.73	Sitting
83	1575490535952	-0.807	1.119	9.789	Sitting
84	1575490535953	-0.806	1.093	9.786	Sitting
85	1575490535954	-0.838	1.05	9.752	Sitting
86	1575490535955	-0.842	1.07	9.682	Sitting
87	1575490536019	-0.85	1.126	9.688	Sitting
88	1575490536020	-0.824	1.089	9.745	Sitting
89	1575490536021	-0.758	1.08	9.755	Sitting
90	1575490536085	-0.721	1.105	9.726	Sitting
91	1575490536086	-0.655	1.146	9.682	Sitting
92	1575490536087	-0.561	1.16	9.708	Sitting
93	1575490536088	-0.467	1.164	9.752	Sitting
94	1575490536152	-0.334	1.153	9.777	Sitting
95	1575490536153	-0.256	1.134	9.783	Sitting
96	1575490536154	-0.214	1.104	9.766	Sitting
97	1575490536219	-0.144	1.021	9.688	Sitting
98	1575490536220	-0.087	1.02	9.689	Sitting
99	1575490536221	-0.022	1.043	9.724	Sitting
100	1575490536222	0.124	1.076	9.725	Sitting
101	1575490536286	0.28	1.087	9.69	Sitting
102	1575490536287	0.357	1.089	9.716	Sitting
103	1575490536288	0.45	1.022	9.807	Sitting
104	1575490536352	0.595	0.992	9.878	Sitting
105	1575490536353	0.731	1.124	9.845	Sitting
106	1575490536354	0.656	1.125	9.778	Sitting
107	1575490536419	0.548	1.119	9.709	Sitting
108	1575490536420	0.448	1.112	9.737	Sitting
109	1575490536421	0.364	1.089	9.891	Sitting
110	1575490536422	0.347	1.073	9.976	Sitting
111	1575490536486	0.181	1.117	9.906	Sitting
112	1575490536487	-0.174	1.131	9.657	Sitting
113	1575490536488	-0.423	1.105	9.525	Sitting
114	1575490536552	-0.443	1.171	9.495	Sitting
115	1575490536553	-0.347	1.228	9.548	Sitting
116	1575490536554	-0.236	1.214	9.722	Sitting
117	1575490536555	-0.105	1.17	9.841	Sitting
118	1575490536619	-0.019	1.112	9.951	Sitting
119	1575490536620	-0.054	1.008	10.018	Sitting
120	1575490536621	-0.099	0.977	9.924	Sitting
121	1575490536686	-0.232	0.98	9.757	Sitting
122	1575490536687	-0.517	1.032	9.567	Sitting
123	1575490536688	-0.747	1.085	9.444	Sitting
124	1575490536689	-0.743	1.166	9.503	Sitting
125	1575490536752	-0.61	1.262	9.639	Sitting
126	1575490536753	-0.446	1.318	9.756	Sitting
127	1575490536754	-0.323	1.288	9.815	Sitting
128	1575490536819	-0.203	1.203	9.831	Sitting
129	1575490536820	-0.075	1.164	9.798	Sitting
130	1575490536821	-0.049	1.146	9.767	Sitting
131	1575490536885	-0.09	1.106	9.768	Sitting
132	1575490536886	-0.186	1.094	9.803	Sitting
133	1575490536887	-0.305	1.118	9.816	Sitting
134	1575490536888	-0.446	1.132	9.823	Sitting
135	1575490536952	-0.593	1.16	9.792	Sitting
136	1575490536953	-0.731	1.198	9.712	Sitting
137	1575490536954	-0.877	1.197	9.646	Sitting
138	1575490537019	-0.961	1.191	9.61	Sitting
139	1575490537020	-0.983	1.198	9.641	Sitting
140	1575490537021	-0.894	1.217	9.727	Sitting
141	1575490537022	-0.784	1.222	9.77	Sitting
142	1575490537085	-0.719	1.227	9.801	Sitting
143	1575490537086	-0.74	1.197	9.807	Sitting
144	1575490537087	-0.806	1.177	9.818	Sitting
145	1575490537153	-0.85	1.201	9.906	Sitting
146	1575490537154	-0.906	1.222	9.998	Sitting
147	1575490537155	-1.095	1.177	9.931	Sitting
148	1575490537156	-1.268	1.091	9.854	Sitting
149	1575490537219	-1.369	1.033	9.652	Sitting
150	1575490537220	-1.489	1.039	9.518	Sitting
151	1575490537221	-1.549	1.088	9.454	Sitting
152	1575490537287	-1.48	1.149	9.542	Sitting
153	1575490537288	-1.231	1.245	9.609	Sitting
154	1575490537289	-0.911	1.276	9.71	Sitting
155	1575490537352	-0.628	1.226	9.797	Sitting
156	1575490537353	-0.346	1.136	9.781	Sitting
157	1575490537354	-0.142	1.069	9.75	Sitting
158	1575490537355	-0.022	1.083	9.701	Sitting
159	1575490537419	0.077	1.089	9.641	Sitting
160	1575490537420	0.181	1.093	9.714	Sitting
161	1575490537421	0.243	1.047	9.827	Sitting
162	1575490537486	0.294	1.022	9.938	Sitting
163	1575490537487	0.29	1.029	9.951	Sitting
164	1575490537488	0.22	1.123	9.77	Sitting
165	1575490537489	0.054	1.22	9.568	Sitting
166	1575490537553	-0.073	1.199	9.534	Sitting
167	1575490537554	0.019	1.22	9.625	Sitting
168	1575490537555	0.196	1.27	9.722	Sitting
169	1575490537619	0.309	1.253	9.775	Sitting
170	1575490537620	0.381	1.233	9.775	Sitting
171	1575490537621	0.448	1.249	9.733	Sitting
172	1575490537686	0.491	1.24	9.71	Sitting
173	1575490537687	0.441	1.172	9.793	Sitting
174	1575490537688	0.425	1.099	9.947	Sitting
175	1575490537689	0.402	1.045	10.105	Sitting
176	1575490537752	0.219	1.064	9.959	Sitting
177	1575490537753	-0.205	1.075	9.549	Sitting
178	1575490537754	-0.64	1.088	9.338	Sitting
179	1575490537819	-0.784	1.14	9.438	Sitting
180	1575490537820	-0.619	1.214	9.677	Sitting
181	1575490537821	-0.377	1.256	9.901	Sitting
182	1575490537822	-0.287	1.268	9.926	Sitting
183	1575490537885	-0.393	1.13	9.777	Sitting
184	1575490537886	-0.421	1.094	9.642	Sitting
185	1575490537887	-0.379	1.122	9.588	Sitting
186	1575490537952	-0.346	1.184	9.669	Sitting
187	1575490537953	-0.297	1.202	9.751	Sitting
188	1575490537954	-0.255	1.154	9.806	Sitting
189	1575490537955	-0.247	1.114	9.805	Sitting
190	1575490538020	-0.178	1.156	9.749	Sitting
191	1575490538021	-0.15	1.21	9.682	Sitting
192	1575490538022	-0.151	1.214	9.685	Sitting
193	1575490538085	-0.166	1.186	9.733	Sitting
194	1575490538086	-0.236	1.138	9.811	Sitting
195	1575490538087	-0.356	1.086	9.846	Sitting
196	1575490538152	-0.464	1.089	9.849	Sitting
197	1575490538153	-0.601	1.147	9.797	Sitting
198	1575490538154	-0.745	1.201	9.628	Sitting
199	1575490538155	-0.853	1.228	9.524	Sitting
200	1575490538219	-0.879	1.209	9.59	Sitting
201	1575490538220	-0.834	1.18	9.714	Sitting
202	1575490538221	-0.776	1.207	9.817	Sitting
203	1575490538285	-0.722	1.241	9.857	Sitting
204	1575490538286	-0.674	1.244	9.817	Sitting
205	1575490538287	-0.655	1.197	9.763	Sitting
206	1575490538288	-0.672	1.138	9.742	Sitting
207	1575490538355	-0.718	1.119	9.763	Sitting
208	1575490538356	-0.757	1.125	9.775	Sitting
209	1575490538357	-0.809	1.146	9.776	Sitting
210	1575490538426	-0.904	1.164	9.776	Sitting
211	1575490538427	-0.858	1.149	9.744	Sitting
212	1575490538428	-0.935	1.158	9.833	Sitting
213	1575490538429	-0.984	1.158	9.793	Sitting
214	1575490538490	-0.953	1.119	9.751	Sitting
215	1575490538491	-0.949	1.086	9.933	Sitting
216	1575490538492	-0.892	0.983	10.006	Sitting
217	1575490538554	-0.662	1.081	9.922	Sitting
218	1575490538555	-0.721	1.148	9.888	Sitting
219	1575490538556	-0.942	0.893	9.982	Sitting
220	1575490538621	-1.176	0.798	10.115	Sitting
221	1575490538622	-0.812	0.904	10.074	Sitting
222	1575490538623	-0.357	0.871	9.751	Sitting
223	1575490538624	-0.19	1.106	10.041	Sitting
224	1575490538688	-0.147	1.223	10.405	Sitting
225	1575490538689	-0.424	1.013	9.885	Sitting
226	1575490538690	-0.39	1.234	9.318	Sitting
227	1575490538759	-0.221	1.597	8.946	Sitting
228	1575490538760	-0.269	1.523	9.12	Sitting
229	1575490538761	-0.482	1.422	9.698	Sitting
230	1575490538762	-0.661	1.433	9.868	Sitting
231	1575490538821	-0.764	1.377	9.5	Sitting
232	1575490538822	-0.694	1.316	9.451	Sitting
233	1575490538823	-0.559	1.367	9.698	Sitting
234	1575490538888	-0.563	1.511	9.726	Sitting
235	1575490538889	-0.616	1.685	9.542	Sitting
236	1575490538890	-0.758	1.828	9.173	Sitting
237	1575490538891	-0.772	1.972	8.715	Sitting
238	1575490538957	-0.725	2.27	8.381	Sitting
239	1575490538958	-0.694	2.63	8.032	Sitting
240	1575490538959	-0.769	2.572	7.494	Sitting
241	1575490539029	-0.941	2.053	7.277	Sitting
242	1575490539030	-1.039	1.598	8.681	Sitting
243	1575490539031	-0.408	-1.46	16.518	Sitting
244	1575490539089	-1.623	-7.911	17.196	Sitting
245	1575490539090	-0.05	0.314	9.214	Sitting
246	1575490539091	0.685	5.435	6.763	Sitting
247	1575490539092	0.442	3.641	6.976	Sitting
248	1575490539164	-0.214	0.316	10.046	Sitting
249	1575490539165	-0.022	-0.498	9.904	Sitting
250	1575490539166	-0.402	0.895	9.938	Sitting
251	1575490539232	-0.531	1.673	10.116	Sitting
252	1575490539233	-0.03	1.214	10.667	Sitting
253	1575490539234	0.656	0.782	10.461	Sitting
254	1575490539235	0.423	0.633	9.379	Sitting
255	1575490539291	-0.338	0.774	8.709	Sitting
256	1575490539292	-0.923	1.192	8.868	Sitting
257	1575490539293	-0.717	1.319	10.121	Sitting
258	1575490539357	-0.229	1.122	10.84	Sitting
259	1575490539358	-0.119	0.966	10.331	Sitting
260	1575490539359	-0.403	0.909	9.424	Sitting
261	1575490539430	-0.704	1.015	8.986	Sitting
262	1575490539431	-0.871	1.111	9.302	Sitting
263	1575490539432	-0.82	1.076	9.976	Sitting
264	1575490539433	-0.733	1.037	10.344	Sitting
265	1575490539489	-0.783	0.996	10.104	Sitting
266	1575490539490	-0.96	1.009	9.657	Sitting
267	1575490539491	-1.067	1.032	9.384	Sitting
268	1575490539564	-1.028	1.095	9.574	Sitting
269	1575490539565	-0.947	1.167	9.868	Sitting
270	1575490539566	-0.846	1.154	9.995	Sitting
271	1575490539567	-0.827	1.088	9.877	Sitting
272	1575490539623	-0.947	1.061	9.748	Sitting
273	1575490539624	-1.122	1.013	9.781	Sitting
274	1575490539625	-1.186	0.958	9.859	Sitting
275	1575490539687	-1.149	1.007	9.746	Sitting
276	1575490539688	-1.209	1.137	9.567	Sitting
277	1575490539689	-1.33	1.199	9.414	Sitting
278	1575490539690	-1.191	1.199	9.442	Sitting
279	1575490539755	-0.892	1.162	9.641	Sitting
280	1575490539756	-0.528	1.13	9.763	Sitting
281	1575490539757	-0.121	1.186	9.822	Sitting
282	1575490539820	0.212	1.221	9.827	Sitting
283	1575490539821	0.347	1.087	9.81	Sitting
284	1575490539822	0.318	0.973	9.635	Sitting
285	1575490539887	0.339	0.97	9.507	Sitting
286	1575490539888	0.624	1.088	9.532	Sitting
287	1575490539889	0.921	1.141	9.697	Sitting
288	1575490539890	1.037	1.087	9.886	Sitting
289	1575490539953	1.052	1.015	10.016	Sitting
290	1575490539954	1.02	0.979	9.903	Sitting
291	1575490539955	1.041	1.102	9.682	Sitting
292	1575490540021	1.101	1.205	9.599	Sitting
293	1575490540022	1.051	1.203	9.681	Sitting
294	1575490540023	1.033	1.225	9.798	Sitting
295	1575490540024	1.063	1.219	9.81	Sitting
296	1575490540087	1.008	1.137	9.804	Sitting
297	1575490540088	0.876	1.068	9.9	Sitting
298	1575490540089	0.742	1.065	9.918	Sitting
299	1575490540154	0.549	1.099	9.827	Sitting
300	1575490540155	0.25	1.164	9.567	Sitting
301	1575490540156	-0.013	1.168	9.392	Sitting
302	1575490540157	-0.081	1.155	9.423	Sitting
303	1575490540220	-0.018	1.118	9.54	Sitting
304	1575490540221	0.127	1.094	9.731	Sitting
305	1575490540222	0.277	1.106	9.927	Sitting
306	1575490540286	0.326	1.11	9.999	Sitting
307	1575490540287	0.208	1.05	9.925	Sitting
308	1575490540288	-0.093	0.958	9.767	Sitting
309	1575490540353	-0.35	0.95	9.567	Sitting
310	1575490540354	-0.563	1.012	9.435	Sitting
311	1575490540355	-0.759	1.073	9.483	Sitting
312	1575490540356	-0.816	1.179	9.606	Sitting
313	1575490540421	-0.729	1.259	9.704	Sitting
314	1575490540422	-0.563	1.3	9.745	Sitting
315	1575490540423	-0.271	1.409	9.736	Sitting
316	1575490540487	-0.042	1.435	9.7	Sitting
317	1575490540488	-0.055	1.105	9.648	Sitting
318	1575490540489	-0.236	0.61	9.746	Sitting
319	1575490540490	-0.497	0.441	9.939	Sitting
320	1575490540553	-0.752	0.685	9.909	Sitting
321	1575490540554	-1.028	0.96	9.682	Sitting
322	1575490540555	-1.311	1.13	9.558	Sitting
323	1575490540620	-1.555	1.183	9.631	Sitting
324	1575490540621	-1.652	1.209	9.817	Sitting
325	1575490540622	-1.605	1.226	9.957	Sitting
326	1575490540623	-1.527	1.249	9.952	Sitting
327	1575490540686	-1.518	1.268	9.888	Sitting
328	1575490540687	-1.531	1.255	9.855	Sitting
329	1575490540688	-1.464	1.148	9.827	Sitting
330	1575490540754	-1.243	1.091	9.749	Sitting
331	1575490540755	-0.95	1.057	9.783	Sitting
332	1575490540756	-0.637	1.091	9.977	Sitting
333	1575490540820	-0.202	1.158	10.534	Sitting
334	1575490540821	-0.177	0.703	10.814	Sitting
335	1575490540822	-0.978	0.626	8.729	Sitting
336	1575490540823	-2.003	0.813	8.846	Sitting
337	1575490540887	-1.527	0.838	9.651	Sitting
338	1575490540888	-1.444	0.561	10.119	Sitting
339	1575490540889	-1.129	0.413	10.508	Sitting
340	1575490540954	-0.541	0.759	9.846	Sitting
341	1575490540955	-0.168	1.023	9.509	Sitting
342	1575490540956	-0.353	0.804	9.921	Sitting
343	1575490540957	-0.655	0.68	10.224	Sitting
344	1575490541020	-0.639	0.698	10.066	Sitting
345	1575490541021	-0.493	0.612	10.035	Sitting
346	1575490541022	-0.321	0.852	9.975	Sitting
347	1575490541087	-0.237	1.199	9.895	Sitting
348	1575490541088	-0.308	1.221	9.682	Sitting
349	1575490541089	-0.48	1.063	9.398	Sitting
350	1575490541154	-0.595	0.962	9.526	Sitting
351	1575490541155	-0.633	1.049	9.794	Sitting
352	1575490541156	-0.691	1.21	9.748	Sitting
353	1575490541157	-0.988	1.252	9.545	Sitting
354	1575490541219	-1.393	1.276	9.451	Sitting
355	1575490541220	-1.542	1.396	9.378	Sitting
356	1575490541221	-1.192	1.446	9.329	Sitting
357	1575490541287	-0.473	1.337	9.655	Sitting
358	1575490541288	0.086	1.25	9.825	Sitting
359	1575490541289	0.342	1.344	9.73	Sitting
360	1575490541290	0.291	1.424	9.685	Sitting
361	1575490541353	0.089	1.355	9.635	Sitting
362	1575490541354	0.075	1.338	9.518	Sitting
363	1575490541355	0.346	1.433	9.427	Sitting
364	1575490541420	0.639	1.544	9.028	Sitting
365	1575490541421	1.016	1.542	8.888	Sitting
366	1575490541422	1.144	1.345	9.342	Sitting
367	1575490541423	0.813	1.083	9.947	Sitting
368	1575490541488	0.464	1.168	10.103	Sitting
369	1575490541489	0.312	1.335	9.539	Sitting
370	1575490541490	0.214	1.355	9.148	Sitting
371	1575490541555	0.139	1.28	9.345	Sitting
372	1575490541556	0.226	1.065	9.627	Sitting
373	1575490541557	0.273	0.924	9.728	Sitting
374	1575490541619	0.375	1.123	9.661	Sitting
375	1575490541620	0.593	1.271	9.375	Sitting
376	1575490541621	1.006	1.295	9.371	Sitting
377	1575490541622	1.307	1.27	9.629	Sitting
378	1575490541686	1.498	0.736	10.041	Sitting
379	1575490541687	1.413	-0.133	11.129	Sitting
380	1575490541688	0.948	-0.584	11.838	Sitting
381	1575490541754	1.064	0.885	10.407	Sitting
382	1575490541755	1.393	1.755	8.439	Sitting
383	1575490541756	1.392	1.5	8.258	Sitting
384	1575490541757	1.025	0.785	9.226	Sitting
385	1575490541820	0.956	0.634	9.849	Sitting
386	1575490541821	1.113	0.913	10	Sitting
387	1575490541822	1.106	1.275	9.898	Sitting
388	1575490541887	1.044	1.708	9.965	Sitting
389	1575490541888	0.877	1.632	10.25	Sitting
390	1575490541889	0.627	1.143	10.454	Sitting
391	1575490541890	0.415	0.695	10.236	Sitting
392	1575490541957	0.261	0.636	9.512	Sitting
393	1575490541958	-0.08	0.849	9.014	Sitting
394	1575490541959	-0.502	0.906	9.313	Sitting
395	1575490542031	-0.673	0.771	9.88	Sitting
396	1575490542032	-0.759	0.928	9.968	Sitting
397	1575490542033	-0.989	1.114	9.641	Sitting
398	1575490542089	-1.162	1.172	9.343	Sitting
399	1575490542090	-1.165	1.147	9.575	Sitting
400	1575490542091	-1.037	1.125	9.939	Sitting
401	1575490542092	-0.919	1.144	9.837	Sitting
402	1575490542158	-0.998	1.213	9.994	Sitting
403	1575490542159	-1.137	1.092	10.119	Sitting
404	1575490542160	-1.164	1.026	9.898	Sitting
405	1575490542231	-1.253	1.065	9.544	Sitting
406	1575490542232	-1.475	1.032	9.361	Sitting
407	1575490542233	-1.58	1.021	9.558	Sitting
408	1575490542234	-1.354	1.142	9.909	Sitting
409	1575490542299	-1.087	1.159	10.046	Sitting
410	1575490542300	-1.003	1.106	9.878	Sitting
411	1575490542301	-1.015	1.085	9.606	Sitting
412	1575490542359	-0.982	1.102	9.509	Sitting
413	1575490542360	-0.803	1.117	9.639	Sitting
414	1575490542361	-0.56	1.089	9.825	Sitting
415	1575490542362	-0.456	1.134	9.849	Sitting
416	1575490542428	-0.414	1.171	9.785	Sitting
417	1575490542429	-0.403	1.104	9.74	Sitting
418	1575490542430	-0.393	1.069	9.708	Sitting
419	1575490542490	-0.37	1.059	9.651	Sitting
420	1575490542491	-0.363	1.068	9.687	Sitting
421	1575490542492	-0.381	1.095	9.733	Sitting
422	1575490542556	-0.382	1.146	9.74	Sitting
423	1575490542557	-0.39	1.171	9.715	Sitting
424	1575490542558	-0.372	1.203	9.787	Sitting
425	1575490542559	-0.311	1.225	9.897	Sitting
426	1575490542624	-0.35	1.208	9.848	Sitting
427	1575490542625	-0.479	1.137	9.672	Sitting
428	1575490542626	-0.591	1.136	9.67	Sitting
429	1575490542690	-0.703	1.129	9.71	Sitting
430	1575490542691	-0.722	1.106	9.725	Sitting
431	1575490542692	-0.654	1.116	9.783	Sitting
432	1575490542693	-0.615	1.141	9.762	Sitting
433	1575490542755	-0.636	1.144	9.746	Sitting
434	1575490542756	-0.68	1.14	9.745	Sitting
435	1575490542757	-0.693	1.144	9.73	Sitting
436	1575490542831	-0.664	1.148	9.725	Sitting
437	1575490542832	-0.622	1.135	9.77	Sitting
438	1575490542833	-0.594	1.123	9.776	Sitting
439	1575490542834	-0.57	1.128	9.732	Sitting
440	1575490542891	-0.561	1.125	9.708	Sitting
441	1575490542892	-0.542	1.125	9.75	Sitting
442	1575490542893	-0.545	1.124	9.761	Sitting
443	1575490542954	-0.555	1.135	9.743	Sitting
444	1575490542955	-0.57	1.136	9.755	Sitting
445	1575490542956	-0.59	1.138	9.748	Sitting
446	1575490543024	-0.587	1.138	9.746	Sitting
447	1575490543025	-0.591	1.153	9.738	Sitting
448	1575490543026	-0.614	1.14	9.713	Sitting
449	1575490543027	-0.613	1.129	9.769	Sitting
450	1575490543090	-0.607	1.128	9.781	Sitting
451	1575490543091	-0.61	1.123	9.724	Sitting
452	1575490543092	-0.608	1.107	9.739	Sitting
453	1575490543160	-0.632	1.099	9.706	Sitting
454	1575490543161	-0.633	1.126	9.708	Sitting
455	1575490543162	-0.63	1.159	9.778	Sitting
456	1575490543163	-0.567	1.164	9.782	Sitting
457	1575490543227	-0.492	1.168	9.774	Sitting
458	1575490543228	-0.476	1.167	9.726	Sitting
459	1575490543229	-0.499	1.166	9.703	Sitting
460	1575490543294	-0.517	1.161	9.767	Sitting
461	1575490543295	-0.534	1.15	9.794	Sitting
462	1575490543296	-0.53	1.137	9.78	Sitting
463	1575490543354	-0.56	1.122	9.73	Sitting
464	1575490543355	-0.609	1.102	9.663	Sitting
465	1575490543356	-0.615	1.098	9.733	Sitting
466	1575490543357	-0.622	1.114	9.791	Sitting
467	1575490543428	-0.644	1.137	9.75	Sitting
468	1575490543429	-0.674	1.149	9.74	Sitting
469	1575490543430	-0.681	1.16	9.742	Sitting
470	1575490543490	-0.639	1.168	9.757	Sitting
471	1575490543491	-0.613	1.149	9.781	Sitting
472	1575490543492	-0.605	1.138	9.731	Sitting
473	1575490543493	-0.602	1.136	9.703	Sitting
474	1575490543564	-0.581	1.131	9.749	Sitting
475	1575490543565	-0.549	1.122	9.758	Sitting
476	1575490543566	-0.543	1.128	9.74	Sitting
477	1575490543623	-0.537	1.141	9.756	Sitting
478	1575490543624	-0.564	1.14	9.72	Sitting
479	1575490543625	-0.579	1.144	9.74	Sitting
480	1575490543626	-0.589	1.138	9.773	Sitting
481	1575490543701	-0.62	1.138	9.732	Sitting
482	1575490543702	-0.636	1.149	9.721	Sitting
483	1575490543703	-0.637	1.152	9.731	Sitting
484	1575490543764	-0.632	1.137	9.743	Sitting
485	1575490543765	-0.62	1.143	9.748	Sitting
486	1575490543766	-0.615	1.148	9.718	Sitting
487	1575490543823	-0.624	1.154	9.683	Sitting
488	1575490543824	-0.62	1.165	9.722	Sitting
489	1575490543825	-0.563	1.177	9.812	Sitting
490	1575490543826	-0.473	1.203	9.848	Sitting
491	1575490543892	-0.47	1.191	9.769	Sitting
492	1575490543893	-0.555	1.15	9.664	Sitting
493	1575490543894	-0.593	1.165	9.669	Sitting
494	1575490543956	-0.554	1.185	9.791	Sitting
495	1575490543957	-0.526	1.167	9.797	Sitting
496	1575490543958	-0.54	1.168	9.712	Sitting
497	1575490543959	-0.543	1.171	9.702	Sitting
498	1575490544023	-0.555	1.178	9.733	Sitting
499	1575490544024	-0.554	1.183	9.758	Sitting
500	1575490544025	-0.546	1.185	9.785	Sitting
501	1575490544092	-0.567	1.192	9.74	Sitting
502	1575490544093	-0.596	1.179	9.728	Sitting
503	1575490544094	-0.594	1.164	9.731	Sitting
504	1575490544095	-0.572	1.172	9.736	Sitting
505	1575490544161	-0.557	1.174	9.745	Sitting
506	1575490544162	-0.56	1.174	9.754	Sitting
507	1575490544163	-0.567	1.174	9.743	Sitting
508	1575490544221	-0.588	1.159	9.731	Sitting
509	1575490544222	-0.575	1.164	9.727	Sitting
510	1575490544223	-0.567	1.177	9.752	Sitting
511	1575490544293	-0.589	1.178	9.738	Sitting
512	1575490544294	-0.59	1.172	9.739	Sitting
513	1575490544295	-0.59	1.168	9.744	Sitting
514	1575490544296	-0.552	1.187	9.74	Sitting
515	1575490544364	-0.514	1.184	9.763	Sitting
516	1575490544365	-0.512	1.179	9.725	Sitting
517	1575490544366	-0.531	1.203	9.726	Sitting
518	1575490544422	-0.536	1.215	9.752	Sitting
519	1575490544423	-0.558	1.202	9.731	Sitting
520	1575490544424	-0.553	1.203	9.736	Sitting
521	1575490544425	-0.563	1.186	9.754	Sitting
522	1575490544491	-0.565	1.178	9.74	Sitting
523	1575490544492	-0.578	1.155	9.748	Sitting
524	1575490544493	-0.599	1.146	9.752	Sitting
525	1575490544557	-0.615	1.144	9.742	Sitting
526	1575490544558	-0.631	1.144	9.719	Sitting
527	1575490544559	-0.63	1.173	9.736	Sitting
528	1575490544624	-0.612	1.209	9.752	Sitting
529	1575490544625	-0.595	1.215	9.739	Sitting
530	1575490544626	-0.576	1.21	9.745	Sitting
531	1575490544627	-0.551	1.197	9.749	Sitting
532	1575490544686	-0.517	1.203	9.737	Sitting
533	1575490544687	-0.503	1.19	9.734	Sitting
534	1575490544688	-0.504	1.17	9.736	Sitting
535	1575490544698	-0.515	1.155	9.748	Sitting
536	1575490544766	-0.547	1.17	9.742	Sitting
537	1575490544767	-0.551	1.174	9.731	Sitting
538	1575490544768	-0.567	1.174	9.728	Sitting
539	1575490544831	-0.59	1.183	9.748	Sitting
540	1575490544832	-0.603	1.174	9.751	Sitting
541	1575490544833	-0.615	1.177	9.737	Sitting
542	1575490544834	-0.619	1.201	9.739	Sitting
543	1575490544899	-0.631	1.217	9.73	Sitting
544	1575490544900	-0.615	1.217	9.744	Sitting
545	1575490544901	-0.582	1.209	9.766	Sitting
546	1575490544965	-0.555	1.174	9.761	Sitting
547	1575490544966	-0.536	1.161	9.733	Sitting
548	1575490544967	-0.518	1.165	9.72	Sitting
549	1575490544968	-0.506	1.167	9.744	Sitting
550	1575490545033	-0.52	1.171	9.755	Sitting
551	1575490545034	-0.526	1.172	9.743	Sitting
552	1575490545035	-0.552	1.177	9.724	Sitting
553	1575490545102	-0.578	1.183	9.731	Sitting
554	1575490545103	-0.585	1.199	9.744	Sitting
555	1575490545104	-0.581	1.192	9.757	Sitting
556	1575490545105	-0.595	1.17	9.768	Sitting
557	1575490545165	-0.61	1.155	9.739	Sitting
558	1575490545166	-0.64	1.171	9.725	Sitting
559	1575490545167	-0.633	1.16	9.778	Sitting
