1	1575841282424	-0.251	0.029	9.72	Standing Higher Freq
2	1575841282430	-0.242	0.029	9.706	Standing Higher Freq
3	1575841282431	-0.239	0.038	9.689	Standing Higher Freq
4	1575841282432	-0.249	0.055	9.691	Standing Higher Freq
5	1575841282433	-0.261	0.053	9.706	Standing Higher Freq
6	1575841282436	-0.273	0.029	9.696	Standing Higher Freq
7	1575841282438	-0.283	0.029	9.675	Standing Higher Freq
8	1575841282442	-0.285	0.041	9.665	Standing Higher Freq
9	1575841282444	-0.28	0.038	9.679	Standing Higher Freq
10	1575841282446	-0.285	0.017	9.675	Standing Higher Freq
11	1575841282451	-0.283	0.012	9.655	Standing Higher Freq
12	1575841282452	-0.273	0.024	9.663	Standing Higher Freq
13	1575841282453	-0.285	0.024	9.679	Standing Higher Freq
14	1575841282456	-0.306	0.022	9.679	Standing Higher Freq
15	1575841282459	-0.309	0.007	9.696	Standing Higher Freq
16	1575841282461	-0.306	0.019	9.72	Standing Higher Freq
17	1575841282463	-0.304	0.022	9.73	Standing Higher Freq
18	1575841282466	-0.306	0.01	9.732	Standing Higher Freq
19	1575841282469	-0.309	0.012	9.737	Standing Higher Freq
20	1575841282472	-0.299	0.01	9.746	Standing Higher Freq
21	1575841282474	-0.299	-0.002	9.756	Standing Higher Freq
22	1575841282476	-0.294	-0.012	9.766	Standing Higher Freq
23	1575841282478	-0.287	-0.002	9.756	Standing Higher Freq
24	1575841282480	-0.28	-0.01	9.751	Standing Higher Freq
25	1575841282483	-0.275	-0.017	9.758	Standing Higher Freq
26	1575841282484	-0.28	-0.012	9.756	Standing Higher Freq
27	1575841282487	-0.28	-0.002	9.754	Standing Higher Freq
28	1575841282490	-0.275	0	9.756	Standing Higher Freq
29	1575841282492	-0.261	0.01	9.751	Standing Higher Freq
30	1575841282508	-0.251	0.024	9.754	Standing Higher Freq
31	1575841282509	-0.242	0.029	9.761	Standing Higher Freq
32	1575841282510	-0.223	0.029	9.754	Standing Higher Freq
33	1575841282511	-0.196	0.024	9.749	Standing Higher Freq
34	1575841282512	-0.194	0.022	9.756	Standing Higher Freq
35	1575841282513	-0.196	0.038	9.754	Standing Higher Freq
36	1575841282514	-0.187	0.06	9.761	Standing Higher Freq
37	1575841282515	-0.189	0.041	9.773	Standing Higher Freq
38	1575841282516	-0.192	0.022	9.773	Standing Higher Freq
39	1575841282521	-0.189	0.031	9.773	Standing Higher Freq
40	1575841282522	-0.187	0.026	9.773	Standing Higher Freq
41	1575841282523	-0.194	0.022	9.768	Standing Higher Freq
42	1575841282524	-0.189	0.014	9.773	Standing Higher Freq
43	1575841282527	-0.196	0.01	9.768	Standing Higher Freq
44	1575841282530	-0.203	0.019	9.754	Standing Higher Freq
45	1575841282533	-0.203	0.034	9.754	Standing Higher Freq
46	1575841282535	-0.213	0.043	9.756	Standing Higher Freq
47	1575841282537	-0.215	0.036	9.763	Standing Higher Freq
48	1575841282540	-0.213	0.045	9.754	Standing Higher Freq
49	1575841282541	-0.201	0.074	9.737	Standing Higher Freq
50	1575841282544	-0.182	0.074	9.73	Standing Higher Freq
51	1575841282546	-0.158	0.045	9.727	Standing Higher Freq
52	1575841282549	-0.153	0.034	9.73	Standing Higher Freq
53	1575841282551	-0.151	0.05	9.732	Standing Higher Freq
54	1575841282553	-0.148	0.062	9.732	Standing Higher Freq
55	1575841282556	-0.144	0.065	9.727	Standing Higher Freq
56	1575841282559	-0.127	0.06	9.725	Standing Higher Freq
57	1575841282562	-0.115	0.055	9.722	Standing Higher Freq
58	1575841282564	-0.098	0.057	9.73	Standing Higher Freq
59	1575841282566	-0.086	0.072	9.727	Standing Higher Freq
60	1575841282568	-0.096	0.086	9.715	Standing Higher Freq
61	1575841282571	-0.103	0.084	9.71	Standing Higher Freq
62	1575841282573	-0.093	0.077	9.701	Standing Higher Freq
63	1575841282576	-0.077	0.074	9.713	Standing Higher Freq
64	1575841282580	-0.079	0.081	9.727	Standing Higher Freq
65	1575841282582	-0.105	0.079	9.73	Standing Higher Freq
66	1575841282583	-0.12	0.065	9.749	Standing Higher Freq
67	1575841282586	-0.124	0.077	9.756	Standing Higher Freq
68	1575841282588	-0.139	0.089	9.749	Standing Higher Freq
69	1575841282590	-0.153	0.06	9.746	Standing Higher Freq
70	1575841282593	-0.158	0.053	9.739	Standing Higher Freq
71	1575841282596	-0.151	0.065	9.734	Standing Higher Freq
72	1575841282598	-0.163	0.055	9.734	Standing Higher Freq
73	1575841282601	-0.177	0.041	9.725	Standing Higher Freq
74	1575841282604	-0.168	0.048	9.737	Standing Higher Freq
75	1575841282605	-0.17	0.053	9.744	Standing Higher Freq
76	1575841282609	-0.18	0.05	9.742	Standing Higher Freq
77	1575841282612	-0.182	0.053	9.749	Standing Higher Freq
78	1575841282613	-0.182	0.034	9.746	Standing Higher Freq
79	1575841282615	-0.187	0.019	9.746	Standing Higher Freq
80	1575841282618	-0.177	0.024	9.746	Standing Higher Freq
81	1575841282620	-0.17	0.019	9.734	Standing Higher Freq
82	1575841282622	-0.182	0.017	9.73	Standing Higher Freq
83	1575841282627	-0.18	0.014	9.732	Standing Higher Freq
84	1575841282628	-0.172	0.012	9.732	Standing Higher Freq
85	1575841282631	-0.177	0.01	9.727	Standing Higher Freq
86	1575841282632	-0.187	0.002	9.722	Standing Higher Freq
87	1575841282634	-0.184	-0.002	9.715	Standing Higher Freq
88	1575841282637	-0.18	0.005	9.725	Standing Higher Freq
89	1575841282639	-0.175	0.017	9.732	Standing Higher Freq
90	1575841282641	-0.177	0.01	9.73	Standing Higher Freq
91	1575841282645	-0.182	0.005	9.734	Standing Higher Freq
92	1575841282648	-0.182	0.007	9.737	Standing Higher Freq
93	1575841282649	-0.182	-0.002	9.734	Standing Higher Freq
94	1575841282651	-0.175	-0.012	9.739	Standing Higher Freq
95	1575841282654	-0.172	-0.024	9.746	Standing Higher Freq
96	1575841282656	-0.187	-0.031	9.737	Standing Higher Freq
97	1575841282659	-0.18	-0.017	9.727	Standing Higher Freq
98	1575841282662	-0.177	-0.002	9.722	Standing Higher Freq
99	1575841282665	-0.192	0	9.72	Standing Higher Freq
100	1575841282667	-0.192	-0.014	9.72	Standing Higher Freq
101	1575841282669	-0.156	-0.022	9.746	Standing Higher Freq
102	1575841282671	-0.11	-0.026	9.782	Standing Higher Freq
103	1575841282674	-0.084	-0.029	9.794	Standing Higher Freq
104	1575841282676	-0.079	-0.022	9.787	Standing Higher Freq
105	1575841282678	-0.115	-0.007	9.773	Standing Higher Freq
106	1575841282682	-0.196	-0.05	9.773	Standing Higher Freq
107	1575841282684	-0.215	-0.098	9.775	Standing Higher Freq
108	1575841282686	-0.124	-0.045	9.751	Standing Higher Freq
109	1575841282687	-0.019	0.022	9.715	Standing Higher Freq
110	1575841282690	0.019	0.048	9.703	Standing Higher Freq
111	1575841282693	-0.002	0.055	9.706	Standing Higher Freq
112	1575841282697	-0.043	0.057	9.71	Standing Higher Freq
113	1575841282698	-0.057	0.031	9.72	Standing Higher Freq
114	1575841282701	-0.067	-0.002	9.725	Standing Higher Freq
115	1575841282703	-0.081	-0.007	9.732	Standing Higher Freq
116	1575841282705	-0.069	-0.005	9.737	Standing Higher Freq
117	1575841282708	-0.053	0.014	9.734	Standing Higher Freq
118	1575841282711	-0.034	0.038	9.73	Standing Higher Freq
119	1575841282714	-0.01	0.062	9.727	Standing Higher Freq
120	1575841282715	0.002	0.077	9.732	Standing Higher Freq
121	1575841282731	-0.005	0.053	9.739	Standing Higher Freq
122	1575841282732	-0.01	0.01	9.742	Standing Higher Freq
123	1575841282736	-0.012	-0.005	9.742	Standing Higher Freq
124	1575841282737	-0.007	0.012	9.751	Standing Higher Freq
125	1575841282738	0.017	0.019	9.754	Standing Higher Freq
126	1575841282739	0.05	0.034	9.773	Standing Higher Freq
127	1575841282740	0.065	0.05	9.801	Standing Higher Freq
128	1575841282762	0.048	0.065	9.818	Standing Higher Freq
129	1575841282763	0.036	0.084	9.837	Standing Higher Freq
130	1575841282764	0.031	0.084	9.852	Standing Higher Freq
131	1575841282765	0.007	0.077	9.852	Standing Higher Freq
132	1575841282766	-0.005	0.072	9.854	Standing Higher Freq
133	1575841282767	-0.01	0.069	9.849	Standing Higher Freq
134	1575841282768	-0.024	0.069	9.825	Standing Higher Freq
135	1575841282769	-0.043	0.067	9.811	Standing Higher Freq
136	1575841282770	-0.053	0.05	9.804	Standing Higher Freq
137	1575841282771	-0.053	0.045	9.789	Standing Higher Freq
138	1575841282772	-0.048	0.05	9.77	Standing Higher Freq
139	1575841282773	-0.048	0.05	9.77	Standing Higher Freq
140	1575841282788	-0.045	0.043	9.758	Standing Higher Freq
141	1575841282789	-0.057	0.048	9.761	Standing Higher Freq
142	1575841282790	-0.065	0.055	9.742	Standing Higher Freq
143	1575841282791	-0.077	0.048	9.727	Standing Higher Freq
144	1575841282792	-0.096	0.043	9.727	Standing Higher Freq
145	1575841282793	-0.11	0.034	9.72	Standing Higher Freq
146	1575841282795	-0.124	0.026	9.71	Standing Higher Freq
147	1575841282796	-0.146	0.026	9.713	Standing Higher Freq
148	1575841282797	-0.156	0.024	9.706	Standing Higher Freq
149	1575841282798	-0.172	0.014	9.71	Standing Higher Freq
150	1575841282815	-0.194	0.01	9.708	Standing Higher Freq
151	1575841282816	-0.203	0.012	9.691	Standing Higher Freq
152	1575841282817	-0.225	0.01	9.696	Standing Higher Freq
153	1575841282818	-0.239	0	9.708	Standing Higher Freq
154	1575841282819	-0.261	-0.005	9.706	Standing Higher Freq
155	1575841282820	-0.28	-0.007	9.689	Standing Higher Freq
156	1575841282821	-0.287	-0.014	9.682	Standing Higher Freq
157	1575841282822	-0.304	-0.01	9.672	Standing Higher Freq
158	1575841282823	-0.314	-0.012	9.672	Standing Higher Freq
159	1575841282824	-0.306	-0.022	9.682	Standing Higher Freq
160	1575841282825	-0.287	-0.01	9.703	Standing Higher Freq
161	1575841282826	-0.278	-0.017	9.713	Standing Higher Freq
162	1575841282827	-0.275	-0.01	9.715	Standing Higher Freq
163	1575841282828	-0.271	0.005	9.72	Standing Higher Freq
164	1575841282829	-0.263	0.017	9.727	Standing Higher Freq
165	1575841282830	-0.254	0.017	9.725	Standing Higher Freq
166	1575841282833	-0.244	0.007	9.725	Standing Higher Freq
167	1575841282834	-0.247	0.002	9.72	Standing Higher Freq
168	1575841282836	-0.251	0	9.722	Standing Higher Freq
169	1575841282841	-0.239	-0.005	9.73	Standing Higher Freq
170	1575841282842	-0.225	-0.005	9.727	Standing Higher Freq
171	1575841282844	-0.225	0	9.73	Standing Higher Freq
172	1575841282847	-0.22	0	9.732	Standing Higher Freq
173	1575841282849	-0.22	0.002	9.744	Standing Higher Freq
174	1575841282851	-0.239	0.01	9.749	Standing Higher Freq
175	1575841282854	-0.254	0.014	9.751	Standing Higher Freq
176	1575841282856	-0.261	0.007	9.751	Standing Higher Freq
177	1575841282862	-0.268	-0.005	9.766	Standing Higher Freq
178	1575841282863	-0.254	-0.002	9.789	Standing Higher Freq
179	1575841282864	-0.242	0.002	9.801	Standing Higher Freq
180	1575841282867	-0.247	0.012	9.806	Standing Higher Freq
181	1575841282868	-0.259	0.014	9.801	Standing Higher Freq
182	1575841282873	-0.251	0.019	9.806	Standing Higher Freq
183	1575841282874	-0.235	0.024	9.811	Standing Higher Freq
184	1575841282878	-0.232	0.029	9.806	Standing Higher Freq
185	1575841282879	-0.23	0.036	9.809	Standing Higher Freq
186	1575841282880	-0.23	0.043	9.811	Standing Higher Freq
187	1575841282883	-0.225	0.043	9.799	Standing Higher Freq
188	1575841282888	-0.208	0.036	9.789	Standing Higher Freq
189	1575841282889	-0.201	0.043	9.78	Standing Higher Freq
190	1575841282890	-0.206	0.05	9.763	Standing Higher Freq
191	1575841282892	-0.203	0.057	9.756	Standing Higher Freq
192	1575841282897	-0.189	0.067	9.754	Standing Higher Freq
193	1575841282899	-0.192	0.072	9.744	Standing Higher Freq
194	1575841282901	-0.203	0.081	9.732	Standing Higher Freq
195	1575841282902	-0.208	0.089	9.732	Standing Higher Freq
196	1575841282907	-0.201	0.089	9.725	Standing Higher Freq
197	1575841282908	-0.18	0.081	9.715	Standing Higher Freq
198	1575841282910	-0.187	0.077	9.718	Standing Higher Freq
199	1575841282916	-0.189	0.079	9.71	Standing Higher Freq
200	1575841282917	-0.189	0.081	9.71	Standing Higher Freq
201	1575841282918	-0.192	0.072	9.722	Standing Higher Freq
202	1575841282922	-0.18	0.079	9.725	Standing Higher Freq
203	1575841282938	-0.175	0.089	9.73	Standing Higher Freq
204	1575841282939	-0.17	0.086	9.725	Standing Higher Freq
205	1575841282940	-0.165	0.091	9.725	Standing Higher Freq
206	1575841282944	-0.165	0.084	9.732	Standing Higher Freq
207	1575841282945	-0.16	0.077	9.727	Standing Higher Freq
208	1575841282946	-0.151	0.077	9.727	Standing Higher Freq
209	1575841282947	-0.158	0.074	9.734	Standing Higher Freq
210	1575841282948	-0.17	0.072	9.73	Standing Higher Freq
211	1575841282968	-0.18	0.074	9.73	Standing Higher Freq
212	1575841282970	-0.175	0.072	9.734	Standing Higher Freq
213	1575841282971	-0.16	0.069	9.734	Standing Higher Freq
214	1575841282972	-0.158	0.081	9.734	Standing Higher Freq
215	1575841282973	-0.163	0.074	9.725	Standing Higher Freq
216	1575841282974	-0.172	0.074	9.727	Standing Higher Freq
217	1575841282975	-0.189	0.065	9.722	Standing Higher Freq
218	1575841282976	-0.192	0.043	9.72	Standing Higher Freq
219	1575841282977	-0.196	0.041	9.722	Standing Higher Freq
220	1575841282978	-0.215	0.026	9.725	Standing Higher Freq
221	1575841282979	-0.239	0.012	9.732	Standing Higher Freq
222	1575841282980	-0.239	0.012	9.732	Standing Higher Freq
223	1575841282992	-0.247	0.012	9.737	Standing Higher Freq
224	1575841282993	-0.244	0.017	9.734	Standing Higher Freq
225	1575841282994	-0.242	0.007	9.727	Standing Higher Freq
226	1575841282995	-0.244	0.005	9.727	Standing Higher Freq
227	1575841282996	-0.239	0.012	9.737	Standing Higher Freq
228	1575841282997	-0.235	0.01	9.751	Standing Higher Freq
229	1575841282998	-0.237	0.007	9.749	Standing Higher Freq
230	1575841282999	-0.213	0.005	9.746	Standing Higher Freq
231	1575841283000	-0.189	0.017	9.758	Standing Higher Freq
232	1575841283005	-0.165	0.012	9.766	Standing Higher Freq
233	1575841283006	-0.153	0	9.768	Standing Higher Freq
234	1575841283007	-0.16	0.002	9.775	Standing Higher Freq
235	1575841283008	-0.168	0.012	9.773	Standing Higher Freq
236	1575841283009	-0.182	0.002	9.768	Standing Higher Freq
237	1575841283010	-0.184	-0.017	9.775	Standing Higher Freq
238	1575841283011	-0.165	-0.012	9.749	Standing Higher Freq
239	1575841283012	-0.156	-0.024	9.751	Standing Higher Freq
240	1575841283013	-0.163	-0.026	9.742	Standing Higher Freq
241	1575841283016	-0.172	-0.034	9.73	Standing Higher Freq
242	1575841283017	-0.17	-0.029	9.725	Standing Higher Freq
243	1575841283019	-0.168	-0.024	9.727	Standing Higher Freq
244	1575841283022	-0.172	-0.026	9.725	Standing Higher Freq
245	1575841283024	-0.18	-0.019	9.727	Standing Higher Freq
246	1575841283027	-0.175	-0.005	9.732	Standing Higher Freq
247	1575841283030	-0.177	-0.005	9.718	Standing Higher Freq
248	1575841283035	-0.189	-0.022	9.71	Standing Higher Freq
249	1575841283036	-0.194	-0.036	9.713	Standing Higher Freq
250	1575841283037	-0.192	-0.034	9.71	Standing Higher Freq
251	1575841283039	-0.194	-0.034	9.701	Standing Higher Freq
252	1575841283042	-0.192	-0.05	9.698	Standing Higher Freq
253	1575841283046	-0.182	-0.045	9.691	Standing Higher Freq
254	1575841283047	-0.182	-0.036	9.679	Standing Higher Freq
255	1575841283048	-0.184	-0.038	9.684	Standing Higher Freq
256	1575841283054	-0.146	-0.034	9.698	Standing Higher Freq
257	1575841283055	-0.124	-0.01	9.71	Standing Higher Freq
258	1575841283056	-0.134	-0.007	9.713	Standing Higher Freq
259	1575841283061	-0.127	-0.014	9.71	Standing Higher Freq
260	1575841283064	-0.129	-0.01	9.72	Standing Higher Freq
261	1575841283065	-0.127	-0.017	9.722	Standing Higher Freq
262	1575841283068	-0.11	0	9.722	Standing Higher Freq
263	1575841283069	-0.11	0.012	9.725	Standing Higher Freq
264	1575841283074	-0.11	0.007	9.72	Standing Higher Freq
265	1575841283075	-0.113	0.017	9.72	Standing Higher Freq
266	1575841283076	-0.115	0.026	9.725	Standing Higher Freq
267	1575841283081	-0.12	0.031	9.722	Standing Higher Freq
268	1575841283082	-0.124	0.041	9.718	Standing Higher Freq
269	1575841283083	-0.122	0.043	9.72	Standing Higher Freq
270	1575841283088	-0.122	0.036	9.732	Standing Higher Freq
271	1575841283089	-0.11	0.034	9.751	Standing Higher Freq
272	1575841283091	-0.122	0.041	9.758	Standing Higher Freq
273	1575841283093	-0.129	0.055	9.761	Standing Higher Freq
274	1575841283096	-0.12	0.069	9.758	Standing Higher Freq
275	1575841283101	-0.124	0.077	9.766	Standing Higher Freq
276	1575841283102	-0.127	0.074	9.787	Standing Higher Freq
277	1575841283104	-0.124	0.077	9.818	Standing Higher Freq
278	1575841283106	-0.127	0.084	9.83	Standing Higher Freq
279	1575841283110	-0.117	0.091	9.83	Standing Higher Freq
280	1575841283111	-0.108	0.096	9.833	Standing Higher Freq
281	1575841283113	-0.113	0.089	9.823	Standing Higher Freq
282	1575841283115	-0.122	0.077	9.825	Standing Higher Freq
283	1575841283118	-0.124	0.072	9.833	Standing Higher Freq
284	1575841283121	-0.124	0.067	9.823	Standing Higher Freq
285	1575841283125	-0.141	0.05	9.804	Standing Higher Freq
286	1575841283126	-0.141	0.029	9.773	Standing Higher Freq
287	1575841283128	-0.141	0.017	9.734	Standing Higher Freq
288	1575841283130	-0.156	0.005	9.715	Standing Higher Freq
289	1575841283132	-0.172	-0.017	9.698	Standing Higher Freq
290	1575841283135	-0.187	-0.036	9.677	Standing Higher Freq
291	1575841283137	-0.194	-0.038	9.653	Standing Higher Freq
292	1575841283140	-0.189	-0.045	9.648	Standing Higher Freq
293	1575841283142	-0.18	-0.069	9.655	Standing Higher Freq
294	1575841283145	-0.194	-0.067	9.663	Standing Higher Freq
295	1575841283147	-0.203	-0.043	9.677	Standing Higher Freq
296	1575841283150	-0.201	-0.019	9.698	Standing Higher Freq
297	1575841283152	-0.203	0.002	9.718	Standing Higher Freq
298	1575841283154	-0.194	0.024	9.739	Standing Higher Freq
299	1575841283157	-0.189	0.053	9.749	Standing Higher Freq
300	1575841283159	-0.189	0.072	9.754	Standing Higher Freq
301	1575841283162	-0.165	0.081	9.78	Standing Higher Freq
302	1575841283165	-0.146	0.086	9.787	Standing Higher Freq
303	1575841283168	-0.141	0.089	9.768	Standing Higher Freq
304	1575841283169	-0.141	0.086	9.77	Standing Higher Freq
305	1575841283172	-0.153	0.077	9.77	Standing Higher Freq
306	1575841283174	-0.17	0.055	9.744	Standing Higher Freq
307	1575841283179	-0.189	0.022	9.71	Standing Higher Freq
308	1575841283183	-0.208	0.007	9.672	Standing Higher Freq
309	1575841283184	-0.218	0	9.634	Standing Higher Freq
310	1575841283185	-0.23	-0.019	9.612	Standing Higher Freq
311	1575841283189	-0.239	-0.022	9.593	Standing Higher Freq
312	1575841283190	-0.247	-0.036	9.572	Standing Higher Freq
313	1575841283191	-0.242	-0.065	9.576	Standing Higher Freq
314	1575841283193	-0.244	-0.043	9.584	Standing Higher Freq
315	1575841283198	-0.235	-0.017	9.593	Standing Higher Freq
316	1575841283199	-0.22	-0.005	9.61	Standing Higher Freq
317	1575841283204	-0.22	0.022	9.617	Standing Higher Freq
318	1575841283205	-0.223	0.057	9.636	Standing Higher Freq
319	1575841283206	-0.218	0.101	9.672	Standing Higher Freq
320	1575841283211	-0.223	0.124	9.701	Standing Higher Freq
321	1575841283213	-0.23	0.141	9.72	Standing Higher Freq
322	1575841283215	-0.218	0.151	9.734	Standing Higher Freq
323	1575841283216	-0.215	0.153	9.746	Standing Higher Freq
324	1575841283219	-0.232	0.153	9.756	Standing Higher Freq
325	1575841283221	-0.23	0.151	9.766	Standing Higher Freq
326	1575841283223	-0.223	0.132	9.782	Standing Higher Freq
327	1575841283227	-0.225	0.117	9.789	Standing Higher Freq
328	1575841283229	-0.223	0.115	9.801	Standing Higher Freq
329	1575841283231	-0.23	0.105	9.813	Standing Higher Freq
330	1575841283233	-0.244	0.108	9.813	Standing Higher Freq
331	1575841283235	-0.259	0.115	9.818	Standing Higher Freq
332	1575841283238	-0.263	0.11	9.811	Standing Higher Freq
333	1575841283241	-0.278	0.105	9.816	Standing Higher Freq
334	1575841283244	-0.292	0.122	9.825	Standing Higher Freq
335	1575841283245	-0.297	0.153	9.813	Standing Higher Freq
336	1575841283250	-0.292	0.172	9.811	Standing Higher Freq
337	1575841283251	-0.261	0.189	9.821	Standing Higher Freq
338	1575841283254	-0.223	0.203	9.813	Standing Higher Freq
339	1575841283255	-0.203	0.201	9.787	Standing Higher Freq
340	1575841283258	-0.194	0.199	9.749	Standing Higher Freq
341	1575841283261	-0.184	0.187	9.734	Standing Higher Freq
342	1575841283263	-0.18	0.163	9.737	Standing Higher Freq
343	1575841283268	-0.175	0.141	9.732	Standing Higher Freq
344	1575841283269	-0.182	0.127	9.722	Standing Higher Freq
345	1575841283271	-0.196	0.115	9.715	Standing Higher Freq
346	1575841283272	-0.201	0.098	9.72	Standing Higher Freq
347	1575841283275	-0.196	0.089	9.722	Standing Higher Freq
348	1575841283277	-0.194	0.084	9.737	Standing Higher Freq
349	1575841283280	-0.203	0.084	9.744	Standing Higher Freq
350	1575841283282	-0.22	0.093	9.718	Standing Higher Freq
351	1575841283285	-0.225	0.115	9.689	Standing Higher Freq
352	1575841283287	-0.213	0.139	9.677	Standing Higher Freq
353	1575841283290	-0.203	0.163	9.653	Standing Higher Freq
354	1575841283291	-0.189	0.177	9.615	Standing Higher Freq
355	1575841283298	-0.184	0.151	9.567	Standing Higher Freq
356	1575841283299	-0.172	0.148	9.526	Standing Higher Freq
357	1575841283300	-0.16	0.153	9.5	Standing Higher Freq
358	1575841283302	-0.158	0.136	9.497	Standing Higher Freq
359	1575841283304	-0.151	0.139	9.5	Standing Higher Freq
360	1575841283306	-0.108	0.132	9.505	Standing Higher Freq
361	1575841283309	-0.077	0.124	9.552	Standing Higher Freq
362	1575841283311	-0.113	0.11	9.648	Standing Higher Freq
363	1575841283314	-0.163	0.11	9.725	Standing Higher Freq
364	1575841283317	-0.203	0.139	9.727	Standing Higher Freq
365	1575841283318	-0.22	0.168	9.706	Standing Higher Freq
366	1575841283321	-0.227	0.163	9.696	Standing Higher Freq
367	1575841283324	-0.22	0.129	9.701	Standing Higher Freq
368	1575841283326	-0.182	0.108	9.71	Standing Higher Freq
369	1575841283328	-0.153	0.101	9.727	Standing Higher Freq
370	1575841283330	-0.026	0.045	9.754	Standing Higher Freq
371	1575841283333	0.079	0.069	9.725	Standing Higher Freq
372	1575841283336	-0.11	0.172	9.749	Standing Higher Freq
373	1575841283338	-0.366	0.16	9.821	Standing Higher Freq
374	1575841283341	-0.441	0.122	9.777	Standing Higher Freq
375	1575841283343	-0.34	0.115	9.677	Standing Higher Freq
376	1575841283345	-0.192	0.136	9.588	Standing Higher Freq
377	1575841283348	-0.098	0.177	9.579	Standing Higher Freq
378	1575841283352	-0.06	0.203	9.639	Standing Higher Freq
379	1575841283353	-0.048	0.206	9.725	Standing Higher Freq
380	1575841283355	-0.06	0.199	9.77	Standing Higher Freq
381	1575841283357	-0.086	0.184	9.782	Standing Higher Freq
382	1575841283361	-0.108	0.18	9.787	Standing Higher Freq
383	1575841283363	-0.139	0.192	9.785	Standing Higher Freq
384	1575841283365	-0.165	0.187	9.77	Standing Higher Freq
385	1575841283367	-0.184	0.168	9.756	Standing Higher Freq
386	1575841283371	-0.189	0.156	9.746	Standing Higher Freq
387	1575841283372	-0.208	0.139	9.737	Standing Higher Freq
388	1575841283374	-0.223	0.122	9.746	Standing Higher Freq
389	1575841283378	-0.215	0.11	9.77	Standing Higher Freq
390	1575841283382	-0.208	0.096	9.782	Standing Higher Freq
391	1575841283383	-0.196	0.101	9.782	Standing Higher Freq
392	1575841283385	-0.184	0.108	9.777	Standing Higher Freq
393	1575841283389	-0.182	0.129	9.782	Standing Higher Freq
394	1575841283390	-0.172	0.168	9.799	Standing Higher Freq
395	1575841283391	-0.151	0.182	9.806	Standing Higher Freq
396	1575841283395	-0.141	0.172	9.811	Standing Higher Freq
397	1575841283397	-0.127	0.151	9.794	Standing Higher Freq
398	1575841283399	-0.096	0.12	9.782	Standing Higher Freq
399	1575841283402	-0.081	0.096	9.782	Standing Higher Freq
400	1575841283404	-0.089	0.079	9.761	Standing Higher Freq
401	1575841283407	-0.103	0.072	9.744	Standing Higher Freq
402	1575841283409	-0.113	0.069	9.727	Standing Higher Freq
403	1575841283412	-0.122	0.06	9.689	Standing Higher Freq
404	1575841283415	-0.141	0.055	9.684	Standing Higher Freq
405	1575841283417	-0.165	0.067	9.696	Standing Higher Freq
406	1575841283419	-0.177	0.081	9.677	Standing Higher Freq
407	1575841283422	-0.177	0.093	9.679	Standing Higher Freq
408	1575841283424	-0.187	0.105	9.71	Standing Higher Freq
409	1575841283427	-0.199	0.115	9.734	Standing Higher Freq
410	1575841283429	-0.196	0.11	9.761	Standing Higher Freq
411	1575841283431	-0.206	0.115	9.797	Standing Higher Freq
412	1575841283434	-0.206	0.136	9.813	Standing Higher Freq
413	1575841283436	-0.17	0.146	9.821	Standing Higher Freq
414	1575841283439	-0.122	0.153	9.828	Standing Higher Freq
415	1575841283441	-0.089	0.163	9.835	Standing Higher Freq
416	1575841283444	-0.081	0.165	9.835	Standing Higher Freq
417	1575841283446	-0.081	0.184	9.811	Standing Higher Freq
418	1575841283449	-0.067	0.215	9.792	Standing Higher Freq
419	1575841283452	-0.067	0.223	9.768	Standing Higher Freq
420	1575841283454	-0.091	0.225	9.761	Standing Higher Freq
421	1575841283456	-0.122	0.227	9.792	Standing Higher Freq
422	1575841283460	-0.136	0.235	9.825	Standing Higher Freq
423	1575841283463	-0.146	0.266	9.871	Standing Higher Freq
424	1575841283464	-0.165	0.287	9.897	Standing Higher Freq
425	1575841283465	-0.187	0.314	9.88	Standing Higher Freq
426	1575841283468	-0.201	0.352	9.885	Standing Higher Freq
427	1575841283471	-0.213	0.369	9.892	Standing Higher Freq
428	1575841283474	-0.223	0.376	9.873	Standing Higher Freq
429	1575841283476	-0.225	0.373	9.866	Standing Higher Freq
430	1575841283480	-0.242	0.359	9.857	Standing Higher Freq
431	1575841283482	-0.263	0.34	9.842	Standing Higher Freq
432	1575841283483	-0.273	0.326	9.837	Standing Higher Freq
433	1575841283485	-0.285	0.304	9.837	Standing Higher Freq
434	1575841283488	-0.283	0.271	9.833	Standing Higher Freq
435	1575841283491	-0.287	0.249	9.821	Standing Higher Freq
436	1575841283492	-0.302	0.215	9.797	Standing Higher Freq
437	1575841283498	-0.28	0.208	9.782	Standing Higher Freq
438	1575841283499	-0.232	0.232	9.787	Standing Higher Freq
439	1575841283501	-0.206	0.254	9.782	Standing Higher Freq
440	1575841283504	-0.213	0.273	9.789	Standing Higher Freq
441	1575841283506	-0.194	0.254	9.799	Standing Higher Freq
442	1575841283508	-0.151	0.237	9.799	Standing Higher Freq
443	1575841283511	-0.151	0.213	9.794	Standing Higher Freq
444	1575841283513	-0.175	0.177	9.785	Standing Higher Freq
445	1575841283515	-0.192	0.158	9.782	Standing Higher Freq
446	1575841283521	-0.192	0.151	9.787	Standing Higher Freq
447	1575841283522	-0.192	0.172	9.775	Standing Higher Freq
448	1575841283523	-0.211	0.206	9.775	Standing Higher Freq
449	1575841283527	-0.213	0.225	9.794	Standing Higher Freq
450	1575841283528	-0.18	0.237	9.813	Standing Higher Freq
451	1575841283531	-0.122	0.251	9.837	Standing Higher Freq
452	1575841283533	-0.05	0.268	9.835	Standing Higher Freq
453	1575841283536	-0.019	0.271	9.833	Standing Higher Freq
454	1575841283537	-0.057	0.268	9.854	Standing Higher Freq
455	1575841283541	-0.086	0.254	9.845	Standing Higher Freq
456	1575841283542	-0.077	0.22	9.833	Standing Higher Freq
457	1575841283545	-0.091	0.184	9.847	Standing Higher Freq
458	1575841283547	-0.134	0.156	9.866	Standing Higher Freq
459	1575841283552	-0.201	0.122	9.895	Standing Higher Freq
460	1575841283553	-0.292	0.084	9.914	Standing Higher Freq
461	1575841283554	-0.371	0.067	9.94	Standing Higher Freq
462	1575841283558	-0.429	0.036	9.957	Standing Higher Freq
463	1575841283560	-0.481	-0.022	9.967	Standing Higher Freq
464	1575841283564	-0.546	-0.06	9.945	Standing Higher Freq
465	1575841283565	-0.579	-0.06	9.84	Standing Higher Freq
466	1575841283566	-0.608	-0.077	9.761	Standing Higher Freq
467	1575841283570	-0.654	-0.108	9.73	Standing Higher Freq
468	1575841283571	-0.69	-0.124	9.727	Standing Higher Freq
469	1575841283575	-0.682	-0.136	9.761	Standing Higher Freq
470	1575841283577	-0.639	-0.141	9.789	Standing Higher Freq
471	1575841283579	-0.599	-0.113	9.868	Standing Higher Freq
472	1575841283581	-0.548	-0.065	10.003	Standing Higher Freq
473	1575841283583	-0.488	-0.017	10.089	Standing Higher Freq
474	1575841283589	-0.445	0.045	10.132	Standing Higher Freq
475	1575841283590	-0.409	0.113	10.163	Standing Higher Freq
476	1575841283593	-0.402	0.225	10.153	Standing Higher Freq
477	1575841283595	-0.438	0.335	10.153	Standing Higher Freq
478	1575841283596	-0.493	0.407	10.204	Standing Higher Freq
479	1575841283600	-0.546	0.455	10.266	Standing Higher Freq
480	1575841283601	-0.603	0.491	10.292	Standing Higher Freq
481	1575841283603	-0.699	0.472	10.601	Standing Higher Freq
482	1575841283606	-0.74	0.436	10.912	Standing Higher Freq
483	1575841283608	-0.721	0.531	10.896	Standing Higher Freq
484	1575841283611	-0.757	0.68	10.965	Standing Higher Freq
485	1575841283615	-0.802	0.773	11.061	Standing Higher Freq
486	1575841283616	-0.833	0.833	11.125	Standing Higher Freq
487	1575841283618	-0.871	0.879	11.154	Standing Higher Freq
488	1575841283620	-0.955	0.91	11.123	Standing Higher Freq
489	1575841283623	-1.056	0.9	11.188	Standing Higher Freq
490	1575841283625	-1.056	0.85	11.269	Standing Higher Freq
491	1575841283630	-0.948	0.864	11.427	Standing Higher Freq
492	1575841283631	-0.848	0.965	11.657	Standing Higher Freq
493	1575841283632	-0.79	1.065	11.822	Standing Higher Freq
494	1575841283635	-0.766	1.13	11.963	Standing Higher Freq
495	1575841283637	-0.795	1.168	12.152	Standing Higher Freq
496	1575841283640	-0.826	1.207	12.401	Standing Higher Freq
497	1575841283643	-0.807	1.295	12.318	Standing Higher Freq
498	1575841283645	-0.795	1.396	12.066	Standing Higher Freq
499	1575841283647	-0.848	1.353	12.239	Standing Higher Freq
500	1575841283652	-0.874	1.13	12.361	Standing Higher Freq
501	1575841283653	-0.821	0.883	12.138	Standing Higher Freq
502	1575841283655	-0.701	0.747	11.939	Standing Higher Freq
503	1575841283657	-0.536	0.723	11.75	Standing Higher Freq
504	1575841283662	-0.371	0.788	11.427	Standing Higher Freq
505	1575841283663	-0.227	0.905	11.101	Standing Higher Freq
506	1575841283666	-0.101	0.903	11.212	Standing Higher Freq
507	1575841283667	0.089	0.735	11.441	Standing Higher Freq
508	1575841283671	0.383	0.589	11.484	Standing Higher Freq
509	1575841283672	0.62	0.694	11.243	Standing Higher Freq
510	1575841283675	0.795	1.032	10.723	Standing Higher Freq
511	1575841283677	1.008	1.235	10.704	Standing Higher Freq
512	1575841283681	1.233	1.18	11.389	Standing Higher Freq
513	1575841283682	1.638	1.322	10.524	Standing Higher Freq
514	1575841283684	2.006	1.654	9.608	Standing Higher Freq
515	1575841283687	2.083	1.597	10.548	Standing Higher Freq
516	1575841283688	2.236	1.369	10.831	Standing Higher Freq
517	1575841283691	2.408	1.36	10.149	Standing Higher Freq
518	1575841283693	2.301	1.286	9.892	Standing Higher Freq
519	1575841283697	2.047	1.152	10.065	Standing Higher Freq
520	1575841283698	1.709	1.353	9.548	Standing Higher Freq
521	1575841283702	1.338	1.736	8.966	Standing Higher Freq
522	1575841283706	1.108	1.863	9.064	Standing Higher Freq
523	1575841283707	0.977	1.748	9.548	Standing Higher Freq
524	1575841283710	0.723	1.594	10.232	Standing Higher Freq
525	1575841283711	0.311	1.544	10.551	Standing Higher Freq
526	1575841283716	-0.184	1.64	10.69	Standing Higher Freq
527	1575841283717	-0.601	1.796	11.001	Standing Higher Freq
528	1575841283722	-0.96	1.86	11.125	Standing Higher Freq
529	1575841283723	-1.336	1.717	11.001	Standing Higher Freq
530	1575841283724	-1.63	1.499	10.802	Standing Higher Freq
531	1575841283726	-1.839	1.286	10.735	Standing Higher Freq
532	1575841283732	-1.92	1.14	10.73	Standing Higher Freq
533	1575841283733	-1.863	1.137	10.541	Standing Higher Freq
534	1575841283734	-1.717	1.185	10.338	Standing Higher Freq
535	1575841283736	-1.52	1.207	10.273	Standing Higher Freq
536	1575841283739	-1.281	1.233	10.11	Standing Higher Freq
537	1575841283741	-1.01	1.271	9.952	Standing Higher Freq
538	1575841283744	-0.745	1.278	9.885	Standing Higher Freq
539	1575841283746	-0.51	1.238	9.837	Standing Higher Freq
540	1575841283748	-0.333	1.199	9.84	Standing Higher Freq
541	1575841283751	-0.201	1.144	9.979	Standing Higher Freq
542	1575841283753	-0.103	1.085	10.177	Standing Higher Freq
543	1575841283755	-0.062	1.085	10.323	Standing Higher Freq
544	1575841283757	-0.053	1.077	10.414	Standing Higher Freq
545	1575841283761	-0.065	1.025	10.477	Standing Higher Freq
546	1575841283763	-0.089	0.982	10.498	Standing Higher Freq
547	1575841283765	-0.089	0.931	10.512	Standing Higher Freq
548	1575841283768	-0.065	0.879	10.479	Standing Higher Freq
549	1575841283770	0	0.879	10.388	Standing Higher Freq
550	1575841283772	0.034	0.845	10.268	Standing Higher Freq
551	1575841283775	-0.038	0.74	10.127	Standing Higher Freq
552	1575841283777	-0.093	0.646	9.981	Standing Higher Freq
553	1575841283780	-0.036	0.596	9.868	Standing Higher Freq
554	1575841283783	0.069	0.572	9.873	Standing Higher Freq
555	1575841283785	0.156	0.577	9.986	Standing Higher Freq
556	1575841283786	0.223	0.567	10.094	Standing Higher Freq
557	1575841283788	0.251	0.515	10.158	Standing Higher Freq
558	1575841283791	0.244	0.493	10.196	Standing Higher Freq
559	1575841283795	0.23	0.486	10.192	Standing Higher Freq
560	1575841283796	0.196	0.455	10.177	Standing Higher Freq
561	1575841283799	0.139	0.4	10.175	Standing Higher Freq
562	1575841283801	0.089	0.352	10.17	Standing Higher Freq
563	1575841283804	0.069	0.314	10.161	Standing Higher Freq
564	1575841283806	0.053	0.304	10.151	Standing Higher Freq
565	1575841283808	0.038	0.302	10.175	Standing Higher Freq
566	1575841283811	0.053	0.287	10.247	Standing Higher Freq
567	1575841283814	0.086	0.297	10.34	Standing Higher Freq
568	1575841283816	0.127	0.314	10.455	Standing Higher Freq
569	1575841283818	0.182	0.297	10.563	Standing Higher Freq
570	1575841283821	0.235	0.261	10.656	Standing Higher Freq
571	1575841283823	0.283	0.201	10.678	Standing Higher Freq
572	1575841283826	0.342	0.105	10.632	Standing Higher Freq
573	1575841283829	0.424	0.031	10.58	Standing Higher Freq
574	1575841283831	0.52	-0.019	10.532	Standing Higher Freq
575	1575841283833	0.632	-0.096	10.527	Standing Higher Freq
576	1575841283836	0.728	-0.168	10.556	Standing Higher Freq
577	1575841283838	0.807	-0.225	10.541	Standing Higher Freq
578	1575841283841	0.869	-0.294	10.481	Standing Higher Freq
579	1575841283843	0.881	-0.369	10.424	Standing Higher Freq
580	1575841283846	0.864	-0.46	10.393	Standing Higher Freq
581	1575841283848	0.819	-0.596	10.378	Standing Higher Freq
582	1575841283851	0.754	-0.754	10.335	Standing Higher Freq
583	1575841283853	0.701	-0.883	10.275	Standing Higher Freq
584	1575841283855	0.675	-1.013	10.225	Standing Higher Freq
585	1575841283858	0.654	-1.171	10.177	Standing Higher Freq
586	1575841283860	0.615	-1.295	10.158	Standing Higher Freq
587	1575841283863	0.548	-1.401	10.168	Standing Higher Freq
588	1575841283865	0.472	-1.53	10.151	Standing Higher Freq
589	1575841283867	0.388	-1.664	10.125	Standing Higher Freq
590	1575841283870	0.311	-1.796	10.105	Standing Higher Freq
591	1575841283872	0.247	-1.925	10.058	Standing Higher Freq
592	1575841283875	0.192	-2.04	9.983	Standing Higher Freq
593	1575841283877	0.165	-2.138	9.885	Standing Higher Freq
594	1575841283880	0.153	-2.227	9.792	Standing Higher Freq
595	1575841283883	0.163	-2.32	9.725	Standing Higher Freq
596	1575841283885	0.211	-2.396	9.687	Standing Higher Freq
597	1575841283887	0.263	-2.468	9.696	Standing Higher Freq
598	1575841283890	0.299	-2.533	9.751	Standing Higher Freq
599	1575841283892	0.33	-2.581	9.837	Standing Higher Freq
600	1575841283895	0.347	-2.622	9.94	Standing Higher Freq
601	1575841283897	0.35	-2.681	10.041	Standing Higher Freq
602	1575841283900	0.323	-2.765	10.129	Standing Higher Freq
603	1575841283902	0.287	-2.815	10.17	Standing Higher Freq
604	1575841283905	0.266	-2.849	10.146	Standing Higher Freq
605	1575841283907	0.278	-2.88	10.101	Standing Higher Freq
606	1575841283910	0.285	-2.904	10.072	Standing Higher Freq
607	1575841283913	0.275	-2.94	10.072	Standing Higher Freq
608	1575841283915	0.266	-2.971	10.091	Standing Higher Freq
609	1575841283917	0.242	-2.985	10.105	Standing Higher Freq
610	1575841283922	0.211	-2.983	10.125	Standing Higher Freq
611	1575841283923	0.192	-2.983	10.158	Standing Higher Freq
612	1575841283926	0.192	-2.966	10.196	Standing Higher Freq
613	1575841283928	0.199	-2.938	10.237	Standing Higher Freq
614	1575841283929	0.206	-2.928	10.287	Standing Higher Freq
615	1575841283932	0.235	-2.926	10.304	Standing Higher Freq
616	1575841283935	0.275	-2.94	10.283	Standing Higher Freq
617	1575841283937	0.29	-2.966	10.223	Standing Higher Freq
618	1575841283940	0.278	-3.012	10.127	Standing Higher Freq
619	1575841283941	0.254	-3.079	10.046	Standing Higher Freq
620	1575841283946	0.22	-3.134	9.974	Standing Higher Freq
621	1575841283947	0.184	-3.163	9.892	Standing Higher Freq
622	1575841283950	0.182	-3.158	9.828	Standing Higher Freq
623	1575841283952	0.203	-3.127	9.775	Standing Higher Freq
624	1575841283955	0.232	-3.112	9.727	Standing Higher Freq
625	1575841283957	0.294	-3.11	9.677	Standing Higher Freq
626	1575841283959	0.385	-3.093	9.608	Standing Higher Freq
627	1575841283964	0.5	-3.091	9.536	Standing Higher Freq
628	1575841283965	0.632	-3.115	9.471	Standing Higher Freq
629	1575841283966	0.776	-3.136	9.416	Standing Higher Freq
630	1575841283971	0.907	-3.146	9.385	Standing Higher Freq
631	1575841283972	1.02	-3.151	9.363	Standing Higher Freq
632	1575841283974	1.144	-3.129	9.337	Standing Higher Freq
633	1575841283977	1.271	-3.084	9.337	Standing Higher Freq
634	1575841283978	1.381	-3.029	9.359	Standing Higher Freq
635	1575841283981	1.441	-2.95	9.428	Standing Higher Freq
636	1575841283984	1.446	-2.871	9.55	Standing Higher Freq
637	1575841283986	1.413	-2.803	9.687	Standing Higher Freq
638	1575841283988	1.353	-2.744	9.78	Standing Higher Freq
639	1575841283990	1.266	-2.732	9.804	Standing Higher Freq
640	1575841283992	1.159	-2.772	9.775	Standing Higher Freq
641	1575841283997	1.056	-2.851	9.715	Standing Higher Freq
642	1575841283999	0.965	-2.99	9.641	Standing Higher Freq
643	1575841284001	0.876	-3.158	9.543	Standing Higher Freq
644	1575841284005	0.771	-3.323	9.44	Standing Higher Freq
645	1575841284006	0.622	-3.486	9.363	Standing Higher Freq
646	1575841284010	0.45	-3.639	9.315	Standing Higher Freq
647	1575841284011	0.278	-3.797	9.28	Standing Higher Freq
648	1575841284013	0.124	-3.926	9.244	Standing Higher Freq
649	1575841284015	-0.031	-4.036	9.203	Standing Higher Freq
650	1575841284021	-0.184	-4.175	9.16	Standing Higher Freq
651	1575841284022	-0.304	-4.302	9.126	Standing Higher Freq
652	1575841284023	-0.402	-4.42	9.088	Standing Higher Freq
653	1575841284026	-0.51	-4.518	9.043	Standing Higher Freq
654	1575841284028	-0.625	-4.592	9.023	Standing Higher Freq
655	1575841284030	-0.721	-4.642	9.023	Standing Higher Freq
656	1575841284032	-0.812	-4.668	9.016	Standing Higher Freq
657	1575841284036	-0.857	-4.704	9.023	Standing Higher Freq
658	1575841284037	-0.826	-4.726	9.031	Standing Higher Freq
659	1575841284042	-0.749	-4.736	9.028	Standing Higher Freq
660	1575841284044	-0.639	-4.743	8.995	Standing Higher Freq
661	1575841284047	-0.51	-4.747	8.906	Standing Higher Freq
662	1575841284048	-0.359	-4.75	8.791	Standing Higher Freq
663	1575841284051	-0.187	-4.724	8.688	Standing Higher Freq
664	1575841284052	-0.022	-4.709	8.626	Standing Higher Freq
665	1575841284056	0.127	-4.702	8.576	Standing Higher Freq
666	1575841284057	0.278	-4.664	8.487	Standing Higher Freq
667	1575841284062	0.441	-4.606	8.425	Standing Higher Freq
668	1575841284063	0.599	-4.546	8.42	Standing Higher Freq
669	1575841284065	0.733	-4.472	8.358	Standing Higher Freq
670	1575841284067	0.836	-4.391	8.274	Standing Higher Freq
671	1575841284071	0.924	-4.336	8.245	Standing Higher Freq
672	1575841284072	0.991	-4.305	8.248	Standing Higher Freq
673	1575841284076	1.046	-4.273	8.267	Standing Higher Freq
674	1575841284077	1.14	-4.242	8.291	Standing Higher Freq
675	1575841284080	1.262	-4.221	8.296	Standing Higher Freq
676	1575841284082	1.319	-4.235	8.317	Standing Higher Freq
677	1575841284086	1.29	-4.261	8.372	Standing Higher Freq
678	1575841284087	1.223	-4.29	8.358	Standing Higher Freq
679	1575841284088	1.13	-4.329	8.264	Standing Higher Freq
680	1575841284091	0.989	-4.391	8.209	Standing Higher Freq
681	1575841284096	0.816	-4.467	8.2	Standing Higher Freq
682	1575841284097	0.632	-4.534	8.183	Standing Higher Freq
683	1575841284100	0.431	-4.63	8.19	Standing Higher Freq
684	1575841284101	0.208	-4.752	8.226	Standing Higher Freq
685	1575841284105	-0.014	-4.886	8.296	Standing Higher Freq
686	1575841284106	-0.223	-5.03	8.353	Standing Higher Freq
687	1575841284113	-0.426	-5.166	8.384	Standing Higher Freq
688	1575841284114	-0.591	-5.272	8.346	Standing Higher Freq
689	1575841284116	-0.725	-5.38	8.25	Standing Higher Freq
690	1575841284117	-0.843	-5.497	8.2	Standing Higher Freq
691	1575841284119	-0.917	-5.602	8.157	Standing Higher Freq
692	1575841284121	-0.946	-5.703	8.063	Standing Higher Freq
693	1575841284124	-0.927	-5.763	7.934	Standing Higher Freq
694	1575841284126	-0.85	-5.789	7.795	Standing Higher Freq
695	1575841284128	-0.754	-5.82	7.649	Standing Higher Freq
696	1575841284132	-0.651	-5.825	7.508	Standing Higher Freq
697	1575841284133	-0.548	-5.808	7.405	Standing Higher Freq
698	1575841284139	-0.452	-5.801	7.355	Standing Higher Freq
699	1575841284140	-0.378	-5.787	7.316	Standing Higher Freq
700	1575841284141	-0.335	-5.72	7.288	Standing Higher Freq
701	1575841284142	-0.268	-5.607	7.264	Standing Higher Freq
702	1575841284145	-0.199	-5.48	7.204	Standing Higher Freq
703	1575841284148	-0.127	-5.336	7.163	Standing Higher Freq
704	1575841284151	-0.034	-5.2	7.146	Standing Higher Freq
705	1575841284156	0.055	-5.052	7.156	Standing Higher Freq
706	1575841284157	0.124	-4.91	7.18	Standing Higher Freq
707	1575841284158	0.18	-4.819	7.221	Standing Higher Freq
708	1575841284162	0.215	-4.757	7.288	Standing Higher Freq
709	1575841284163	0.247	-4.695	7.307	Standing Higher Freq
710	1575841284165	0.259	-4.633	7.302	Standing Higher Freq
711	1575841284167	0.218	-4.575	7.3	Standing Higher Freq
712	1575841284170	0.249	-4.558	7.012	Standing Higher Freq
713	1575841284172	0.417	-4.623	6.782	Standing Higher Freq
714	1575841284175	0.553	-4.731	6.907	Standing Higher Freq
715	1575841284177	0.591	-4.865	6.996	Standing Higher Freq
716	1575841284179	0.634	-5.008	7.012	Standing Higher Freq
717	1575841284182	0.673	-5.154	7.06	Standing Higher Freq
718	1575841284184	0.622	-5.313	7.101	Standing Higher Freq
719	1575841284188	0.479	-5.463	7.132	Standing Higher Freq
720	1575841284189	0.316	-5.588	7.127	Standing Higher Freq
721	1575841284191	0.175	-5.72	7.036	Standing Higher Freq
722	1575841284194	0.05	-5.861	6.936	Standing Higher Freq
723	1575841284197	-0.069	-5.985	6.861	Standing Higher Freq
724	1575841284199	-0.199	-6.091	6.78	Standing Higher Freq
725	1575841284203	-0.316	-6.184	6.687	Standing Higher Freq
726	1575841284205	-0.414	-6.256	6.613	Standing Higher Freq
727	1575841284206	-0.512	-6.32	6.577	Standing Higher Freq
728	1575841284210	-0.591	-6.421	6.584	Standing Higher Freq
729	1575841284213	-0.644	-6.507	6.603	Standing Higher Freq
730	1575841284214	-0.697	-6.543	6.572	Standing Higher Freq
731	1575841284218	-0.747	-6.543	6.502	Standing Higher Freq
732	1575841284221	-0.788	-6.538	6.454	Standing Higher Freq
733	1575841284222	-0.836	-6.507	6.428	Standing Higher Freq
734	1575841284224	-0.883	-6.443	6.395	Standing Higher Freq
735	1575841284226	-0.893	-6.404	6.349	Standing Higher Freq
736	1575841284230	-0.869	-6.38	6.34	Standing Higher Freq
737	1575841284231	-0.848	-6.332	6.392	Standing Higher Freq
738	1575841284235	-0.843	-6.285	6.435	Standing Higher Freq
739	1575841284237	-0.804	-6.213	6.447	Standing Higher Freq
740	1575841284239	-0.759	-6.093	6.498	Standing Higher Freq
741	1575841284241	-0.694	-5.964	6.548	Standing Higher Freq
742	1575841284244	-0.603	-5.834	6.557	Standing Higher Freq
743	1575841284246	-0.488	-5.734	6.5	Standing Higher Freq
744	1575841284248	-0.33	-5.672	6.409	Standing Higher Freq
745	1575841284252	-0.189	-5.643	6.371	Standing Higher Freq
746	1575841284253	-0.074	-5.664	6.352	Standing Higher Freq
747	1575841284257	0.029	-5.72	6.318	Standing Higher Freq
748	1575841284261	0.098	-5.782	6.287	Standing Higher Freq
749	1575841284263	0.127	-5.846	6.294	Standing Higher Freq
750	1575841284264	0.11	-5.916	6.261	Standing Higher Freq
751	1575841284266	0.069	-5.973	6.213	Standing Higher Freq
752	1575841284268	0.019	-6.024	6.189	Standing Higher Freq
753	1575841284271	-0.041	-6.095	6.129	Standing Higher Freq
754	1575841284273	-0.11	-6.174	6.064	Standing Higher Freq
755	1575841284278	-0.187	-6.287	5.971	Standing Higher Freq
756	1575841284279	-0.259	-6.459	5.863	Standing Higher Freq
757	1575841284281	-0.369	-6.696	5.794	Standing Higher Freq
758	1575841284282	-0.51	-6.95	5.763	Standing Higher Freq
759	1575841284288	-0.639	-7.18	5.717	Standing Higher Freq
760	1575841284289	-0.718	-7.364	5.626	Standing Higher Freq
761	1575841284290	-0.785	-7.505	5.535	Standing Higher Freq
762	1575841284292	-0.833	-7.64	5.408	Standing Higher Freq
763	1575841284296	-0.838	-7.747	5.26	Standing Higher Freq
764	1575841284298	-0.826	-7.826	5.178	Standing Higher Freq
765	1575841284300	-0.812	-7.932	5.126	Standing Higher Freq
766	1575841284302	-0.804	-8.061	5.121	Standing Higher Freq
767	1575841284306	-0.8	-8.2	5.181	Standing Higher Freq
768	1575841284307	-0.79	-8.336	5.25	Standing Higher Freq
769	1575841284310	-0.771	-8.451	5.301	Standing Higher Freq
770	1575841284312	-0.737	-8.528	5.322	Standing Higher Freq
771	1575841284314	-0.699	-8.559	5.329	Standing Higher Freq
772	1575841284320	-0.666	-8.571	5.334	Standing Higher Freq
773	1575841284321	-0.646	-8.588	5.363	Standing Higher Freq
774	1575841284322	-0.663	-8.621	5.396	Standing Higher Freq
775	1575841284326	-0.697	-8.64	5.396	Standing Higher Freq
776	1575841284327	-0.721	-8.578	5.36	Standing Higher Freq
777	1575841284332	-0.745	-8.482	5.329	Standing Higher Freq
778	1575841284333	-0.766	-8.425	5.351	Standing Higher Freq
779	1575841284334	-0.769	-8.382	5.396	Standing Higher Freq
780	1575841284340	-0.754	-8.329	5.432	Standing Higher Freq
781	1575841284341	-0.713	-8.26	5.418	Standing Higher Freq
782	1575841284342	-0.658	-8.183	5.372	Standing Higher Freq
783	1575841284344	-0.603	-8.109	5.32	Standing Higher Freq
784	1575841284347	-0.517	-8.071	5.245	Standing Higher Freq
785	1575841284348	-0.429	-8.047	5.174	Standing Higher Freq
786	1575841284352	-0.371	-8.011	5.133	Standing Higher Freq
787	1575841284353	-0.311	-7.989	5.095	Standing Higher Freq
788	1575841284356	-0.247	-7.963	5.044	Standing Higher Freq
789	1575841284359	-0.208	-7.922	5.008	Standing Higher Freq
790	1575841284361	-0.175	-7.881	4.949	Standing Higher Freq
791	1575841284366	-0.158	-7.855	4.86	Standing Higher Freq
792	1575841284367	-0.151	-7.881	4.783	Standing Higher Freq
793	1575841284368	-0.146	-7.939	4.752	Standing Higher Freq
794	1575841284371	-0.177	-7.989	4.738	Standing Higher Freq
795	1575841284374	-0.203	-8.042	4.764	Standing Higher Freq
796	1575841284376	-0.218	-8.09	4.841	Standing Higher Freq
797	1575841284378	-0.239	-8.138	4.908	Standing Higher Freq
798	1575841284381	-0.292	-8.212	4.963	Standing Higher Freq
799	1575841284383	-0.354	-8.315	5.013	Standing Higher Freq
800	1575841284386	-0.421	-8.418	5.03	Standing Higher Freq
801	1575841284391	-0.484	-8.509	4.965	Standing Higher Freq
802	1575841284392	-0.543	-8.604	4.862	Standing Higher Freq
803	1575841284393	-0.594	-8.681	4.752	Standing Higher Freq
804	1575841284396	-0.634	-8.779	4.652	Standing Higher Freq
805	1575841284398	-0.682	-8.88	4.551	Standing Higher Freq
806	1575841284401	-0.725	-8.959	4.446	Standing Higher Freq
807	1575841284403	-0.771	-9.019	4.362	Standing Higher Freq
808	1575841284405	-0.8	-9.04	4.29	Standing Higher Freq
809	1575841284407	-0.819	-9.05	4.204	Standing Higher Freq
810	1575841284411	-0.845	-9.04	4.139	Standing Higher Freq
811	1575841284412	-0.857	-9.031	4.127	Standing Higher Freq
812	1575841284417	-0.85	-9.028	4.163	Standing Higher Freq
813	1575841284418	-0.821	-8.987	4.204	Standing Higher Freq
814	1575841284423	-0.792	-8.918	4.261	Standing Higher Freq
815	1575841284424	-0.783	-8.851	4.362	Standing Higher Freq
816	1575841284426	-0.766	-8.786	4.436	Standing Higher Freq
817	1575841284427	-0.733	-8.717	4.479	Standing Higher Freq
818	1575841284431	-0.685	-8.626	4.537	Standing Higher Freq
819	1575841284432	-0.618	-8.497	4.597	Standing Higher Freq
820	1575841284435	-0.543	-8.36	4.611	Standing Higher Freq
821	1575841284438	-0.462	-8.252	4.554	Standing Higher Freq
822	1575841284439	-0.39	-8.188	4.489	Standing Higher Freq
823	1575841284441	-0.323	-8.111	4.415	Standing Higher Freq
824	1575841284444	-0.242	-8.006	4.329	Standing Higher Freq
825	1575841284447	-0.175	-7.903	4.271	Standing Higher Freq
826	1575841284450	-0.103	-7.817	4.206	Standing Higher Freq
827	1575841284453	-0.036	-7.733	4.113	Standing Higher Freq
828	1575841284454	0.034	-7.637	3.998	Standing Higher Freq
829	1575841284458	0.103	-7.517	3.857	Standing Higher Freq
830	1575841284459	0.203	-7.379	3.696	Standing Higher Freq
831	1575841284463	0.323	-7.307	3.548	Standing Higher Freq
832	1575841284464	0.414	-7.302	3.414	Standing Higher Freq
833	1575841284467	0.503	-7.336	3.297	Standing Higher Freq
834	1575841284468	0.565	-7.412	3.208	Standing Higher Freq
835	1575841284472	0.582	-7.491	3.153	Standing Higher Freq
836	1575841284474	0.589	-7.575	3.088	Standing Higher Freq
837	1575841284476	0.582	-7.68	3.014	Standing Higher Freq
838	1575841284480	0.543	-7.8	2.947	Standing Higher Freq
839	1575841284482	0.503	-7.934	2.873	Standing Higher Freq
840	1575841284485	0.445	-8.08	2.775	Standing Higher Freq
841	1575841284486	0.362	-8.236	2.677	Standing Higher Freq
842	1575841284488	0.268	-8.398	2.612	Standing Higher Freq
843	1575841284492	0.153	-8.533	2.578	Standing Higher Freq
844	1575841284494	0.036	-8.604	2.595	Standing Higher Freq
845	1575841284496	-0.079	-8.679	2.645	Standing Higher Freq
846	1575841284498	-0.189	-8.803	2.689	Standing Higher Freq
847	1575841284501	-0.287	-8.923	2.748	Standing Higher Freq
848	1575841284503	-0.378	-9.04	2.847	Standing Higher Freq
849	1575841284506	-0.457	-9.148	2.945	Standing Higher Freq
850	1575841284508	-0.534	-9.201	3.031	Standing Higher Freq
851	1575841284512	-0.685	-9.181	3.127	Standing Higher Freq
852	1575841284513	-0.804	-8.99	3.019	Standing Higher Freq
853	1575841284518	-0.735	-8.853	2.82	Standing Higher Freq
854	1575841284519	-0.632	-9.002	2.808	Standing Higher Freq
855	1575841284520	-0.608	-9.145	2.818	Standing Higher Freq
856	1575841284524	-0.613	-9.179	2.741	Standing Higher Freq
857	1575841284526	-0.622	-9.153	2.66	Standing Higher Freq
858	1575841284528	-0.627	-9.107	2.643	Standing Higher Freq
859	1575841284531	-0.618	-9.083	2.705	Standing Higher Freq
860	1575841284533	-0.606	-9.04	2.792	Standing Higher Freq
861	1575841284537	-0.599	-9.021	2.902	Standing Higher Freq
862	1575841284538	-0.594	-9.057	3.014	Standing Higher Freq
863	1575841284540	-0.57	-9.057	3.093	Standing Higher Freq
864	1575841284543	-0.527	-8.947	3.12	Standing Higher Freq
865	1575841284545	-0.5	-8.772	3.074	Standing Higher Freq
866	1575841284548	-0.498	-8.59	2.973	Standing Higher Freq
867	1575841284551	-0.503	-8.442	2.847	Standing Higher Freq
868	1575841284552	-0.531	-8.336	2.732	Standing Higher Freq
869	1575841284556	-0.572	-8.272	2.619	Standing Higher Freq
870	1575841284557	-0.603	-8.221	2.519	Standing Higher Freq
871	1575841284560	-0.618	-8.197	2.444	Standing Higher Freq
872	1575841284562	-0.627	-8.193	2.385	Standing Higher Freq
873	1575841284566	-0.634	-8.169	2.332	Standing Higher Freq
874	1575841284567	-0.654	-8.123	2.308	Standing Higher Freq
875	1575841284571	-0.675	-8.073	2.313	Standing Higher Freq
876	1575841284573	-0.673	-7.996	2.31	Standing Higher Freq
877	1575841284574	-0.666	-7.905	2.291	Standing Higher Freq
878	1575841284577	-0.663	-7.824	2.243	Standing Higher Freq
879	1575841284580	-0.644	-7.747	2.167	Standing Higher Freq
880	1575841284582	-0.606	-7.671	2.076	Standing Higher Freq
881	1575841284585	-0.584	-7.599	1.963	Standing Higher Freq
882	1575841284586	-0.582	-7.558	1.848	Standing Higher Freq
883	1575841284588	-0.587	-7.527	1.769	Standing Higher Freq
884	1575841284591	-0.589	-7.489	1.712	Standing Higher Freq
885	1575841284593	-0.548	-7.314	1.566	Standing Higher Freq
886	1575841284596	-0.436	-6.931	1.211	Standing Higher Freq
887	1575841284603	-0.385	-6.814	0.958	Standing Higher Freq
888	1575841284604	-0.462	-7.23	1.118	Standing Higher Freq
889	1575841284606	-0.572	-7.778	1.458	Standing Higher Freq
890	1575841284607	-0.687	-8.145	1.76	Standing Higher Freq
891	1575841284608	-0.814	-8.276	2.069	Standing Higher Freq
892	1575841284610	-0.915	-8.264	2.365	Standing Higher Freq
893	1575841284614	-0.948	-8.238	2.555	Standing Higher Freq
894	1575841284615	-0.946	-8.185	2.655	Standing Higher Freq
895	1575841284618	-0.953	-8.118	2.691	Standing Higher Freq
896	1575841284620	-0.965	-8.087	2.665	Standing Higher Freq
897	1575841284623	-1.006	-8.102	2.595	Standing Higher Freq
898	1575841284625	-1.032	-8.15	2.492	Standing Higher Freq
899	1575841284628	-1.056	-8.195	2.387	Standing Higher Freq
900	1575841284631	-1.096	-8.212	2.26	Standing Higher Freq
901	1575841284632	-1.092	-8.224	2.128	Standing Higher Freq
902	1575841284635	-1.075	-8.226	1.963	Standing Higher Freq
903	1575841284637	-1.058	-8.288	1.827	Standing Higher Freq
904	1575841284640	-1.053	-8.43	1.75	Standing Higher Freq
905	1575841284642	-1.092	-8.545	1.64	Standing Higher Freq
906	1575841284645	-1.156	-8.657	1.556	Standing Higher Freq
907	1575841284649	-1.226	-8.805	1.508	Standing Higher Freq
908	1575841284650	-1.293	-8.954	1.393	Standing Higher Freq
909	1575841284652	-1.401	-9.04	1.219	Standing Higher Freq
910	1575841284655	-1.499	-9.095	1.113	Standing Higher Freq
911	1575841284658	-1.501	-9.145	1.065	Standing Higher Freq
912	1575841284660	-1.458	-9.193	1.025	Standing Higher Freq
913	1575841284662	-1.424	-9.198	0.989	Standing Higher Freq
914	1575841284665	-1.362	-9.189	0.972	Standing Higher Freq
915	1575841284667	-1.29	-9.256	0.972	Standing Higher Freq
916	1575841284670	-1.231	-9.287	1.017	Standing Higher Freq
917	1575841284672	-1.144	-9.378	1.013	Standing Higher Freq
918	1575841284675	-1.063	-9.533	0.953	Standing Higher Freq
919	1575841284677	-0.984	-9.742	0.931	Standing Higher Freq
920	1575841284679	-0.903	-9.947	0.883	Standing Higher Freq
921	1575841284682	-0.816	-10.019	0.876	Standing Higher Freq
922	1575841284684	-0.658	-10.041	0.869	Standing Higher Freq
923	1575841284686	-0.491	-10.06	0.79	Standing Higher Freq
924	1575841284689	-0.342	-10.005	0.701	Standing Higher Freq
925	1575841284691	-0.223	-9.883	0.601	Standing Higher Freq
926	1575841284695	-0.153	-9.804	0.524	Standing Higher Freq
927	1575841284697	-0.124	-9.768	0.486	Standing Higher Freq
928	1575841284699	-0.16	-9.744	0.441	Standing Higher Freq
929	1575841284702	-0.225	-9.694	0.417	Standing Higher Freq
930	1575841284704	-0.273	-9.634	0.421	Standing Higher Freq
931	1575841284707	-0.335	-9.574	0.414	Standing Higher Freq
932	1575841284709	-0.369	-9.49	0.412	Standing Higher Freq
933	1575841284713	-0.395	-9.411	0.429	Standing Higher Freq
934	1575841284715	-0.46	-9.361	0.46	Standing Higher Freq
935	1575841284717	-0.515	-9.359	0.474	Standing Higher Freq
936	1575841284718	-0.613	-9.402	0.469	Standing Higher Freq
937	1575841284722	-0.783	-9.402	0.531	Standing Higher Freq
938	1575841284724	-0.986	-9.418	0.594	Standing Higher Freq
939	1575841284726	-1.18	-9.481	0.656	Standing Higher Freq
940	1575841284728	-1.336	-9.517	0.749	Standing Higher Freq
941	1575841284733	-1.441	-9.552	0.898	Standing Higher Freq
942	1575841284735	-1.477	-9.526	1.096	Standing Higher Freq
943	1575841284736	-1.484	-9.464	1.235	Standing Higher Freq
944	1575841284740	-1.487	-9.461	1.336	Standing Higher Freq
945	1575841284741	-1.453	-9.469	1.413	Standing Higher Freq
946	1575841284744	-1.391	-9.45	1.432	Standing Higher Freq
947	1575841284746	-1.331	-9.488	1.401	Standing Higher Freq
948	1575841284750	-1.247	-9.548	1.362	Standing Higher Freq
949	1575841284751	-1.147	-9.569	1.317	Standing Higher Freq
950	1575841284753	-1.034	-9.574	1.259	Standing Higher Freq
951	1575841284755	-0.912	-9.579	1.192	Standing Higher Freq
952	1575841284758	-0.8	-9.588	1.087	Standing Higher Freq
953	1575841284761	-0.685	-9.596	0.924	Standing Higher Freq
954	1575841284763	-0.555	-9.598	0.697	Standing Higher Freq
955	1575841284767	-0.417	-9.648	0.476	Standing Higher Freq
956	1575841284768	-0.285	-9.698	0.287	Standing Higher Freq
957	1575841284771	-0.158	-9.677	0.096	Standing Higher Freq
958	1575841284772	-0.05	-9.639	-0.098	Standing Higher Freq
959	1575841284776	0.01	-9.619	-0.261	Standing Higher Freq
960	1575841284778	0.036	-9.619	-0.371	Standing Higher Freq
961	1575841284781	0.014	-9.655	-0.464	Standing Higher Freq
962	1575841284783	-0.05	-9.679	-0.572	Standing Higher Freq
963	1575841284787	-0.139	-9.687	-0.687	Standing Higher Freq
964	1575841284788	-0.242	-9.708	-0.773	Standing Higher Freq
965	1575841284789	-0.333	-9.71	-0.831	Standing Higher Freq
966	1575841284792	-0.412	-9.713	-0.85	Standing Higher Freq
967	1575841284794	-0.457	-9.72	-0.852	Standing Higher Freq
968	1575841284798	-0.476	-9.701	-0.893	Standing Higher Freq
969	1575841284800	-0.474	-9.641	-0.994	Standing Higher Freq
970	1575841284802	-0.457	-9.581	-1.068	Standing Higher Freq
971	1575841284805	-0.443	-9.543	-1.073	Standing Higher Freq
972	1575841284807	-0.421	-9.483	-1.051	Standing Higher Freq
973	1575841284812	-0.397	-9.476	-0.996	Standing Higher Freq
974	1575841284813	-0.364	-9.502	-0.946	Standing Higher Freq
975	1575841284815	-0.338	-9.497	-0.91	Standing Higher Freq
976	1575841284817	-0.326	-9.557	-0.828	Standing Higher Freq
977	1575841284821	-0.316	-9.648	-0.675	Standing Higher Freq
978	1575841284822	-0.275	-9.715	-0.498	Standing Higher Freq
979	1575841284827	-0.223	-9.766	-0.359	Standing Higher Freq
980	1575841284828	-0.127	-9.804	-0.218	Standing Higher Freq
981	1575841284832	0.014	-9.878	-0.034	Standing Higher Freq
982	1575841284833	0.17	-9.962	0.11	Standing Higher Freq
983	1575841284835	0.33	-10.005	0.23	Standing Higher Freq
984	1575841284838	0.479	-10.01	0.345	Standing Higher Freq
985	1575841284841	0.608	-10.05	0.395	Standing Higher Freq
986	1575841284842	0.709	-10.151	0.402	Standing Higher Freq
987	1575841284845	0.783	-10.196	0.4	Standing Higher Freq
988	1575841284847	0.785	-10.22	0.373	Standing Higher Freq
989	1575841284849	0.711	-10.29	0.33	Standing Higher Freq
990	1575841284853	0.584	-10.402	0.347	Standing Higher Freq
991	1575841284854	0.443	-10.568	0.395	Standing Higher Freq
992	1575841284856	0.309	-10.735	0.376	Standing Higher Freq
993	1575841284859	0.208	-10.826	0.369	Standing Higher Freq
994	1575841284862	0.151	-10.845	0.388	Standing Higher Freq
995	1575841284864	0.108	-10.843	0.357	Standing Higher Freq
996	1575841284866	0.057	-10.836	0.297	Standing Higher Freq
997	1575841284868	-0.031	-10.795	0.23	Standing Higher Freq
998	1575841284873	-0.141	-10.776	0.12	Standing Higher Freq
999	1575841284874	-0.261	-10.764	-0.017	Standing Higher Freq
1000	1575841284876	-0.373	-10.752	-0.139	Standing Higher Freq
1001	1575841284879	-0.462	-10.738	-0.278	Standing Higher Freq
1002	1575841284881	-0.551	-10.694	-0.441	Standing Higher Freq
1003	1575841284886	-0.642	-10.651	-0.599	Standing Higher Freq
1004	1575841284889	-0.737	-10.651	-0.74	Standing Higher Freq
1005	1575841284890	-0.833	-10.651	-0.879	Standing Higher Freq
1006	1575841284891	-0.912	-10.639	-1.013	Standing Higher Freq
1007	1575841284892	-0.958	-10.649	-1.111	Standing Higher Freq
1008	1575841284898	-0.996	-10.656	-1.168	Standing Higher Freq
1009	1575841284899	-1.015	-10.678	-1.164	Standing Higher Freq
1010	1575841284900	-0.986	-10.706	-1.137	Standing Higher Freq
1011	1575841284904	-0.938	-10.738	-1.106	Standing Higher Freq
1012	1575841284905	-0.869	-10.745	-1.029	Standing Higher Freq
1013	1575841284908	-0.761	-10.761	-0.95	Standing Higher Freq
1014	1575841284911	-0.651	-10.807	-0.874	Standing Higher Freq
1015	1575841284913	-0.527	-10.831	-0.778	Standing Higher Freq
1016	1575841284915	-0.388	-10.819	-0.663	Standing Higher Freq
1017	1575841284920	-0.263	-10.785	-0.534	Standing Higher Freq
1018	1575841284921	-0.129	-10.721	-0.419	Standing Higher Freq
1019	1575841284923	0.017	-10.635	-0.321	Standing Higher Freq
1020	1575841284926	0.127	-10.536	-0.194	Standing Higher Freq
1021	1575841284927	0.203	-10.453	-0.057	Standing Higher Freq
1022	1575841284931	0.256	-10.424	0.062	Standing Higher Freq
1023	1575841284933	0.275	-10.402	0.189	Standing Higher Freq
1024	1575841284935	0.271	-10.357	0.294	Standing Higher Freq
1025	1575841284938	0.261	-10.299	0.383	Standing Higher Freq
1026	1575841284940	0.242	-10.235	0.484	Standing Higher Freq
1027	1575841284942	0.218	-10.201	0.565	Standing Higher Freq
1028	1575841284944	0.206	-10.184	0.613	Standing Higher Freq
1029	1575841284950	0.175	-10.151	0.646	Standing Higher Freq
1030	1575841284951	0.129	-10.098	0.685	Standing Higher Freq
1031	1575841284952	0.089	-10.043	0.709	Standing Higher Freq
1032	1575841284955	0.05	-9.964	0.699	Standing Higher Freq
1033	1575841284957	0.019	-9.845	0.675	Standing Higher Freq
1034	1575841284959	0.014	-9.756	0.651	Standing Higher Freq
1035	1575841284962	-0.01	-9.694	0.587	Standing Higher Freq
1036	1575841284964	-0.072	-9.634	0.496	Standing Higher Freq
1037	1575841284966	-0.136	-9.572	0.417	Standing Higher Freq
1038	1575841284969	-0.208	-9.526	0.338	Standing Higher Freq
1039	1575841284972	-0.287	-9.497	0.256	Standing Higher Freq
1040	1575841284975	-0.364	-9.464	0.175	Standing Higher Freq
1041	1575841284976	-0.426	-9.411	0.113	Standing Higher Freq
1042	1575841284981	-0.476	-9.371	0.074	Standing Higher Freq
1043	1575841284982	-0.5	-9.363	0.05	Standing Higher Freq
1044	1575841284984	-0.512	-9.361	0.019	Standing Higher Freq
1045	1575841284988	-0.52	-9.347	-0.01	Standing Higher Freq
1046	1575841284989	-0.496	-9.356	-0.043	Standing Higher Freq
1047	1575841284991	-0.496	-9.378	-0.105	Standing Higher Freq
1048	1575841284995	-0.512	-9.402	-0.17	Standing Higher Freq
1049	1575841284996	-0.515	-9.421	-0.227	Standing Higher Freq
1050	1575841285000	-0.512	-9.43	-0.311	Standing Higher Freq
1051	1575841285001	-0.512	-9.423	-0.381	Standing Higher Freq
1052	1575841285004	-0.508	-9.397	-0.431	Standing Higher Freq
1053	1575841285006	-0.5	-9.382	-0.467	Standing Higher Freq
1054	1575841285009	-0.496	-9.371	-0.474	Standing Higher Freq
1055	1575841285011	-0.476	-9.356	-0.462	Standing Higher Freq
1056	1575841285013	-0.467	-9.368	-0.445	Standing Higher Freq
1057	1575841285016	-0.481	-9.399	-0.417	Standing Higher Freq
1058	1575841285018	-0.496	-9.447	-0.369	Standing Higher Freq
1059	1575841285021	-0.524	-9.497	-0.316	Standing Higher Freq
1060	1575841285024	-0.546	-9.524	-0.261	Standing Higher Freq
1061	1575841285026	-0.543	-9.536	-0.187	Standing Higher Freq
1062	1575841285030	-0.539	-9.54	-0.079	Standing Higher Freq
1063	1575841285031	-0.51	-9.55	0.017	Standing Higher Freq
1064	1575841285035	-0.484	-9.557	0.11	Standing Higher Freq
1065	1575841285036	-0.467	-9.555	0.227	Standing Higher Freq
1066	1575841285038	-0.457	-9.576	0.34	Standing Higher Freq
1067	1575841285041	-0.479	-9.593	0.438	Standing Higher Freq
1068	1575841285043	-0.517	-9.603	0.539	Standing Higher Freq
1069	1575841285045	-0.558	-9.615	0.615	Standing Higher Freq
1070	1575841285049	-0.584	-9.627	0.68	Standing Higher Freq
1071	1575841285051	-0.603	-9.643	0.733	Standing Higher Freq
1072	1575841285052	-0.622	-9.648	0.745	Standing Higher Freq
1073	1575841285058	-0.644	-9.651	0.742	Standing Higher Freq
1074	1575841285059	-0.687	-9.67	0.735	Standing Higher Freq
1075	1575841285060	-0.749	-9.694	0.725	Standing Higher Freq
1076	1575841285062	-0.802	-9.722	0.723	Standing Higher Freq
1077	1575841285064	-0.828	-9.749	0.701	Standing Higher Freq
1078	1575841285068	-0.859	-9.777	0.615	Standing Higher Freq
1079	1575841285070	-0.922	-9.773	0.536	Standing Higher Freq
1080	1575841285072	-0.943	-9.787	0.529	Standing Higher Freq
1081	1575841285075	-0.922	-9.845	0.488	Standing Higher Freq
1082	1575841285077	-0.924	-9.857	0.362	Standing Higher Freq
1083	1575841285080	-0.929	-9.837	0.294	Standing Higher Freq
1084	1575841285082	-0.929	-9.825	0.256	Standing Higher Freq
1085	1575841285084	-0.931	-9.823	0.18	Standing Higher Freq
1086	1575841285088	-0.931	-9.811	0.132	Standing Higher Freq
1087	1575841285089	-0.922	-9.782	0.081	Standing Higher Freq
1088	1575841285092	-0.91	-9.758	0.022	Standing Higher Freq
1089	1575841285094	-0.888	-9.751	-0.026	Standing Higher Freq
1090	1575841285098	-0.867	-9.775	-0.077	Standing Higher Freq
1091	1575841285100	-0.85	-9.828	-0.108	Standing Higher Freq
1092	1575841285103	-0.812	-9.868	-0.127	Standing Higher Freq
1093	1575841285104	-0.745	-9.883	-0.134	Standing Higher Freq
1094	1575841285107	-0.663	-9.849	-0.11	Standing Higher Freq
1095	1575841285109	-0.582	-9.801	-0.091	Standing Higher Freq
1096	1575841285116	-0.488	-9.749	-0.067	Standing Higher Freq
1097	1575841285117	-0.397	-9.722	-0.026	Standing Higher Freq
1098	1575841285118	-0.316	-9.713	0.012	Standing Higher Freq
1099	1575841285122	-0.254	-9.689	0.077	Standing Higher Freq
1100	1575841285123	-0.201	-9.67	0.184	Standing Higher Freq
1101	1575841285124	-0.153	-9.658	0.292	Standing Higher Freq
1102	1575841285126	-0.12	-9.643	0.388	Standing Higher Freq
1103	1575841285131	-0.103	-9.631	0.481	Standing Higher Freq
1104	1575841285132	-0.093	-9.631	0.582	Standing Higher Freq
1105	1575841285134	-0.11	-9.622	0.706	Standing Higher Freq
1106	1575841285136	-0.165	-9.605	0.816	Standing Higher Freq
1107	1575841285140	-0.223	-9.6	0.855	Standing Higher Freq
1108	1575841285141	-0.266	-9.588	0.864	Standing Higher Freq
1109	1575841285143	-0.316	-9.598	0.907	Standing Higher Freq
1110	1575841285146	-0.39	-9.639	0.967	Standing Higher Freq
1111	1575841285148	-0.45	-9.667	0.996	Standing Higher Freq
1112	1575841285152	-0.491	-9.677	0.97	Standing Higher Freq
1113	1575841285153	-0.541	-9.672	0.955	Standing Higher Freq
1114	1575841285157	-0.584	-9.67	0.927	Standing Higher Freq
1115	1575841285158	-0.649	-9.706	0.857	Standing Higher Freq
1116	1575841285161	-0.716	-9.746	0.804	Standing Higher Freq
1117	1575841285163	-0.771	-9.754	0.752	Standing Higher Freq
1118	1575841285165	-0.821	-9.754	0.678	Standing Higher Freq
1119	1575841285169	-0.864	-9.758	0.584	Standing Higher Freq
1120	1575841285173	-0.915	-9.785	0.534	Standing Higher Freq
1121	1575841285174	-0.962	-9.775	0.474	Standing Higher Freq
1122	1575841285175	-1.013	-9.727	0.373	Standing Higher Freq
1123	1575841285178	-1.075	-9.72	0.34	Standing Higher Freq
1124	1575841285180	-1.13	-9.737	0.33	Standing Higher Freq
1125	1575841285182	-1.166	-9.73	0.299	Standing Higher Freq
1126	1575841285186	-1.185	-9.696	0.309	Standing Higher Freq
1127	1575841285187	-1.171	-9.653	0.306	Standing Higher Freq
1128	1575841285190	-1.176	-9.672	0.362	Standing Higher Freq
1129	1575841285192	-1.18	-9.706	0.493	Standing Higher Freq
1130	1575841285194	-1.154	-9.689	0.591	Standing Higher Freq
1131	1575841285197	-1.104	-9.653	0.615	Standing Higher Freq
1132	1575841285201	-1.051	-9.639	0.644	Standing Higher Freq
1133	1575841285202	-1.022	-9.643	0.699	Standing Higher Freq
1134	1575841285205	-0.977	-9.603	0.764	Standing Higher Freq
1135	1575841285207	-0.922	-9.552	0.816	Standing Higher Freq
1136	1575841285211	-0.886	-9.555	0.871	Standing Higher Freq
1137	1575841285212	-0.84	-9.555	0.943	Standing Higher Freq
1138	1575841285214	-0.788	-9.531	0.967	Standing Higher Freq
1139	1575841285216	-0.735	-9.509	0.989	Standing Higher Freq
1140	1575841285220	-0.685	-9.519	0.974	Standing Higher Freq
1141	1575841285222	-0.622	-9.54	0.941	Standing Higher Freq
1142	1575841285225	-0.546	-9.557	0.91	Standing Higher Freq
1143	1575841285226	-0.503	-9.562	0.881	Standing Higher Freq
1144	1575841285230	-0.46	-9.56	0.838	Standing Higher Freq
1145	1575841285232	-0.414	-9.576	0.752	Standing Higher Freq
1146	1575841285236	-0.405	-9.603	0.685	Standing Higher Freq
1147	1575841285237	-0.393	-9.629	0.649	Standing Higher Freq
1148	1575841285239	-0.395	-9.667	0.599	Standing Higher Freq
1149	1575841285244	-0.397	-9.691	0.565	Standing Higher Freq
1150	1575841285245	-0.414	-9.708	0.52	Standing Higher Freq
1151	1575841285246	-0.436	-9.734	0.503	Standing Higher Freq
1152	1575841285250	-0.448	-9.737	0.51	Standing Higher Freq
1153	1575841285252	-0.462	-9.725	0.498	Standing Higher Freq
1154	1575841285254	-0.481	-9.722	0.498	Standing Higher Freq
1155	1575841285256	-0.503	-9.727	0.529	Standing Higher Freq
1156	1575841285260	-0.524	-9.751	0.57	Standing Higher Freq
1157	1575841285261	-0.56	-9.809	0.584	Standing Higher Freq
1158	1575841285264	-0.599	-9.892	0.61	Standing Higher Freq
1159	1575841285266	-0.625	-9.983	0.622	Standing Higher Freq
1160	1575841285269	-0.668	-10.058	0.63	Standing Higher Freq
1161	1575841285271	-0.711	-10.11	0.678	Standing Higher Freq
1162	1575841285274	-0.735	-10.132	0.716	Standing Higher Freq
1163	1575841285275	-0.752	-10.132	0.728	Standing Higher Freq
1164	1575841285280	-0.757	-10.127	0.754	Standing Higher Freq
1165	1575841285281	-0.764	-10.115	0.8	Standing Higher Freq
1166	1575841285285	-0.785	-10.101	0.84	Standing Higher Freq
1167	1575841285286	-0.814	-10.079	0.857	Standing Higher Freq
1168	1575841285288	-0.867	-10.048	0.867	Standing Higher Freq
1169	1575841285290	-0.917	-10.01	0.859	Standing Higher Freq
1170	1575841285292	-0.948	-9.981	0.821	Standing Higher Freq
1171	1575841285296	-0.979	-9.959	0.764	Standing Higher Freq
1172	1575841285298	-1.032	-9.936	0.682	Standing Higher Freq
1173	1575841285300	-1.111	-9.909	0.608	Standing Higher Freq
1174	1575841285303	-1.202	-9.904	0.57	Standing Higher Freq
1175	1575841285307	-1.29	-9.928	0.56	Standing Higher Freq
1176	1575841285308	-1.329	-9.914	0.527	Standing Higher Freq
1177	1575841285310	-1.3	-9.821	0.448	Standing Higher Freq
1178	1575841285313	-1.266	-9.744	0.352	Standing Higher Freq
1179	1575841285315	-1.238	-9.722	0.237	Standing Higher Freq
1180	1575841285319	-1.197	-9.698	0.136	Standing Higher Freq
1181	1575841285321	-1.166	-9.682	0.06	Standing Higher Freq
1182	1575841285322	-1.12	-9.663	0.041	Standing Higher Freq
1183	1575841285326	-1.075	-9.639	0.065	Standing Higher Freq
1184	1575841285328	-1.025	-9.624	0.069	Standing Higher Freq
1185	1575841285331	-0.95	-9.591	0.05	Standing Higher Freq
1186	1575841285332	-0.85	-9.562	0.005	Standing Higher Freq
1187	1575841285337	-0.733	-9.526	-0.077	Standing Higher Freq
1188	1575841285338	-0.589	-9.481	-0.16	Standing Higher Freq
1189	1575841285340	-0.431	-9.471	-0.203	Standing Higher Freq
1190	1575841285343	-0.299	-9.505	-0.211	Standing Higher Freq
1191	1575841285345	-0.196	-9.564	-0.18	Standing Higher Freq
1192	1575841285347	-0.11	-9.61	-0.165	Standing Higher Freq
1193	1575841285349	-0.038	-9.615	-0.168	Standing Higher Freq
1194	1575841285352	0.017	-9.6	-0.158	Standing Higher Freq
1195	1575841285354	0.069	-9.593	-0.175	Standing Higher Freq
1196	1575841285358	0.091	-9.603	-0.199	Standing Higher Freq
1197	1575841285359	0.079	-9.636	-0.237	Standing Higher Freq
1198	1575841285363	0.053	-9.665	-0.28	Standing Higher Freq
1199	1575841285364	0.005	-9.713	-0.297	Standing Higher Freq
1200	1575841285366	-0.089	-9.785	-0.292	Standing Higher Freq
1201	1575841285369	-0.192	-9.845	-0.292	Standing Higher Freq
1202	1575841285371	-0.294	-9.873	-0.29	Standing Higher Freq
1203	1575841285374	-0.4	-9.907	-0.266	Standing Higher Freq
1204	1575841285376	-0.476	-9.931	-0.244	Standing Higher Freq
1205	1575841285379	-0.563	-9.945	-0.211	Standing Higher Freq
1206	1575841285382	-0.654	-9.979	-0.151	Standing Higher Freq
1207	1575841285385	-0.713	-9.983	-0.093	Standing Higher Freq
1208	1575841285388	-0.766	-9.967	-0.038	Standing Higher Freq
1209	1575841285389	-0.812	-9.947	0.029	Standing Higher Freq
1210	1575841285406	-0.833	-9.928	0.101	Standing Higher Freq
1211	1575841285407	-0.845	-9.902	0.158	Standing Higher Freq
1212	1575841285408	-0.814	-9.857	0.175	Standing Higher Freq
1213	1575841285409	-0.776	-9.804	0.177	Standing Higher Freq
1214	1575841285410	-0.742	-9.777	0.17	Standing Higher Freq
1215	1575841285411	-0.68	-9.773	0.187	Standing Higher Freq
1216	1575841285412	-0.61	-9.768	0.215	Standing Higher Freq
1217	1575841285413	-0.551	-9.777	0.235	Standing Higher Freq
1218	1575841285414	-0.484	-9.794	0.249	Standing Higher Freq
1219	1575841285415	-0.424	-9.785	0.225	Standing Higher Freq
1220	1575841285419	-0.364	-9.766	0.182	Standing Higher Freq
1221	1575841285420	-0.318	-9.768	0.122	Standing Higher Freq
1222	1575841285421	-0.283	-9.787	0.06	Standing Higher Freq
1223	1575841285423	-0.235	-9.811	0.036	Standing Higher Freq
1224	1575841285425	-0.17	-9.845	0.012	Standing Higher Freq
1225	1575841285427	-0.101	-9.888	0.002	Standing Higher Freq
1226	1575841285429	-0.022	-9.931	0.031	Standing Higher Freq
1227	1575841285432	0.048	-9.974	0.055	Standing Higher Freq
1228	1575841285437	0.117	-9.993	0.081	Standing Higher Freq
1229	1575841285438	0.194	-9.979	0.105	Standing Higher Freq
1230	1575841285439	0.244	-9.976	0.093	Standing Higher Freq
1231	1575841285441	0.268	-9.986	0.074	Standing Higher Freq
1232	1575841285444	0.285	-10.003	0.089	Standing Higher Freq
1233	1575841285446	0.287	-10.017	0.113	Standing Higher Freq
1234	1575841285449	0.285	-10.007	0.117	Standing Higher Freq
1235	1575841285452	0.287	-10.01	0.139	Standing Higher Freq
1236	1575841285454	0.261	-10.019	0.146	Standing Higher Freq
1237	1575841285457	0.203	-10.012	0.16	Standing Higher Freq
1238	1575841285459	0.132	-10.007	0.215	Standing Higher Freq
1239	1575841285462	0.048	-9.993	0.268	Standing Higher Freq
1240	1575841285465	-0.029	-9.971	0.354	Standing Higher Freq
1241	1575841285466	-0.103	-9.955	0.455	Standing Higher Freq
1242	1575841285469	-0.177	-9.955	0.505	Standing Higher Freq
1243	1575841285473	-0.249	-9.945	0.539	Standing Higher Freq
1244	1575841285474	-0.304	-9.916	0.582	Standing Higher Freq
1245	1575841285477	-0.338	-9.88	0.622	Standing Higher Freq
1246	1575841285479	-0.369	-9.857	0.651	Standing Higher Freq
1247	1575841285482	-0.419	-9.849	0.637	Standing Higher Freq
1248	1575841285483	-0.472	-9.847	0.608	Standing Higher Freq
1249	1575841285486	-0.51	-9.835	0.579	Standing Higher Freq
1250	1575841285488	-0.546	-9.806	0.536	Standing Higher Freq
1251	1575841285490	-0.587	-9.787	0.469	Standing Higher Freq
1252	1575841285493	-0.654	-9.804	0.383	Standing Higher Freq
1253	1575841285496	-0.716	-9.818	0.271	Standing Higher Freq
1254	1575841285498	-0.737	-9.782	0.156	Standing Higher Freq
1255	1575841285501	-0.752	-9.763	0.084	Standing Higher Freq
1256	1575841285503	-0.778	-9.777	0.031	Standing Higher Freq
1257	1575841285506	-0.809	-9.792	-0.005	Standing Higher Freq
1258	1575841285508	-0.792	-9.797	-0.065	Standing Higher Freq
1259	1575841285510	-0.666	-9.763	-0.048	Standing Higher Freq
1260	1575841285513	-0.522	-9.72	0.022	Standing Higher Freq
1261	1575841285515	-0.364	-9.703	0.026	Standing Higher Freq
1262	1575841285517	-0.048	-9.677	0.005	Standing Higher Freq
1263	1575841285520	0.172	-9.634	0.108	Standing Higher Freq
1264	1575841285523	0.136	-9.646	0.259	Standing Higher Freq
1265	1575841285525	0.01	-9.66	0.366	Standing Higher Freq
1266	1575841285527	-0.105	-9.667	0.498	Standing Higher Freq
1267	1575841285530	-0.151	-9.687	0.606	Standing Higher Freq
1268	1575841285533	-0.244	-9.737	0.733	Standing Higher Freq
1269	1575841285535	-0.417	-9.804	0.886	Standing Higher Freq
1270	1575841285537	-0.498	-9.835	0.97	Standing Higher Freq
1271	1575841285540	-0.587	-9.866	1.108	Standing Higher Freq
1272	1575841285542	-0.699	-9.9	1.235	Standing Higher Freq
1273	1575841285545	-0.766	-9.916	1.305	Standing Higher Freq
1274	1575841285547	-0.833	-9.9	1.379	Standing Higher Freq
1275	1575841285550	-0.879	-9.883	1.389	Standing Higher Freq
1276	1575841285553	-0.931	-9.909	1.415	Standing Higher Freq
1277	1575841285555	-0.955	-9.95	1.389	Standing Higher Freq
1278	1575841285557	-0.958	-9.95	1.334	Standing Higher Freq
1279	1575841285560	-0.97	-9.933	1.307	Standing Higher Freq
1280	1575841285563	-0.977	-9.936	1.238	Standing Higher Freq
1281	1575841285565	-0.972	-9.94	1.166	Standing Higher Freq
1282	1575841285567	-0.934	-9.912	1.089	Standing Higher Freq
1283	1575841285570	-0.883	-9.871	0.984	Standing Higher Freq
1284	1575841285572	-0.831	-9.828	0.912	Standing Higher Freq
1285	1575841285574	-0.769	-9.789	0.848	Standing Higher Freq
1286	1575841285577	-0.73	-9.754	0.773	Standing Higher Freq
1287	1575841285579	-0.723	-9.689	0.673	Standing Higher Freq
1288	1575841285582	-0.725	-9.629	0.57	Standing Higher Freq
1289	1575841285584	-0.721	-9.612	0.472	Standing Higher Freq
1290	1575841285586	-0.697	-9.6	0.371	Standing Higher Freq
1291	1575841285589	-0.668	-9.591	0.306	Standing Higher Freq
1292	1575841285591	-0.637	-9.584	0.275	Standing Higher Freq
1293	1575841285594	-0.596	-9.552	0.251	Standing Higher Freq
1294	1575841285597	-0.551	-9.526	0.251	Standing Higher Freq
1295	1575841285599	-0.508	-9.509	0.283	Standing Higher Freq
1296	1575841285601	-0.464	-9.505	0.323	Standing Higher Freq
1297	1575841285604	-0.436	-9.493	0.366	Standing Higher Freq
1298	1575841285606	-0.407	-9.461	0.424	Standing Higher Freq
1299	1575841285609	-0.405	-9.454	0.498	Standing Higher Freq
1300	1575841285611	-0.4	-9.457	0.57	Standing Higher Freq
1301	1575841285614	-0.385	-9.452	0.654	Standing Higher Freq
1302	1575841285616	-0.376	-9.445	0.73	Standing Higher Freq
1303	1575841285619	-0.354	-9.452	0.8	Standing Higher Freq
1304	1575841285621	-0.318	-9.473	0.871	Standing Higher Freq
1305	1575841285624	-0.285	-9.497	0.934	Standing Higher Freq
1306	1575841285626	-0.251	-9.536	0.979	Standing Higher Freq
1307	1575841285629	-0.203	-9.555	1.027	Standing Higher Freq
1308	1575841285631	-0.172	-9.555	1.073	Standing Higher Freq
1309	1575841285633	-0.158	-9.574	1.094	Standing Higher Freq
1310	1575841285636	-0.175	-9.6	1.106	Standing Higher Freq
1311	1575841285638	-0.227	-9.612	1.108	Standing Higher Freq
1312	1575841285641	-0.306	-9.619	1.111	Standing Higher Freq
1313	1575841285643	-0.393	-9.651	1.125	Standing Higher Freq
1314	1575841285646	-0.469	-9.691	1.125	Standing Higher Freq
1315	1575841285648	-0.555	-9.73	1.116	Standing Higher Freq
1316	1575841285650	-0.627	-9.785	1.104	Standing Higher Freq
1317	1575841285653	-0.682	-9.821	1.099	Standing Higher Freq
1318	1575841285655	-0.737	-9.825	1.128	Standing Higher Freq
1319	1575841285658	-0.783	-9.837	1.152	Standing Higher Freq
1320	1575841285660	-0.824	-9.878	1.149	Standing Higher Freq
1321	1575841285663	-0.871	-9.902	1.166	Standing Higher Freq
1322	1575841285665	-0.893	-9.919	1.192	Standing Higher Freq
1323	1575841285667	-0.9	-9.919	1.207	Standing Higher Freq
1324	1575841285670	-0.905	-9.883	1.235	Standing Higher Freq
1325	1575841285673	-0.898	-9.847	1.226	Standing Higher Freq
1326	1575841285675	-0.9	-9.837	1.214	Standing Higher Freq
1327	1575841285677	-0.9	-9.847	1.185	Standing Higher Freq
1328	1575841285680	-0.879	-9.845	1.135	Standing Higher Freq
1329	1575841285683	-0.828	-9.821	1.123	Standing Higher Freq
1330	1575841285685	-0.759	-9.794	1.106	Standing Higher Freq
1331	1575841285687	-0.69	-9.782	1.07	Standing Higher Freq
1332	1575841285689	-0.61	-9.785	1.017	Standing Higher Freq
1333	1575841285691	-0.529	-9.761	0.962	Standing Higher Freq
1334	1575841285694	-0.467	-9.72	0.929	Standing Higher Freq
1335	1575841285697	-0.407	-9.696	0.905	Standing Higher Freq
1336	1575841285699	-0.354	-9.658	0.864	Standing Higher Freq
1337	1575841285702	-0.34	-9.631	0.814	Standing Higher Freq
1338	1575841285704	-0.378	-9.634	0.769	Standing Higher Freq
1339	1575841285707	-0.419	-9.629	0.728	Standing Higher Freq
1340	1575841285709	-0.421	-9.593	0.678	Standing Higher Freq
1341	1575841285712	-0.393	-9.545	0.661	Standing Higher Freq
1342	1575841285714	-0.362	-9.512	0.661	Standing Higher Freq
1343	1575841285717	-0.354	-9.481	0.666	Standing Higher Freq
1344	1575841285719	-0.34	-9.457	0.699	Standing Higher Freq
1345	1575841285721	-0.302	-9.442	0.749	Standing Higher Freq
1346	1575841285724	-0.266	-9.409	0.816	Standing Higher Freq
1347	1575841285726	-0.251	-9.39	0.881	Standing Higher Freq
1348	1575841285729	-0.235	-9.385	0.948	Standing Higher Freq
1349	1575841285731	-0.23	-9.399	1.029	Standing Higher Freq
1350	1575841285734	-0.237	-9.426	1.108	Standing Higher Freq
1351	1575841285736	-0.249	-9.44	1.178	Standing Higher Freq
1352	1575841285739	-0.28	-9.447	1.226	Standing Higher Freq
1353	1575841285741	-0.338	-9.459	1.259	Standing Higher Freq
1354	1575841285744	-0.4	-9.478	1.269	Standing Higher Freq
1355	1575841285746	-0.457	-9.481	1.264	Standing Higher Freq
1356	1575841285749	-0.531	-9.476	1.271	Standing Higher Freq
1357	1575841285751	-0.599	-9.478	1.276	Standing Higher Freq
1358	1575841285754	-0.658	-9.478	1.204	Standing Higher Freq
1359	1575841285756	-0.718	-9.497	1.125	Standing Higher Freq
1360	1575841285758	-0.761	-9.529	1.099	Standing Higher Freq
1361	1575841285761	-0.809	-9.564	1.053	Standing Higher Freq
1362	1575841285763	-0.848	-9.596	1.013	Standing Higher Freq
1363	1575841285765	-0.852	-9.593	1.003	Standing Higher Freq
1364	1575841285768	-0.838	-9.576	0.986	Standing Higher Freq
1365	1575841285771	-0.812	-9.581	0.962	Standing Higher Freq
1366	1575841285773	-0.788	-9.588	0.943	Standing Higher Freq
1367	1575841285775	-0.766	-9.564	0.905	Standing Higher Freq
1368	1575841285778	-0.725	-9.531	0.891	Standing Higher Freq
1369	1575841285781	-0.663	-9.517	0.893	Standing Higher Freq
1370	1575841285782	-0.608	-9.495	0.883	Standing Higher Freq
1371	1575841285785	-0.565	-9.469	0.886	Standing Higher Freq
1372	1575841285787	-0.541	-9.464	0.879	Standing Higher Freq
1373	1575841285790	-0.522	-9.464	0.867	Standing Higher Freq
1374	1575841285792	-0.508	-9.459	0.883	Standing Higher Freq
1375	1575841285795	-0.498	-9.464	0.907	Standing Higher Freq
1376	1575841285797	-0.481	-9.461	0.931	Standing Higher Freq
1377	1575841285800	-0.464	-9.447	0.962	Standing Higher Freq
1378	1575841285802	-0.457	-9.457	1.006	Standing Higher Freq
1379	1575841285805	-0.469	-9.461	1.051	Standing Higher Freq
1380	1575841285807	-0.474	-9.457	1.099	Standing Higher Freq
1381	1575841285810	-0.46	-9.469	1.135	Standing Higher Freq
1382	1575841285812	-0.443	-9.476	1.156	Standing Higher Freq
1383	1575841285815	-0.436	-9.5	1.171	Standing Higher Freq
1384	1575841285817	-0.445	-9.521	1.18	Standing Higher Freq
1385	1575841285819	-0.46	-9.519	1.211	Standing Higher Freq
1386	1575841285822	-0.467	-9.529	1.247	Standing Higher Freq
1387	1575841285824	-0.472	-9.55	1.259	Standing Higher Freq
1388	1575841285827	-0.488	-9.598	1.274	Standing Higher Freq
1389	1575841285830	-0.496	-9.648	1.283	Standing Higher Freq
1390	1575841285831	-0.508	-9.675	1.276	Standing Higher Freq
1391	1575841285834	-0.534	-9.71	1.286	Standing Higher Freq
1392	1575841285837	-0.56	-9.742	1.302	Standing Higher Freq
1393	1575841285839	-0.553	-9.761	1.302	Standing Higher Freq
1394	1575841285842	-0.534	-9.775	1.298	Standing Higher Freq
1395	1575841285844	-0.503	-9.789	1.298	Standing Higher Freq
1396	1575841285847	-0.469	-9.804	1.3	Standing Higher Freq
1397	1575841285849	-0.464	-9.797	1.3	Standing Higher Freq
1398	1575841285851	-0.455	-9.806	1.295	Standing Higher Freq
1399	1575841285854	-0.424	-9.818	1.31	Standing Higher Freq
1400	1575841285857	-0.385	-9.804	1.326	Standing Higher Freq
1401	1575841285859	-0.34	-9.792	1.329	Standing Higher Freq
1402	1575841285861	-0.297	-9.787	1.336	Standing Higher Freq
1403	1575841285863	-0.271	-9.77	1.355	Standing Higher Freq
1404	1575841285866	-0.227	-9.775	1.377	Standing Higher Freq
1405	1575841285868	-0.199	-9.799	1.41	Standing Higher Freq
1406	1575841285871	-0.184	-9.811	1.429	Standing Higher Freq
1407	1575841285873	-0.172	-9.816	1.436	Standing Higher Freq
1408	1575841285876	-0.18	-9.816	1.468	Standing Higher Freq
1409	1575841285880	-0.175	-9.823	1.501	Standing Higher Freq
1410	1575841285881	-0.172	-9.828	1.523	Standing Higher Freq
1411	1575841285883	-0.168	-9.833	1.544	Standing Higher Freq
1412	1575841285885	-0.151	-9.849	1.561	Standing Higher Freq
1413	1575841285887	-0.136	-9.852	1.566	Standing Higher Freq
1414	1575841285890	-0.136	-9.84	1.587	Standing Higher Freq
1415	1575841285893	-0.134	-9.847	1.626	Standing Higher Freq
1416	1575841285895	-0.12	-9.854	1.638	Standing Higher Freq
1417	1575841285897	-0.129	-9.835	1.628	Standing Higher Freq
1418	1575841285900	-0.139	-9.813	1.606	Standing Higher Freq
1419	1575841285903	-0.141	-9.813	1.602	Standing Higher Freq
1420	1575841285905	-0.163	-9.813	1.611	Standing Higher Freq
1421	1575841285907	-0.18	-9.809	1.602	Standing Higher Freq
1422	1575841285910	-0.182	-9.828	1.573	Standing Higher Freq
1423	1575841285912	-0.189	-9.835	1.544	Standing Higher Freq
1424	1575841285915	-0.206	-9.84	1.523	Standing Higher Freq
1425	1575841285918	-0.22	-9.821	1.468	Standing Higher Freq
1426	1575841285919	-0.23	-9.789	1.401	Standing Higher Freq
1427	1575841285922	-0.242	-9.782	1.336	Standing Higher Freq
1428	1575841285925	-0.244	-9.766	1.288	Standing Higher Freq
1429	1575841285927	-0.242	-9.742	1.247	Standing Higher Freq
1430	1575841285929	-0.261	-9.722	1.202	Standing Higher Freq
1431	1575841285932	-0.259	-9.718	1.152	Standing Higher Freq
1432	1575841285934	-0.247	-9.715	1.108	Standing Higher Freq
1433	1575841285937	-0.263	-9.715	1.092	Standing Higher Freq
1434	1575841285940	-0.28	-9.72	1.07	Standing Higher Freq
1435	1575841285942	-0.275	-9.718	1.041	Standing Higher Freq
1436	1575841285944	-0.285	-9.701	1.015	Standing Higher Freq
1437	1575841285947	-0.309	-9.67	0.986	Standing Higher Freq
1438	1575841285949	-0.326	-9.643	0.972	Standing Higher Freq
1439	1575841285952	-0.335	-9.631	0.977	Standing Higher Freq
1440	1575841285954	-0.33	-9.624	0.977	Standing Higher Freq
1441	1575841285957	-0.342	-9.612	0.965	Standing Higher Freq
1442	1575841285959	-0.364	-9.608	0.977	Standing Higher Freq
1443	1575841285962	-0.378	-9.603	0.996	Standing Higher Freq
1444	1575841285964	-0.393	-9.591	1.017	Standing Higher Freq
1445	1575841285966	-0.4	-9.584	1.044	Standing Higher Freq
1446	1575841285969	-0.4	-9.579	1.053	Standing Higher Freq
1447	1575841285971	-0.409	-9.567	1.075	Standing Higher Freq
1448	1575841285974	-0.414	-9.564	1.118	Standing Higher Freq
1449	1575841285976	-0.414	-9.576	1.142	Standing Higher Freq
1450	1575841285979	-0.409	-9.596	1.147	Standing Higher Freq
1451	1575841285981	-0.405	-9.605	1.14	Standing Higher Freq
1452	1575841285984	-0.417	-9.605	1.132	Standing Higher Freq
1453	1575841285986	-0.421	-9.617	1.137	Standing Higher Freq
1454	1575841285988	-0.433	-9.617	1.152	Standing Higher Freq
1455	1575841285991	-0.452	-9.605	1.14	Standing Higher Freq
1456	1575841285993	-0.46	-9.608	1.111	Standing Higher Freq
1457	1575841285996	-0.455	-9.61	1.108	Standing Higher Freq
1458	1575841285999	-0.441	-9.615	1.092	Standing Higher Freq
1459	1575841286001	-0.421	-9.603	1.061	Standing Higher Freq
1460	1575841286004	-0.424	-9.586	1.037	Standing Higher Freq
1461	1575841286006	-0.436	-9.584	1.006	Standing Higher Freq
1462	1575841286008	-0.452	-9.588	0.984	Standing Higher Freq
1463	1575841286011	-0.484	-9.598	0.948	Standing Higher Freq
1464	1575841286013	-0.515	-9.605	0.915	Standing Higher Freq
1465	1575841286016	-0.536	-9.605	0.888	Standing Higher Freq
1466	1575841286018	-0.551	-9.619	0.864	Standing Higher Freq
1467	1575841286020	-0.555	-9.619	0.845	Standing Higher Freq
1468	1575841286024	-0.558	-9.615	0.833	Standing Higher Freq
1469	1575841286026	-0.575	-9.622	0.824	Standing Higher Freq
1470	1575841286028	-0.575	-9.629	0.812	Standing Higher Freq
1471	1575841286030	-0.565	-9.651	0.795	Standing Higher Freq
1472	1575841286033	-0.565	-9.663	0.771	Standing Higher Freq
1473	1575841286036	-0.577	-9.677	0.778	Standing Higher Freq
1474	1575841286038	-0.572	-9.682	0.795	Standing Higher Freq
1475	1575841286040	-0.558	-9.679	0.807	Standing Higher Freq
1476	1575841286043	-0.531	-9.694	0.821	Standing Higher Freq
1477	1575841286045	-0.496	-9.691	0.845	Standing Higher Freq
1478	1575841286048	-0.472	-9.696	0.895	Standing Higher Freq
1479	1575841286050	-0.46	-9.698	0.95	Standing Higher Freq
1480	1575841286052	-0.455	-9.694	0.986	Standing Higher Freq
1481	1575841286055	-0.443	-9.691	0.996	Standing Higher Freq
1482	1575841286058	-0.429	-9.706	1.046	Standing Higher Freq
1483	1575841286060	-0.438	-9.73	1.123	Standing Higher Freq
1484	1575841286062	-0.448	-9.727	1.156	Standing Higher Freq
1485	1575841286065	-0.445	-9.708	1.173	Standing Higher Freq
1486	1575841286067	-0.443	-9.706	1.195	Standing Higher Freq
1487	1575841286070	-0.455	-9.703	1.226	Standing Higher Freq
1488	1575841286072	-0.472	-9.701	1.259	Standing Higher Freq
1489	1575841286075	-0.486	-9.701	1.288	Standing Higher Freq
1490	1575841286077	-0.496	-9.694	1.312	Standing Higher Freq
1491	1575841286080	-0.496	-9.698	1.329	Standing Higher Freq
1492	1575841286082	-0.515	-9.694	1.345	Standing Higher Freq
1493	1575841286084	-0.539	-9.682	1.271	Standing Higher Freq
1494	1575841286086	-0.558	-9.727	1.168	Standing Higher Freq
1495	1575841286088	-0.563	-9.849	1.149	Standing Higher Freq
1496	1575841286091	-0.486	-9.919	1.137	Standing Higher Freq
1497	1575841286094	-0.354	-9.83	1.125	Standing Higher Freq
1498	1575841286097	-0.259	-9.66	1.08	Standing Higher Freq
1499	1575841286099	-0.208	-9.55	0.965	Standing Higher Freq
1500	1575841286101	-0.213	-9.572	0.814	Standing Higher Freq
1501	1575841286103	-0.278	-9.687	0.721	Standing Higher Freq
1502	1575841286106	-0.335	-9.792	0.766	Standing Higher Freq
1503	1575841286108	-0.357	-9.837	0.905	Standing Higher Freq
1504	1575841286111	-0.347	-9.818	1.077	Standing Higher Freq
1505	1575841286113	-0.304	-9.77	1.238	Standing Higher Freq
1506	1575841286116	-0.244	-9.742	1.345	Standing Higher Freq
1507	1575841286118	-0.199	-9.742	1.429	Standing Higher Freq
1508	1575841286121	-0.184	-9.77	1.513	Standing Higher Freq
1509	1575841286123	-0.184	-9.792	1.606	Standing Higher Freq
1510	1575841286125	-0.199	-9.787	1.702	Standing Higher Freq
1511	1575841286128	-0.227	-9.799	1.755	Standing Higher Freq
1512	1575841286130	-0.23	-9.804	1.779	Standing Higher Freq
1513	1575841286133	-0.232	-9.804	1.784	Standing Higher Freq
1514	1575841286135	-0.278	-9.809	1.743	Standing Higher Freq
1515	1575841286138	-0.33	-9.809	1.712	Standing Higher Freq
1516	1575841286140	-0.366	-9.83	1.697	Standing Higher Freq
1517	1575841286143	-0.397	-9.847	1.676	Standing Higher Freq
1518	1575841286145	-0.405	-9.835	1.633	Standing Higher Freq
1519	1575841286148	-0.378	-9.799	1.597	Standing Higher Freq
1520	1575841286150	-0.335	-9.761	1.58	Standing Higher Freq
1521	1575841286153	-0.285	-9.734	1.537	Standing Higher Freq
1522	1575841286155	-0.239	-9.718	1.492	Standing Higher Freq
1523	1575841286158	-0.199	-9.706	1.47	Standing Higher Freq
1524	1575841286160	-0.141	-9.701	1.468	Standing Higher Freq
1525	1575841286163	-0.079	-9.698	1.46	Standing Higher Freq
1526	1575841286165	-0.043	-9.698	1.436	Standing Higher Freq
1527	1575841286167	-0.036	-9.694	1.434	Standing Higher Freq
1528	1575841286170	-0.048	-9.675	1.427	Standing Higher Freq
1529	1575841286173	-0.084	-9.667	1.415	Standing Higher Freq
1530	1575841286175	-0.122	-9.67	1.413	Standing Higher Freq
1531	1575841286177	-0.156	-9.66	1.391	Standing Higher Freq
